date,site_id,consumed_tonnes,predicted_tonnes,cement_type,opening_inventory_tonnes,deliveries_tonnes,closing_inventory_tonnes,silo_capacity,inventory_change,starting_inventory,inventory_tonnes,stockout_risk,overcapacity_risk,average_daily_demand,reorder_point_tonnes,low_stock_risk,risk_status,target_inventory_tonnes,reorder_quantity_tonnes,recommended_action
2024-11-06,SITE_001,31.27,34.87799999999999,CEM_III,6.1,25.17,0.0,448,-9.707999999999991,6.1,-3.607999999999992,True,False,27.61174821428571,82.83524464285713,False,Stockout,82.83524464285713,86.44,Emergency Reorder
2024-11-07,SITE_001,26.91,23.23759999999999,CEM_I,0.0,41.23,14.32,448,17.992400000000007,6.1,14.384400000000015,False,False,27.61174821428571,82.83524464285713,True,Low Stock,82.83524464285713,68.45,Place Reorder
2024-11-08,SITE_001,45.03,30.8429,CEM_III,14.32,48.88,18.17,448,18.0371,6.1,32.421500000000016,False,False,27.61174821428571,82.83524464285713,True,Low Stock,82.83524464285713,50.41,Place Reorder
2024-11-09,SITE_001,42.58,35.52450000000001,CEM_III,18.17,36.63,12.22,448,1.1054999999999922,6.1,33.52700000000001,False,False,27.61174821428571,82.83524464285713,True,Low Stock,82.83524464285713,49.31,Place Reorder
2024-11-10,SITE_001,28.89,37.55999999999997,CEM_I,12.22,16.67,0.0,448,-20.889999999999965,6.1,12.637000000000045,False,False,27.61174821428571,82.83524464285713,True,Low Stock,82.83524464285713,70.2,Place Reorder
2024-11-11,SITE_001,13.57,23.0634,CEM_II,0.0,16.96,3.39,448,-6.103400000000001,6.1,6.533600000000044,False,False,27.61174821428571,82.83524464285713,True,Low Stock,82.83524464285713,76.3,Place Reorder
2024-11-12,SITE_001,31.12,28.0784,CEM_III,3.39,36.92,9.19,448,8.841600000000003,6.1,15.375200000000047,False,False,27.61174821428571,82.83524464285713,True,Low Stock,82.83524464285713,67.46,Place Reorder
2024-11-13,SITE_001,0.0,0.0,CEM_II,9.19,17.62,26.81,448,17.62,6.1,32.99520000000005,False,False,27.61174821428571,82.83524464285713,True,Low Stock,82.83524464285713,49.84,Place Reorder
2024-11-14,SITE_001,58.23,37.28630000000001,CEM_I,26.81,36.58,5.16,448,-0.706300000000013,6.1,32.288900000000034,False,False,27.61174821428571,82.83524464285713,True,Low Stock,82.83524464285713,50.55,Place Reorder
2024-11-15,SITE_001,25.39,37.36369999999999,CEM_II,5.16,20.23,0.0,448,-17.133699999999987,6.1,15.155200000000049,False,False,27.61174821428571,82.83524464285713,True,Low Stock,82.83524464285713,67.68,Place Reorder
2024-11-16,SITE_001,38.54,35.96699999999999,CEM_I,0.0,38.54,0.0,448,2.5730000000000075,6.1,17.728200000000058,False,False,27.61174821428571,82.83524464285713,True,Low Stock,82.83524464285713,65.11,Place Reorder
2024-11-17,SITE_001,13.41,29.527200000000004,CEM_I,0.0,13.41,0.0,448,-16.117200000000004,6.1,1.6110000000000522,False,False,27.61174821428571,82.83524464285713,True,Low Stock,82.83524464285713,81.22,Place Reorder
2024-11-18,SITE_001,17.97,22.868,CEM_II,0.0,22.46,4.49,448,-0.4079999999999977,6.1,1.2030000000000545,False,False,27.61174821428571,82.83524464285713,True,Low Stock,82.83524464285713,81.63,Place Reorder
2024-11-19,SITE_001,29.78,31.840499999999988,CEM_III,4.49,25.29,0.0,448,-6.550499999999989,6.1,-5.347499999999934,True,False,27.61174821428571,82.83524464285713,False,Stockout,82.83524464285713,88.18,Emergency Reorder
2024-11-20,SITE_001,24.78,32.753400000000006,CEM_III,0.0,30.97,6.19,448,-1.7834000000000074,6.1,-7.130899999999942,True,False,27.61174821428571,82.83524464285713,False,Stockout,82.83524464285713,89.97,Emergency Reorder
2024-11-21,SITE_001,30.66,28.0686,CEM_I,6.19,38.94,14.47,448,10.871399999999998,6.1,3.740500000000056,False,False,27.61174821428571,82.83524464285713,True,Low Stock,82.83524464285713,79.09,Place Reorder
2024-11-22,SITE_001,38.85,34.6299,CEM_III,14.47,24.38,0.0,448,-10.2499,6.1,-6.509399999999944,True,False,27.61174821428571,82.83524464285713,False,Stockout,82.83524464285713,89.34,Emergency Reorder
2024-11-23,SITE_001,37.3,34.28030000000001,CEM_II,0.0,37.3,0.0,448,3.019699999999986,6.1,-3.4896999999999583,True,False,27.61174821428571,82.83524464285713,False,Stockout,82.83524464285713,86.32,Emergency Reorder
2024-11-24,SITE_001,13.38,25.999200000000005,CEM_I,0.0,16.73,3.35,448,-9.269200000000003,6.1,-12.758899999999963,True,False,27.61174821428571,82.83524464285713,False,Stockout,82.83524464285713,95.59,Emergency Reorder
2024-11-25,SITE_001,38.59,34.77400000000001,CEM_I,3.35,35.81,0.57,448,1.0359999999999945,6.1,-11.722899999999967,True,False,27.61174821428571,82.83524464285713,False,Stockout,82.83524464285713,94.56,Emergency Reorder
2024-11-26,SITE_001,34.42,30.830199999999987,CEM_III,0.57,33.85,0.0,448,3.0198000000000143,6.1,-8.703099999999955,True,False,27.61174821428571,82.83524464285713,False,Stockout,82.83524464285713,91.54,Emergency Reorder
2024-11-27,SITE_001,0.0,0.0,CEM_III,0.0,15.95,15.95,448,15.95,6.1,7.2469000000000445,False,False,27.61174821428571,82.83524464285713,True,Low Stock,82.83524464285713,75.59,Place Reorder
2024-11-28,SITE_001,35.0,29.94349999999999,CEM_I,15.95,36.94,17.89,448,6.996500000000008,6.1,14.243400000000053,False,False,27.61174821428571,82.83524464285713,True,Low Stock,82.83524464285713,68.59,Place Reorder
2024-11-29,SITE_001,30.53,29.56759999999999,CEM_I,17.89,20.28,7.64,448,-9.28759999999999,6.1,4.955800000000062,False,False,27.61174821428571,82.83524464285713,True,Low Stock,82.83524464285713,77.88,Place Reorder
2024-11-30,SITE_001,31.17,37.52369999999999,CEM_I,7.64,23.53,0.0,448,-13.99369999999999,6.1,-9.037899999999928,True,False,27.61174821428571,82.83524464285713,False,Stockout,82.83524464285713,91.87,Emergency Reorder
2024-12-01,SITE_001,0.0,0.0,CEM_II,0.0,39.65,39.65,448,39.65,6.1,30.61210000000007,False,False,27.61174821428571,82.83524464285713,True,Low Stock,82.83524464285713,52.22,Place Reorder
2024-12-02,SITE_001,49.37,35.02420000000001,CEM_I,39.65,39.32,29.6,448,4.295799999999993,6.1,34.90790000000006,False,False,27.61174821428571,82.83524464285713,True,Low Stock,82.83524464285713,47.93,Place Reorder
2024-12-03,SITE_001,52.28,35.25890000000001,CEM_II,29.6,32.6,9.92,448,-2.65890000000001,6.1,32.24900000000005,False,False,27.61174821428571,82.83524464285713,True,Low Stock,82.83524464285713,50.59,Place Reorder
2024-12-04,SITE_001,34.22,27.05330000000001,CEM_II,9.92,32.46,8.16,448,5.40669999999999,6.1,37.655700000000046,False,False,27.61174821428571,82.83524464285713,True,Low Stock,82.83524464285713,45.18,Place Reorder
2024-12-05,SITE_001,40.11,40.76819999999999,CEM_III,8.16,31.95,0.0,448,-8.818199999999994,6.1,28.83750000000005,False,False,27.61174821428571,82.83524464285713,True,Low Stock,82.83524464285713,54.0,Place Reorder
2024-12-06,SITE_001,0.0,0.0,CEM_III,0.0,26.55,26.55,448,26.55,6.1,55.38750000000005,False,False,27.61174821428571,82.83524464285713,True,Low Stock,82.83524464285713,27.45,Place Reorder
2024-12-07,SITE_001,36.25,30.599800000000013,CEM_II,26.55,17.58,7.88,448,-13.019800000000014,6.1,42.36770000000004,False,False,27.61174821428571,82.83524464285713,True,Low Stock,82.83524464285713,40.47,Place Reorder
2024-12-08,SITE_001,28.66,36.4066,CEM_I,7.88,20.78,0.0,448,-15.626599999999996,6.1,26.74110000000004,False,False,27.61174821428571,82.83524464285713,True,Low Stock,82.83524464285713,56.09,Place Reorder
2024-12-09,SITE_001,14.12,30.192900000000005,CEM_III,0.0,14.12,0.0,448,-16.072900000000004,6.1,10.668200000000036,False,False,27.61174821428571,82.83524464285713,True,Low Stock,82.83524464285713,72.17,Place Reorder
2024-12-10,SITE_001,47.65,32.5999,CEM_II,0.0,47.65,0.0,448,15.0501,6.1,25.718300000000035,False,False,27.61174821428571,82.83524464285713,True,Low Stock,82.83524464285713,57.12,Place Reorder
2024-12-11,SITE_001,32.11,37.81189999999998,CEM_I,0.0,32.11,0.0,448,-5.701899999999981,6.1,20.01640000000005,False,False,27.61174821428571,82.83524464285713,True,Low Stock,82.83524464285713,62.82,Place Reorder
2024-12-12,SITE_001,36.27,34.63799999999998,CEM_II,0.0,36.27,0.0,448,1.6320000000000263,6.1,21.64840000000008,False,False,27.61174821428571,82.83524464285713,True,Low Stock,82.83524464285713,61.19,Place Reorder
2024-12-13,SITE_001,29.37,32.95290000000001,CEM_I,0.0,29.37,0.0,448,-3.5829000000000057,6.1,18.06550000000008,False,False,27.61174821428571,82.83524464285713,True,Low Stock,82.83524464285713,64.77,Place Reorder
2024-12-14,SITE_001,0.0,0.0,CEM_III,0.0,29.97,29.97,448,29.97,6.1,48.03550000000008,False,False,27.61174821428571,82.83524464285713,True,Low Stock,82.83524464285713,34.8,Place Reorder
2024-12-15,SITE_001,41.61,33.7519,CEM_II,29.97,11.64,0.0,448,-22.1119,6.1,25.92360000000008,False,False,27.61174821428571,82.83524464285713,True,Low Stock,82.83524464285713,56.91,Place Reorder
2024-12-16,SITE_001,38.09,38.250799999999984,CEM_I,0.0,38.09,0.0,448,-0.1607999999999805,6.1,25.762800000000095,False,False,27.61174821428571,82.83524464285713,True,Low Stock,82.83524464285713,57.07,Place Reorder
2024-12-17,SITE_001,32.12,29.3803,CEM_III,0.0,40.65,8.53,448,11.2697,6.1,37.0325000000001,False,False,27.61174821428571,82.83524464285713,True,Low Stock,82.83524464285713,45.8,Place Reorder
2024-12-18,SITE_001,46.41,29.538500000000013,CEM_III,8.53,40.15,2.27,448,10.611499999999984,6.1,47.64400000000008,False,False,27.61174821428571,82.83524464285713,True,Low Stock,82.83524464285713,35.19,Place Reorder
2024-12-19,SITE_001,37.46,34.6136,CEM_II,2.27,35.19,0.0,448,0.5763999999999996,6.1,48.22040000000008,False,False,27.61174821428571,82.83524464285713,True,Low Stock,82.83524464285713,34.61,Place Reorder
2024-12-20,SITE_001,16.55,33.1898,CEM_II,0.0,16.55,0.0,448,-16.639799999999997,6.1,31.58060000000008,False,False,27.61174821428571,82.83524464285713,True,Low Stock,82.83524464285713,51.25,Place Reorder
2024-12-21,SITE_001,18.71,29.7744,CEM_I,0.0,18.71,0.0,448,-11.0644,6.1,20.516200000000083,False,False,27.61174821428571,82.83524464285713,True,Low Stock,82.83524464285713,62.32,Place Reorder
2024-12-22,SITE_001,0.0,0.0,CEM_I,0.0,48.52,48.52,448,48.52,6.1,69.03620000000008,False,False,27.61174821428571,82.83524464285713,True,Low Stock,82.83524464285713,13.8,Place Reorder
2024-12-23,SITE_001,0.0,0.0,CEM_III,48.52,13.39,61.91,448,13.39,6.1,82.42620000000008,False,False,27.61174821428571,82.83524464285713,True,Low Stock,82.83524464285713,0.41,Place Reorder
2024-12-24,SITE_001,40.47,29.7383,CEM_III,61.91,18.27,39.71,448,-11.4683,6.1,70.95790000000008,False,False,27.61174821428571,82.83524464285713,True,Low Stock,82.83524464285713,11.88,Place Reorder
2024-12-25,SITE_001,53.97,37.156600000000005,CEM_II,39.71,19.32,5.06,448,-17.836600000000004,6.1,53.12130000000009,False,False,27.61174821428571,82.83524464285713,True,Low Stock,82.83524464285713,29.71,Place Reorder
2024-12-26,SITE_001,42.11,30.532399999999992,CEM_III,5.06,37.05,0.0,448,6.517600000000005,6.1,59.6389000000001,False,False,27.61174821428571,82.83524464285713,True,Low Stock,82.83524464285713,23.2,Place Reorder
2024-12-27,SITE_001,24.61,26.269499999999983,CEM_I,0.0,24.61,0.0,448,-1.6594999999999835,6.1,57.97940000000011,False,False,27.61174821428571,82.83524464285713,True,Low Stock,82.83524464285713,24.86,Place Reorder
2024-12-28,SITE_001,20.01,26.269600000000004,CEM_II,0.0,20.01,0.0,448,-6.2596000000000025,6.1,51.71980000000011,False,False,27.61174821428571,82.83524464285713,True,Low Stock,82.83524464285713,31.12,Place Reorder
2024-12-29,SITE_001,31.84,29.551199999999994,CEM_I,0.0,34.94,3.1,448,5.388800000000003,6.1,57.10860000000012,False,False,27.61174821428571,82.83524464285713,True,Low Stock,82.83524464285713,25.73,Place Reorder
2024-12-30,SITE_001,0.0,0.0,CEM_II,3.1,32.37,35.47,448,32.37,6.1,89.4786000000001,False,False,27.61174821428571,82.83524464285713,False,Normal,82.83524464285713,0.0,No Action
2024-12-31,SITE_001,52.31,38.52649999999999,CEM_II,35.47,22.69,5.85,448,-15.83649999999999,6.1,73.64210000000011,False,False,27.61174821428571,82.83524464285713,True,Low Stock,82.83524464285713,9.19,Place Reorder
2024-11-06,SITE_002,13.89,13.890600000000015,CEM_I,19068.7,12.22,19067.03,288,-1.6706000000000143,19068.7,19067.0294,False,True,12.171601785714287,36.51480535714286,False,Overcapacity,36.51480535714286,0.0,Pause Delivery
2024-11-07,SITE_002,13.51,13.501,CEM_III,19067.03,27.08,19080.6,288,13.579,19068.7,19080.6084,False,True,12.171601785714287,36.51480535714286,False,Overcapacity,36.51480535714286,0.0,Pause Delivery
2024-11-08,SITE_002,9.37,9.370200000000004,CEM_I,19080.6,49.96,19121.19,288,40.5898,19068.7,19121.1982,False,True,12.171601785714287,36.51480535714286,False,Overcapacity,36.51480535714286,0.0,Pause Delivery
2024-11-09,SITE_002,4.28,4.289900000000003,CEM_II,19121.19,14.43,19131.34,288,10.140099999999997,19068.7,19131.3383,False,True,12.171601785714287,36.51480535714286,False,Overcapacity,36.51480535714286,0.0,Pause Delivery
2024-11-10,SITE_002,11.36,11.3598,CEM_III,19131.34,18.53,19138.51,288,7.170200000000001,19068.7,19138.5085,False,True,12.171601785714287,36.51480535714286,False,Overcapacity,36.51480535714286,0.0,Pause Delivery
2024-11-11,SITE_002,6.31,6.309599999999996,CEM_III,19138.51,44.16,19176.36,288,37.8504,19068.7,19176.3589,False,True,12.171601785714287,36.51480535714286,False,Overcapacity,36.51480535714286,0.0,Pause Delivery
2024-11-12,SITE_002,15.48,15.477300000000014,CEM_I,19176.36,29.14,19190.02,288,13.662699999999989,19068.7,19190.0216,False,True,12.171601785714287,36.51480535714286,False,Overcapacity,36.51480535714286,0.0,Pause Delivery
2024-11-13,SITE_002,8.38,8.379999999999997,CEM_II,19190.02,45.07,19226.71,288,36.690000000000005,19068.7,19226.7116,False,True,12.171601785714287,36.51480535714286,False,Overcapacity,36.51480535714286,0.0,Pause Delivery
2024-11-14,SITE_002,7.5,7.491800000000004,CEM_III,19226.71,36.15,19255.36,288,28.658199999999997,19068.7,19255.3698,False,True,12.171601785714287,36.51480535714286,False,Overcapacity,36.51480535714286,0.0,Pause Delivery
2024-11-15,SITE_002,15.52,15.60079999999999,CEM_I,19255.36,26.03,19265.87,288,10.42920000000001,19068.7,19265.799,False,True,12.171601785714287,36.51480535714286,False,Overcapacity,36.51480535714286,0.0,Pause Delivery
2024-11-16,SITE_002,10.38,10.3772,CEM_III,19265.87,27.02,19282.51,288,16.6428,19068.7,19282.4418,False,True,12.171601785714287,36.51480535714286,False,Overcapacity,36.51480535714286,0.0,Pause Delivery
2024-11-17,SITE_002,10.57,10.572100000000018,CEM_I,19282.51,48.33,19320.27,288,37.75789999999998,19068.7,19320.1997,False,True,12.171601785714287,36.51480535714286,False,Overcapacity,36.51480535714286,0.0,Pause Delivery
2024-11-18,SITE_002,9.54,9.540399999999988,CEM_III,19320.27,30.06,19340.79,288,20.51960000000001,19068.7,19340.7193,False,True,12.171601785714287,36.51480535714286,False,Overcapacity,36.51480535714286,0.0,Pause Delivery
2024-11-19,SITE_002,12.33,12.329400000000003,CEM_III,19340.79,13.36,19341.82,288,1.0305999999999962,19068.7,19341.749900000003,False,True,12.171601785714287,36.51480535714286,False,Overcapacity,36.51480535714286,0.0,Pause Delivery
2024-11-20,SITE_002,6.5,6.499300000000001,CEM_III,19341.82,26.46,19361.78,288,19.9607,19068.7,19361.7106,False,True,12.171601785714287,36.51480535714286,False,Overcapacity,36.51480535714286,0.0,Pause Delivery
2024-11-21,SITE_002,6.6,6.599600000000012,CEM_III,19361.78,44.96,19400.14,288,38.36039999999999,19068.7,19400.071,False,True,12.171601785714287,36.51480535714286,False,Overcapacity,36.51480535714286,0.0,Pause Delivery
2024-11-22,SITE_002,13.73,13.730200000000014,CEM_I,19400.14,23.03,19409.44,288,9.299799999999989,19068.7,19409.3708,False,True,12.171601785714287,36.51480535714286,False,Overcapacity,36.51480535714286,0.0,Pause Delivery
2024-11-23,SITE_002,19.94,19.93900000000004,CEM_I,19409.44,43.98,19433.48,288,24.04099999999996,19068.7,19433.4118,False,True,12.171601785714287,36.51480535714286,False,Overcapacity,36.51480535714286,0.0,Pause Delivery
2024-11-24,SITE_002,19.13,19.12900000000003,CEM_II,19433.48,35.82,19450.17,288,16.69099999999997,19068.7,19450.1028,False,True,12.171601785714287,36.51480535714286,False,Overcapacity,36.51480535714286,0.0,Pause Delivery
2024-11-25,SITE_002,15.27,15.262299999999993,CEM_I,19450.17,24.33,19459.23,288,9.067700000000006,19068.7,19459.1705,False,True,12.171601785714287,36.51480535714286,False,Overcapacity,36.51480535714286,0.0,Pause Delivery
2024-11-26,SITE_002,11.78,11.780599999999982,CEM_I,19459.23,31.35,19478.8,288,19.56940000000002,19068.7,19478.7399,False,True,12.171601785714287,36.51480535714286,False,Overcapacity,36.51480535714286,0.0,Pause Delivery
2024-11-27,SITE_002,10.5,10.4994,CEM_II,19478.8,12.6,19480.9,288,2.1006,19068.7,19480.8405,False,True,12.171601785714287,36.51480535714286,False,Overcapacity,36.51480535714286,0.0,Pause Delivery
2024-11-28,SITE_002,15.23,15.230100000000014,CEM_I,19480.9,14.42,19480.09,288,-0.8101000000000145,19068.7,19480.0304,False,True,12.171601785714287,36.51480535714286,False,Overcapacity,36.51480535714286,0.0,Pause Delivery
2024-11-29,SITE_002,8.24,8.241000000000007,CEM_II,19480.09,13.41,19485.26,288,5.168999999999993,19068.7,19485.1994,False,True,12.171601785714287,36.51480535714286,False,Overcapacity,36.51480535714286,0.0,Pause Delivery
2024-11-30,SITE_002,11.31,11.309499999999971,CEM_I,19485.26,48.93,19522.88,288,37.62050000000003,19068.7,19522.8199,False,True,12.171601785714287,36.51480535714286,False,Overcapacity,36.51480535714286,0.0,Pause Delivery
2024-12-01,SITE_002,0.0,0.0,CEM_II,19522.88,11.11,19533.99,288,11.11,19068.7,19533.9299,False,True,12.171601785714287,36.51480535714286,False,Overcapacity,36.51480535714286,0.0,Pause Delivery
2024-12-02,SITE_002,19.57,19.57039999999997,CEM_III,19533.99,47.82,19562.24,288,28.249600000000022,19068.7,19562.1795,False,True,12.171601785714287,36.51480535714286,False,Overcapacity,36.51480535714286,0.0,Pause Delivery
2024-12-03,SITE_002,13.78,13.770899999999989,CEM_I,19562.24,49.29,19597.75,288,35.51910000000001,19068.7,19597.6986,False,True,12.171601785714287,36.51480535714286,False,Overcapacity,36.51480535714286,0.0,Pause Delivery
2024-12-04,SITE_002,7.58,7.58030000000001,CEM_II,19597.75,27.75,19617.92,288,20.16969999999999,19068.7,19617.8683,False,True,12.171601785714287,36.51480535714286,False,Overcapacity,36.51480535714286,0.0,Pause Delivery
2024-12-05,SITE_002,18.62,18.62079999999997,CEM_III,19617.92,10.25,19609.55,288,-8.370799999999974,19068.7,19609.4975,False,True,12.171601785714287,36.51480535714286,False,Overcapacity,36.51480535714286,0.0,Pause Delivery
2024-12-06,SITE_002,18.81,18.808499999999963,CEM_III,19609.55,16.21,19606.95,288,-2.5984999999999623,19068.7,19606.899,False,True,12.171601785714287,36.51480535714286,False,Overcapacity,36.51480535714286,0.0,Pause Delivery
2024-12-07,SITE_002,12.23,12.229600000000012,CEM_I,19606.95,34.64,19629.36,288,22.41039999999999,19068.7,19629.3094,False,True,12.171601785714287,36.51480535714286,False,Overcapacity,36.51480535714286,0.0,Pause Delivery
2024-12-08,SITE_002,15.34,15.33989999999998,CEM_II,19629.36,48.63,19662.65,288,33.290100000000024,19068.7,19662.5995,False,True,12.171601785714287,36.51480535714286,False,Overcapacity,36.51480535714286,0.0,Pause Delivery
2024-12-09,SITE_002,13.48,13.480200000000014,CEM_I,19662.65,39.58,19688.75,288,26.099799999999984,19068.7,19688.6993,False,True,12.171601785714287,36.51480535714286,False,Overcapacity,36.51480535714286,0.0,Pause Delivery
2024-12-10,SITE_002,19.4,19.40040000000004,CEM_III,19688.75,19.86,19689.21,288,0.4595999999999591,19068.7,19689.1589,False,True,12.171601785714287,36.51480535714286,False,Overcapacity,36.51480535714286,0.0,Pause Delivery
2024-12-11,SITE_002,18.0,18.0002,CEM_III,19689.21,37.01,19708.22,288,19.0098,19068.7,19708.1687,False,True,12.171601785714287,36.51480535714286,False,Overcapacity,36.51480535714286,0.0,Pause Delivery
2024-12-12,SITE_002,15.2,15.200300000000029,CEM_I,19708.22,29.02,19722.04,288,13.81969999999997,19068.7,19721.9884,False,True,12.171601785714287,36.51480535714286,False,Overcapacity,36.51480535714286,0.0,Pause Delivery
2024-12-13,SITE_002,5.64,5.638399999999991,CEM_I,19722.04,31.49,19747.89,288,25.85160000000001,19068.7,19747.84,False,True,12.171601785714287,36.51480535714286,False,Overcapacity,36.51480535714286,0.0,Pause Delivery
2024-12-14,SITE_002,13.15,13.14950000000001,CEM_III,19747.89,24.68,19759.42,288,11.53049999999999,19068.7,19759.3705,False,True,12.171601785714287,36.51480535714286,False,Overcapacity,36.51480535714286,0.0,Pause Delivery
2024-12-15,SITE_002,7.62,7.620300000000003,CEM_III,19759.42,16.01,19767.81,288,8.389699999999998,19068.7,19767.7602,False,True,12.171601785714287,36.51480535714286,False,Overcapacity,36.51480535714286,0.0,Pause Delivery
2024-12-16,SITE_002,4.51,4.534899999999996,CEM_II,19767.81,20.98,19784.28,288,16.445100000000004,19068.7,19784.2053,False,True,12.171601785714287,36.51480535714286,False,Overcapacity,36.51480535714286,0.0,Pause Delivery
2024-12-17,SITE_002,9.14,9.139899999999988,CEM_I,19784.28,21.53,19796.67,288,12.390100000000013,19068.7,19796.5954,False,True,12.171601785714287,36.51480535714286,False,Overcapacity,36.51480535714286,0.0,Pause Delivery
2024-12-18,SITE_002,16.6,16.574499999999976,CEM_II,19796.67,25.26,19805.33,288,8.685500000000026,19068.7,19805.2809,False,True,12.171601785714287,36.51480535714286,False,Overcapacity,36.51480535714286,0.0,Pause Delivery
2024-12-19,SITE_002,11.06,11.059199999999974,CEM_I,19805.33,17.24,19811.51,288,6.1808000000000245,19068.7,19811.4617,False,True,12.171601785714287,36.51480535714286,False,Overcapacity,36.51480535714286,0.0,Pause Delivery
2024-12-20,SITE_002,9.06,9.05989999999998,CEM_II,19811.51,20.14,19822.59,288,11.08010000000002,19068.7,19822.5418,False,True,12.171601785714287,36.51480535714286,False,Overcapacity,36.51480535714286,0.0,Pause Delivery
2024-12-21,SITE_002,7.54,7.539799999999994,CEM_II,19822.59,38.07,19853.12,288,30.530200000000008,19068.7,19853.072,False,True,12.171601785714287,36.51480535714286,False,Overcapacity,36.51480535714286,0.0,Pause Delivery
2024-12-22,SITE_002,19.63,19.62970000000005,CEM_II,19853.12,42.39,19875.88,288,22.76029999999995,19068.7,19875.8323,False,True,12.171601785714287,36.51480535714286,False,Overcapacity,36.51480535714286,0.0,Pause Delivery
2024-12-23,SITE_002,7.46,7.460500000000007,CEM_II,19875.88,23.19,19891.61,288,15.729499999999994,19068.7,19891.5618,False,True,12.171601785714287,36.51480535714286,False,Overcapacity,36.51480535714286,0.0,Pause Delivery
2024-12-24,SITE_002,16.49,16.489600000000006,CEM_II,19891.61,32.62,19907.74,288,16.13039999999999,19068.7,19907.6922,False,True,12.171601785714287,36.51480535714286,False,Overcapacity,36.51480535714286,0.0,Pause Delivery
2024-12-25,SITE_002,18.64,18.640500000000035,CEM_II,19907.74,16.95,19906.05,288,-1.6905000000000356,19068.7,19906.0017,False,True,12.171601785714287,36.51480535714286,False,Overcapacity,36.51480535714286,0.0,Pause Delivery
2024-12-26,SITE_002,13.73,13.730700000000011,CEM_I,19906.05,23.24,19915.56,288,9.509299999999987,19068.7,19915.511,False,True,12.171601785714287,36.51480535714286,False,Overcapacity,36.51480535714286,0.0,Pause Delivery
2024-12-27,SITE_002,8.09,8.090600000000006,CEM_III,19915.56,11.74,19919.21,288,3.649399999999994,19068.7,19919.1604,False,True,12.171601785714287,36.51480535714286,False,Overcapacity,36.51480535714286,0.0,Pause Delivery
2024-12-28,SITE_002,7.56,7.559399999999983,CEM_III,19919.21,25.77,19937.42,288,18.210600000000017,19068.7,19937.371,False,True,12.171601785714287,36.51480535714286,False,Overcapacity,36.51480535714286,0.0,Pause Delivery
2024-12-29,SITE_002,15.02,15.020399999999986,CEM_I,19937.42,34.54,19956.94,288,19.51960000000001,19068.7,19956.8906,False,True,12.171601785714287,36.51480535714286,False,Overcapacity,36.51480535714286,0.0,Pause Delivery
2024-12-30,SITE_002,13.09,13.089999999999993,CEM_III,19956.94,16.37,19960.22,288,3.280000000000008,19068.7,19960.1706,False,True,12.171601785714287,36.51480535714286,False,Overcapacity,36.51480535714286,0.0,Pause Delivery
2024-12-31,SITE_002,18.87,18.87029999999997,CEM_I,19960.22,22.02,19963.37,288,3.1497000000000317,19068.7,19963.3203,False,True,12.171601785714287,36.51480535714286,False,Overcapacity,36.51480535714286,0.0,Pause Delivery
2024-11-06,SITE_003,49.5,39.91069999999999,CEM_I,185.0,33.33,168.83,314,-6.580699999999993,185.0,178.41930000000002,False,False,30.813162499999997,92.43948749999998,False,Normal,92.43948749999998,0.0,No Action
2024-11-07,SITE_003,30.92,26.68309999999999,CEM_I,168.83,13.08,150.99,314,-13.603099999999989,185.0,164.8162,False,False,30.813162499999997,92.43948749999998,False,Normal,92.43948749999998,0.0,No Action
2024-11-08,SITE_003,57.6,41.624699999999976,CEM_II,150.99,16.75,110.14,314,-24.874699999999976,185.0,139.94150000000005,False,False,30.813162499999997,92.43948749999998,False,Normal,92.43948749999998,0.0,No Action
2024-11-09,SITE_003,47.45,34.93360000000001,CEM_III,110.14,14.75,77.44,314,-20.183600000000013,185.0,119.75790000000003,False,False,30.813162499999997,92.43948749999998,False,Normal,92.43948749999998,0.0,No Action
2024-11-10,SITE_003,31.17,26.9065,CEM_III,77.44,23.24,69.51,314,-3.6665000000000023,185.0,116.09140000000002,False,False,30.813162499999997,92.43948749999998,False,Normal,92.43948749999998,0.0,No Action
2024-11-11,SITE_003,45.34,37.46029999999999,CEM_III,69.51,18.44,42.61,314,-19.020299999999988,185.0,97.07110000000004,False,False,30.813162499999997,92.43948749999998,False,Normal,92.43948749999998,0.0,No Action
2024-11-12,SITE_003,30.38,23.698799999999995,CEM_II,42.61,31.83,44.06,314,8.131200000000003,185.0,105.20230000000004,False,False,30.813162499999997,92.43948749999998,False,Normal,92.43948749999998,0.0,No Action
2024-11-13,SITE_003,43.35,37.1951,CEM_II,44.06,26.63,27.34,314,-10.565099999999996,185.0,94.63720000000004,False,False,30.813162499999997,92.43948749999998,False,Normal,92.43948749999998,0.0,No Action
2024-11-14,SITE_003,54.26,44.20239999999996,CEM_I,27.34,32.91,5.99,314,-11.292399999999963,185.0,83.34480000000008,False,False,30.813162499999997,92.43948749999998,True,Low Stock,92.43948749999998,9.09,Place Reorder
2024-11-15,SITE_003,38.68,36.03550000000001,CEM_III,5.99,32.69,0.0,314,-3.3455000000000155,185.0,79.99930000000006,False,False,30.813162499999997,92.43948749999998,True,Low Stock,92.43948749999998,12.44,Place Reorder
2024-11-16,SITE_003,12.7,26.169400000000007,CEM_I,0.0,15.87,3.17,314,-10.299400000000007,185.0,69.69990000000006,False,False,30.813162499999997,92.43948749999998,True,Low Stock,92.43948749999998,22.74,Place Reorder
2024-11-17,SITE_003,20.06,42.95019999999999,CEM_II,3.17,16.89,0.0,314,-26.060199999999988,185.0,43.63970000000006,False,False,30.813162499999997,92.43948749999998,True,Low Stock,92.43948749999998,48.8,Place Reorder
2024-11-18,SITE_003,33.92,29.2119,CEM_II,0.0,40.91,6.99,314,11.698099999999997,185.0,55.33780000000007,False,False,30.813162499999997,92.43948749999998,True,Low Stock,92.43948749999998,37.1,Place Reorder
2024-11-19,SITE_003,30.24,26.262899999999973,CEM_III,6.99,24.76,1.51,314,-1.502899999999972,185.0,53.83490000000009,False,False,30.813162499999997,92.43948749999998,True,Low Stock,92.43948749999998,38.6,Place Reorder
2024-11-20,SITE_003,37.76,31.220799999999983,CEM_III,1.51,44.93,8.68,314,13.709200000000015,185.0,67.54410000000011,False,False,30.813162499999997,92.43948749999998,True,Low Stock,92.43948749999998,24.9,Place Reorder
2024-11-21,SITE_003,33.54,26.548099999999987,CEM_I,8.68,33.24,8.38,314,6.691900000000015,185.0,74.23600000000013,False,False,30.813162499999997,92.43948749999998,True,Low Stock,92.43948749999998,18.2,Place Reorder
2024-11-22,SITE_003,26.06,40.32079999999999,CEM_III,8.38,17.68,0.0,314,-22.64079999999999,185.0,51.59520000000015,False,False,30.813162499999997,92.43948749999998,True,Low Stock,92.43948749999998,40.84,Place Reorder
2024-11-23,SITE_003,11.63,40.44830000000001,CEM_I,0.0,11.63,0.0,314,-28.818300000000008,185.0,22.77690000000013,False,False,30.813162499999997,92.43948749999998,True,Low Stock,92.43948749999998,69.66,Place Reorder
2024-11-24,SITE_003,13.66,28.02749999999999,CEM_I,0.0,13.66,0.0,314,-14.367499999999987,185.0,8.409400000000147,False,False,30.813162499999997,92.43948749999998,True,Low Stock,92.43948749999998,84.03,Place Reorder
2024-11-25,SITE_003,30.12,37.4967,CEM_II,0.0,30.12,0.0,314,-7.376699999999996,185.0,1.0327000000001476,False,False,30.813162499999997,92.43948749999998,True,Low Stock,92.43948749999998,91.41,Place Reorder
2024-11-26,SITE_003,13.92,34.644099999999995,CEM_III,0.0,13.92,0.0,314,-20.724099999999996,185.0,-19.691399999999845,True,False,30.813162499999997,92.43948749999998,False,Stockout,92.43948749999998,112.13,Emergency Reorder
2024-11-27,SITE_003,0.0,0.0,CEM_III,0.0,31.76,31.76,314,31.76,185.0,12.068600000000146,False,False,30.813162499999997,92.43948749999998,True,Low Stock,92.43948749999998,80.37,Place Reorder
2024-11-28,SITE_003,33.71,28.90869999999999,CEM_I,31.76,49.86,47.91,314,20.95130000000001,185.0,33.01990000000015,False,False,30.813162499999997,92.43948749999998,True,Low Stock,92.43948749999998,59.42,Place Reorder
2024-11-29,SITE_003,34.67,29.14670000000001,CEM_II,47.91,15.41,28.65,314,-13.73670000000001,185.0,19.283200000000136,False,False,30.813162499999997,92.43948749999998,True,Low Stock,92.43948749999998,73.16,Place Reorder
2024-11-30,SITE_003,54.44,38.63469999999998,CEM_II,28.65,26.14,0.35,314,-12.49469999999998,185.0,6.78850000000017,False,False,30.813162499999997,92.43948749999998,True,Low Stock,92.43948749999998,85.65,Place Reorder
2024-12-01,SITE_003,34.85,33.3387,CEM_II,0.35,34.5,0.0,314,1.1612999999999971,185.0,7.949800000000152,False,False,30.813162499999997,92.43948749999998,True,Low Stock,92.43948749999998,84.49,Place Reorder
2024-12-02,SITE_003,0.0,0.0,CEM_III,0.0,28.89,28.89,314,28.89,185.0,36.83980000000017,False,False,30.813162499999997,92.43948749999998,True,Low Stock,92.43948749999998,55.6,Place Reorder
2024-12-03,SITE_003,59.08,43.4477,CEM_III,28.89,31.95,1.76,314,-11.497699999999998,185.0,25.34210000000016,False,False,30.813162499999997,92.43948749999998,True,Low Stock,92.43948749999998,67.1,Place Reorder
2024-12-04,SITE_003,30.29,28.83769999999998,CEM_I,1.76,36.62,8.09,314,7.782300000000017,185.0,33.12440000000018,False,False,30.813162499999997,92.43948749999998,True,Low Stock,92.43948749999998,59.32,Place Reorder
2024-12-05,SITE_003,26.15,28.167900000000003,CEM_II,8.09,18.06,0.0,314,-10.107900000000004,185.0,23.01650000000018,False,False,30.813162499999997,92.43948749999998,True,Low Stock,92.43948749999998,69.42,Place Reorder
2024-12-06,SITE_003,41.62,45.839500000000015,CEM_III,0.0,41.62,0.0,314,-4.219500000000018,185.0,18.797000000000168,False,False,30.813162499999997,92.43948749999998,True,Low Stock,92.43948749999998,73.64,Place Reorder
2024-12-07,SITE_003,38.61,36.8057,CEM_II,0.0,38.61,0.0,314,1.8042999999999976,185.0,20.60130000000015,False,False,30.813162499999997,92.43948749999998,True,Low Stock,92.43948749999998,71.84,Place Reorder
2024-12-08,SITE_003,33.14,29.773900000000005,CEM_II,0.0,49.95,16.81,314,20.1761,185.0,40.77740000000017,False,False,30.813162499999997,92.43948749999998,True,Low Stock,92.43948749999998,51.66,Place Reorder
2024-12-09,SITE_003,34.01,27.98280000000001,CEM_III,16.81,27.18,9.98,314,-0.802800000000012,185.0,39.97460000000015,False,False,30.813162499999997,92.43948749999998,True,Low Stock,92.43948749999998,52.46,Place Reorder
2024-12-10,SITE_003,0.0,0.0,CEM_I,9.98,27.63,37.61,314,27.63,185.0,67.60460000000015,False,False,30.813162499999997,92.43948749999998,True,Low Stock,92.43948749999998,24.83,Place Reorder
2024-12-11,SITE_003,52.35,37.73669999999999,CEM_III,37.61,24.05,9.31,314,-13.686699999999991,185.0,53.91790000000015,False,False,30.813162499999997,92.43948749999998,True,Low Stock,92.43948749999998,38.52,Place Reorder
2024-12-12,SITE_003,37.84,30.216000000000005,CEM_I,9.31,29.52,0.99,314,-0.6960000000000051,185.0,53.22190000000015,False,False,30.813162499999997,92.43948749999998,True,Low Stock,92.43948749999998,39.22,Place Reorder
2024-12-13,SITE_003,47.73,37.65259999999999,CEM_II,0.99,49.12,2.38,314,11.467400000000003,185.0,64.68930000000016,False,False,30.813162499999997,92.43948749999998,True,Low Stock,92.43948749999998,27.75,Place Reorder
2024-12-14,SITE_003,16.54,30.31809999999998,CEM_II,2.38,14.16,0.0,314,-16.15809999999998,185.0,48.53120000000018,False,False,30.813162499999997,92.43948749999998,True,Low Stock,92.43948749999998,43.91,Place Reorder
2024-12-15,SITE_003,40.04,36.63560000000001,CEM_II,0.0,40.04,0.0,314,3.4043999999999883,185.0,51.93560000000016,False,False,30.813162499999997,92.43948749999998,True,Low Stock,92.43948749999998,40.5,Place Reorder
2024-12-16,SITE_003,40.08,33.453299999999984,CEM_II,0.0,40.08,0.0,314,6.626700000000014,185.0,58.56230000000018,False,False,30.813162499999997,92.43948749999998,True,Low Stock,92.43948749999998,33.88,Place Reorder
2024-12-17,SITE_003,20.59,34.4701,CEM_II,0.0,20.59,0.0,314,-13.880100000000002,185.0,44.682200000000165,False,False,30.813162499999997,92.43948749999998,True,Low Stock,92.43948749999998,47.76,Place Reorder
2024-12-18,SITE_003,12.34,38.4192,CEM_III,0.0,12.34,0.0,314,-26.0792,185.0,18.60300000000018,False,False,30.813162499999997,92.43948749999998,True,Low Stock,92.43948749999998,73.84,Place Reorder
2024-12-19,SITE_003,25.28,30.649500000000007,CEM_I,0.0,25.28,0.0,314,-5.369500000000006,185.0,13.233500000000165,False,False,30.813162499999997,92.43948749999998,True,Low Stock,92.43948749999998,79.21,Place Reorder
2024-12-20,SITE_003,21.97,33.36679999999999,CEM_I,0.0,21.97,0.0,314,-11.396799999999992,185.0,1.836700000000178,False,False,30.813162499999997,92.43948749999998,True,Low Stock,92.43948749999998,90.6,Place Reorder
2024-12-21,SITE_003,41.88,33.29029999999998,CEM_I,0.0,41.88,0.0,314,8.589700000000022,185.0,10.4264000000002,False,False,30.813162499999997,92.43948749999998,True,Low Stock,92.43948749999998,82.01,Place Reorder
2024-12-22,SITE_003,21.59,38.15780000000001,CEM_II,0.0,21.59,0.0,314,-16.56780000000001,185.0,-6.1413999999998055,True,False,30.813162499999997,92.43948749999998,False,Stockout,92.43948749999998,98.58,Emergency Reorder
2024-12-23,SITE_003,26.62,32.778500000000015,CEM_II,0.0,26.62,0.0,314,-6.158500000000014,185.0,-12.299899999999807,True,False,30.813162499999997,92.43948749999998,False,Stockout,92.43948749999998,104.74,Emergency Reorder
2024-12-24,SITE_003,21.03,32.711400000000005,CEM_I,0.0,21.03,0.0,314,-11.681400000000004,185.0,-23.981299999999838,True,False,30.813162499999997,92.43948749999998,False,Stockout,92.43948749999998,116.42,Emergency Reorder
2024-12-25,SITE_003,0.0,0.0,CEM_III,0.0,45.7,45.7,314,45.7,185.0,21.718700000000183,False,False,30.813162499999997,92.43948749999998,True,Low Stock,92.43948749999998,70.72,Place Reorder
2024-12-26,SITE_003,57.01,42.8802,CEM_I,45.7,42.27,30.96,314,-0.610199999999999,185.0,21.10850000000019,False,False,30.813162499999997,92.43948749999998,True,Low Stock,92.43948749999998,71.33,Place Reorder
2024-12-27,SITE_003,38.91,27.09960000000001,CEM_III,30.96,37.65,29.7,314,10.55039999999999,185.0,31.658900000000187,False,False,30.813162499999997,92.43948749999998,True,Low Stock,92.43948749999998,60.78,Place Reorder
2024-12-28,SITE_003,55.89,36.901699999999984,CEM_III,29.7,28.83,2.64,314,-8.071699999999986,185.0,23.587200000000195,False,False,30.813162499999997,92.43948749999998,True,Low Stock,92.43948749999998,68.85,Place Reorder
2024-12-29,SITE_003,0.0,0.0,CEM_II,2.64,29.58,32.22,314,29.58,185.0,53.16720000000018,False,False,30.813162499999997,92.43948749999998,True,Low Stock,92.43948749999998,39.27,Place Reorder
2024-12-30,SITE_003,35.11,26.60140000000001,CEM_II,32.22,44.72,41.83,314,18.11859999999999,185.0,71.28580000000018,False,False,30.813162499999997,92.43948749999998,True,Low Stock,92.43948749999998,21.15,Place Reorder
2024-12-31,SITE_003,34.08,29.36290000000001,CEM_II,41.83,23.25,31.0,314,-6.11290000000001,185.0,65.17290000000017,False,False,30.813162499999997,92.43948749999998,True,Low Stock,92.43948749999998,27.27,Place Reorder
2024-11-06,SITE_004,14.56,14.560799999999968,CEM_III,19453.41,18.81,19457.66,472,4.24920000000003,19453.41,19457.6592,False,True,11.100244642857144,33.30073392857143,False,Overcapacity,33.30073392857143,0.0,Pause Delivery
2024-11-07,SITE_004,9.15,9.150899999999986,CEM_I,19457.66,37.05,19485.56,472,27.89910000000001,19453.41,19485.5583,False,True,11.100244642857144,33.30073392857143,False,Overcapacity,33.30073392857143,0.0,Pause Delivery
2024-11-08,SITE_004,18.6,18.59969999999997,CEM_II,19485.56,18.16,19485.12,472,-0.43969999999997,19453.41,19485.1186,False,True,11.100244642857144,33.30073392857143,False,Overcapacity,33.30073392857143,0.0,Pause Delivery
2024-11-09,SITE_004,14.23,14.238200000000004,CEM_II,19485.12,48.73,19519.62,472,34.49179999999999,19453.41,19519.6104,False,True,11.100244642857144,33.30073392857143,False,Overcapacity,33.30073392857143,0.0,Pause Delivery
2024-11-10,SITE_004,5.02,5.040199999999996,CEM_I,19519.62,42.83,19557.43,472,37.7898,19453.41,19557.4002,False,True,11.100244642857144,33.30073392857143,False,Overcapacity,33.30073392857143,0.0,Pause Delivery
2024-11-11,SITE_004,10.42,10.41919999999999,CEM_III,19557.43,46.58,19593.59,472,36.16080000000001,19453.41,19593.561,False,True,11.100244642857144,33.30073392857143,False,Overcapacity,33.30073392857143,0.0,Pause Delivery
2024-11-12,SITE_004,7.14,7.146700000000002,CEM_III,19593.59,44.92,19631.37,472,37.7733,19453.41,19631.3343,False,True,11.100244642857144,33.30073392857143,False,Overcapacity,33.30073392857143,0.0,Pause Delivery
2024-11-13,SITE_004,5.1,5.100900000000009,CEM_I,19631.37,42.25,19668.52,472,37.14909999999999,19453.41,19668.4834,False,True,11.100244642857144,33.30073392857143,False,Overcapacity,33.30073392857143,0.0,Pause Delivery
2024-11-14,SITE_004,19.13,19.12850000000003,CEM_II,19668.52,45.46,19694.85,472,26.33149999999997,19453.41,19694.8149,False,True,11.100244642857144,33.30073392857143,False,Overcapacity,33.30073392857143,0.0,Pause Delivery
2024-11-15,SITE_004,14.96,14.957600000000022,CEM_I,19694.85,22.52,19702.41,472,7.562399999999977,19453.41,19702.3773,False,True,11.100244642857144,33.30073392857143,False,Overcapacity,33.30073392857143,0.0,Pause Delivery
2024-11-16,SITE_004,11.4,11.057799999999991,CEM_III,19702.41,27.32,19718.33,472,16.262200000000007,19453.41,19718.6395,False,True,11.100244642857144,33.30073392857143,False,Overcapacity,33.30073392857143,0.0,Pause Delivery
2024-11-17,SITE_004,10.8,10.79969999999998,CEM_I,19718.33,11.56,19719.09,472,0.7603000000000204,19453.41,19719.3998,False,True,11.100244642857144,33.30073392857143,False,Overcapacity,33.30073392857143,0.0,Pause Delivery
2024-11-18,SITE_004,9.12,9.109000000000009,CEM_I,19719.09,11.27,19721.24,472,2.1609999999999907,19453.41,19721.5608,False,True,11.100244642857144,33.30073392857143,False,Overcapacity,33.30073392857143,0.0,Pause Delivery
2024-11-19,SITE_004,13.34,13.32469999999999,CEM_I,19721.24,18.51,19726.41,472,5.185300000000012,19453.41,19726.7461,False,True,11.100244642857144,33.30073392857143,False,Overcapacity,33.30073392857143,0.0,Pause Delivery
2024-11-20,SITE_004,17.56,17.560399999999966,CEM_I,19726.41,13.43,19722.28,472,-4.130399999999966,19453.41,19722.6157,False,True,11.100244642857144,33.30073392857143,False,Overcapacity,33.30073392857143,0.0,Pause Delivery
2024-11-21,SITE_004,19.98,19.980500000000017,CEM_I,19722.28,26.8,19729.1,472,6.819499999999984,19453.41,19729.4352,False,True,11.100244642857144,33.30073392857143,False,Overcapacity,33.30073392857143,0.0,Pause Delivery
2024-11-22,SITE_004,16.39,16.39120000000003,CEM_II,19729.1,43.45,19756.16,472,27.058799999999973,19453.41,19756.494,False,True,11.100244642857144,33.30073392857143,False,Overcapacity,33.30073392857143,0.0,Pause Delivery
2024-11-23,SITE_004,19.87,19.870699999999967,CEM_I,19756.16,25.03,19761.32,472,5.159300000000034,19453.41,19761.6533,False,True,11.100244642857144,33.30073392857143,False,Overcapacity,33.30073392857143,0.0,Pause Delivery
2024-11-24,SITE_004,14.31,14.309099999999985,CEM_I,19761.32,16.85,19763.86,472,2.5409000000000166,19453.41,19764.1942,False,True,11.100244642857144,33.30073392857143,False,Overcapacity,33.30073392857143,0.0,Pause Delivery
2024-11-25,SITE_004,19.74,19.73870000000001,CEM_III,19763.86,39.37,19783.49,472,19.63129999999999,19453.41,19783.8255,False,True,11.100244642857144,33.30073392857143,False,Overcapacity,33.30073392857143,0.0,Pause Delivery
2024-11-26,SITE_004,7.02,7.019199999999991,CEM_III,19783.49,34.13,19810.6,472,27.11080000000001,19453.41,19810.9363,False,True,11.100244642857144,33.30073392857143,False,Overcapacity,33.30073392857143,0.0,Pause Delivery
2024-11-27,SITE_004,10.11,10.10910000000001,CEM_II,19810.6,20.45,19820.94,472,10.340899999999989,19453.41,19821.2772,False,True,11.100244642857144,33.30073392857143,False,Overcapacity,33.30073392857143,0.0,Pause Delivery
2024-11-28,SITE_004,5.72,5.719800000000015,CEM_III,19820.94,11.9,19827.12,472,6.180199999999985,19453.41,19827.4574,False,True,11.100244642857144,33.30073392857143,False,Overcapacity,33.30073392857143,0.0,Pause Delivery
2024-11-29,SITE_004,5.86,5.860200000000009,CEM_I,19827.12,12.63,19833.89,472,6.769799999999992,19453.41,19834.2272,False,True,11.100244642857144,33.30073392857143,False,Overcapacity,33.30073392857143,0.0,Pause Delivery
2024-11-30,SITE_004,18.71,18.709500000000023,CEM_II,19833.89,25.25,19840.43,472,6.540499999999977,19453.41,19840.7677,False,True,11.100244642857144,33.30073392857143,False,Overcapacity,33.30073392857143,0.0,Pause Delivery
2024-12-01,SITE_004,19.97,19.96950000000002,CEM_I,19840.43,47.45,19867.91,472,27.48049999999998,19453.41,19868.2482,False,True,11.100244642857144,33.30073392857143,False,Overcapacity,33.30073392857143,0.0,Pause Delivery
2024-12-02,SITE_004,0.0,0.0,CEM_II,19867.91,41.2,19909.11,472,41.2,19453.41,19909.4482,False,True,11.100244642857144,33.30073392857143,False,Overcapacity,33.30073392857143,0.0,Pause Delivery
2024-12-03,SITE_004,16.0,16.0003,CEM_I,19909.11,34.43,19927.54,472,18.4297,19453.41,19927.8779,False,True,11.100244642857144,33.30073392857143,False,Overcapacity,33.30073392857143,0.0,Pause Delivery
2024-12-04,SITE_004,6.36,6.359300000000008,CEM_III,19927.54,48.08,19969.26,472,41.7207,19453.41,19969.5986,False,True,11.100244642857144,33.30073392857143,False,Overcapacity,33.30073392857143,0.0,Pause Delivery
2024-12-05,SITE_004,12.18,12.180299999999994,CEM_III,19969.26,47.88,20004.96,472,35.69970000000001,19453.41,20005.2983,False,True,11.100244642857144,33.30073392857143,False,Overcapacity,33.30073392857143,0.0,Pause Delivery
2024-12-06,SITE_004,0.0,0.0,CEM_I,20004.96,36.42,20041.38,472,36.42,19453.41,20041.7183,False,True,11.100244642857144,33.30073392857143,False,Overcapacity,33.30073392857143,0.0,Pause Delivery
2024-12-07,SITE_004,5.51,5.510099999999994,CEM_II,20041.38,37.73,20073.6,472,32.2199,19453.41,20073.9382,False,True,11.100244642857144,33.30073392857143,False,Overcapacity,33.30073392857143,0.0,Pause Delivery
2024-12-08,SITE_004,12.68,12.679999999999993,CEM_II,20073.6,30.49,20091.41,472,17.810000000000006,19453.41,20091.7482,False,True,11.100244642857144,33.30073392857143,False,Overcapacity,33.30073392857143,0.0,Pause Delivery
2024-12-09,SITE_004,12.61,12.61009999999999,CEM_III,20091.41,34.76,20113.56,472,22.14990000000001,19453.41,20113.8981,False,True,11.100244642857144,33.30073392857143,False,Overcapacity,33.30073392857143,0.0,Pause Delivery
2024-12-10,SITE_004,11.81,11.809799999999974,CEM_III,20113.56,45.63,20147.38,472,33.82020000000003,19453.41,20147.7183,False,True,11.100244642857144,33.30073392857143,False,Overcapacity,33.30073392857143,0.0,Pause Delivery
2024-12-11,SITE_004,5.78,5.781799999999991,CEM_II,20147.38,25.61,20167.21,472,19.82820000000001,19453.41,20167.5465,False,True,11.100244642857144,33.30073392857143,False,Overcapacity,33.30073392857143,0.0,Pause Delivery
2024-12-12,SITE_004,9.94,9.939900000000016,CEM_II,20167.21,22.25,20179.52,472,12.310099999999984,19453.41,20179.8566,False,True,11.100244642857144,33.30073392857143,False,Overcapacity,33.30073392857143,0.0,Pause Delivery
2024-12-13,SITE_004,5.96,5.960199999999999,CEM_II,20179.52,35.09,20208.65,472,29.129800000000003,19453.41,20208.9864,False,True,11.100244642857144,33.30073392857143,False,Overcapacity,33.30073392857143,0.0,Pause Delivery
2024-12-14,SITE_004,8.29,8.28959999999999,CEM_II,20208.65,23.91,20224.27,472,15.62040000000001,19453.41,20224.6068,False,True,11.100244642857144,33.30073392857143,False,Overcapacity,33.30073392857143,0.0,Pause Delivery
2024-12-15,SITE_004,0.0,0.0,CEM_III,20224.27,10.37,20234.64,472,10.37,19453.41,20234.9768,False,True,11.100244642857144,33.30073392857143,False,Overcapacity,33.30073392857143,0.0,Pause Delivery
2024-12-16,SITE_004,7.2,7.198500000000007,CEM_III,20234.64,12.2,20239.64,472,5.001499999999992,19453.41,20239.9783,False,True,11.100244642857144,33.30073392857143,False,Overcapacity,33.30073392857143,0.0,Pause Delivery
2024-12-17,SITE_004,19.66,19.65670000000004,CEM_II,20239.64,27.57,20247.55,472,7.913299999999964,19453.41,20247.8916,False,True,11.100244642857144,33.30073392857143,False,Overcapacity,33.30073392857143,0.0,Pause Delivery
2024-12-18,SITE_004,15.42,15.418600000000012,CEM_III,20247.55,25.31,20257.44,472,9.891399999999988,19453.41,20257.783,False,True,11.100244642857144,33.30073392857143,False,Overcapacity,33.30073392857143,0.0,Pause Delivery
2024-12-19,SITE_004,13.02,13.020699999999986,CEM_I,20257.44,23.51,20267.93,472,10.489300000000016,19453.41,20268.2723,False,True,11.100244642857144,33.30073392857143,False,Overcapacity,33.30073392857143,0.0,Pause Delivery
2024-12-20,SITE_004,12.88,12.881200000000018,CEM_II,20267.93,29.24,20284.29,472,16.35879999999998,19453.41,20284.6311,False,True,11.100244642857144,33.30073392857143,False,Overcapacity,33.30073392857143,0.0,Pause Delivery
2024-12-21,SITE_004,6.83,6.827600000000006,CEM_I,20284.29,33.35,20310.81,472,26.5224,19453.41,20311.1535,False,True,11.100244642857144,33.30073392857143,False,Overcapacity,33.30073392857143,0.0,Pause Delivery
2024-12-22,SITE_004,9.72,9.72000000000002,CEM_III,20310.81,34.51,20335.6,472,24.789999999999974,19453.41,20335.9435,False,True,11.100244642857144,33.30073392857143,False,Overcapacity,33.30073392857143,0.0,Pause Delivery
2024-12-23,SITE_004,14.08,14.079199999999991,CEM_II,20335.6,43.06,20364.58,472,28.98080000000001,19453.41,20364.9243,False,True,11.100244642857144,33.30073392857143,False,Overcapacity,33.30073392857143,0.0,Pause Delivery
2024-12-24,SITE_004,5.51,5.5103999999999935,CEM_III,20364.58,47.73,20406.8,472,42.2196,19453.41,20407.1439,False,True,11.100244642857144,33.30073392857143,False,Overcapacity,33.30073392857143,0.0,Pause Delivery
2024-12-25,SITE_004,9.3,9.302299999999985,CEM_I,20406.8,24.34,20421.84,472,15.037700000000015,19453.41,20422.1816,False,True,11.100244642857144,33.30073392857143,False,Overcapacity,33.30073392857143,0.0,Pause Delivery
2024-12-26,SITE_004,18.78,18.77929999999997,CEM_I,20421.84,46.78,20449.84,472,28.000700000000027,19453.41,20450.1823,False,True,11.100244642857144,33.30073392857143,False,Overcapacity,33.30073392857143,0.0,Pause Delivery
2024-12-27,SITE_004,5.33,5.328599999999995,CEM_III,20449.84,12.3,20456.81,472,6.971400000000005,19453.41,20457.1537,False,True,11.100244642857144,33.30073392857143,False,Overcapacity,33.30073392857143,0.0,Pause Delivery
2024-12-28,SITE_004,5.85,5.84960000000001,CEM_III,20456.81,19.54,20470.5,472,13.69039999999999,19453.41,20470.8441,False,True,11.100244642857144,33.30073392857143,False,Overcapacity,33.30073392857143,0.0,Pause Delivery
2024-12-29,SITE_004,12.72,12.716600000000016,CEM_II,20470.5,19.49,20477.27,472,6.773399999999983,19453.41,20477.6175,False,True,11.100244642857144,33.30073392857143,False,Overcapacity,33.30073392857143,0.0,Pause Delivery
2024-12-30,SITE_004,12.44,12.44090000000003,CEM_I,20477.27,35.96,20500.79,472,23.519099999999973,19453.41,20501.1366,False,True,11.100244642857144,33.30073392857143,False,Overcapacity,33.30073392857143,0.0,Pause Delivery
2024-12-31,SITE_004,7.89,7.890299999999988,CEM_II,20500.79,12.44,20505.34,472,4.549700000000011,19453.41,20505.6863,False,True,11.100244642857144,33.30073392857143,False,Overcapacity,33.30073392857143,0.0,Pause Delivery
2024-11-06,SITE_005,36.09,39.7832,CEM_III,0.0,36.09,0.0,230,-3.693199999999997,0.0,-3.693199999999997,True,False,27.4047375,82.2142125,False,Stockout,82.2142125,85.91,Emergency Reorder
2024-11-07,SITE_005,17.03,30.8163,CEM_III,0.0,17.03,0.0,230,-13.786299999999995,0.0,-17.479499999999994,True,False,27.4047375,82.2142125,False,Stockout,82.2142125,99.69,Emergency Reorder
2024-11-08,SITE_005,13.69,27.094100000000005,CEM_II,0.0,17.11,3.42,230,-9.984100000000003,0.0,-27.4636,True,False,27.4047375,82.2142125,False,Stockout,82.2142125,109.68,Emergency Reorder
2024-11-09,SITE_005,37.82,31.47689999999999,CEM_III,3.42,43.85,9.45,230,12.373100000000012,0.0,-15.090499999999988,True,False,27.4047375,82.2142125,False,Stockout,82.2142125,97.3,Emergency Reorder
2024-11-10,SITE_005,52.3,37.08219999999998,CEM_I,9.45,42.85,0.0,230,5.767800000000023,0.0,-9.322699999999966,True,False,27.4047375,82.2142125,False,Stockout,82.2142125,91.54,Emergency Reorder
2024-11-11,SITE_005,0.0,0.0,CEM_II,0.0,16.92,16.92,230,16.92,0.0,7.597300000000036,False,False,27.4047375,82.2142125,True,Low Stock,82.2142125,74.62,Place Reorder
2024-11-12,SITE_005,28.49,24.012299999999986,CEM_III,16.92,46.02,34.45,230,22.007700000000018,0.0,29.605000000000054,False,False,27.4047375,82.2142125,True,Low Stock,82.2142125,52.61,Place Reorder
2024-11-13,SITE_005,35.01,29.762499999999992,CEM_III,34.45,33.65,33.09,230,3.8875000000000064,0.0,33.492500000000064,False,False,27.4047375,82.2142125,True,Low Stock,82.2142125,48.72,Place Reorder
2024-11-14,SITE_005,40.42,33.91300000000001,CEM_III,33.09,36.73,29.4,230,2.816999999999986,0.0,36.30950000000004,False,False,27.4047375,82.2142125,True,Low Stock,82.2142125,45.9,Place Reorder
2024-11-15,SITE_005,29.74,26.654599999999995,CEM_III,29.4,33.33,32.99,230,6.675400000000003,0.0,42.98490000000005,False,False,27.4047375,82.2142125,True,Low Stock,82.2142125,39.23,Place Reorder
2024-11-16,SITE_005,31.96,27.6461,CEM_II,32.99,26.96,27.99,230,-0.6860999999999962,0.0,42.29880000000006,False,False,27.4047375,82.2142125,True,Low Stock,82.2142125,39.92,Place Reorder
2024-11-17,SITE_005,45.5,34.81710000000001,CEM_III,27.99,19.06,1.55,230,-15.757100000000012,0.0,26.54170000000004,False,False,27.4047375,82.2142125,True,Low Stock,82.2142125,55.67,Place Reorder
2024-11-18,SITE_005,50.85,44.2693,CEM_I,1.55,49.3,0.0,230,5.030699999999996,0.0,31.57240000000004,False,False,27.4047375,82.2142125,True,Low Stock,82.2142125,50.64,Place Reorder
2024-11-19,SITE_005,18.08,39.6844,CEM_I,0.0,18.08,0.0,230,-21.6044,0.0,9.96800000000004,False,False,27.4047375,82.2142125,True,Low Stock,82.2142125,72.25,Place Reorder
2024-11-20,SITE_005,20.15,37.808000000000014,CEM_II,0.0,20.15,0.0,230,-17.658000000000015,0.0,-7.689999999999976,True,False,27.4047375,82.2142125,False,Stockout,82.2142125,89.9,Emergency Reorder
2024-11-21,SITE_005,35.84,29.82029999999999,CEM_II,0.0,35.84,0.0,230,6.019700000000015,0.0,-1.670299999999962,True,False,27.4047375,82.2142125,False,Stockout,82.2142125,83.88,Emergency Reorder
2024-11-22,SITE_005,0.0,0.0,CEM_I,0.0,20.11,20.11,230,20.11,0.0,18.43970000000004,False,False,27.4047375,82.2142125,True,Low Stock,82.2142125,63.77,Place Reorder
2024-11-23,SITE_005,35.28,40.9096,CEM_II,20.11,15.17,0.0,230,-25.7396,0.0,-7.299899999999958,True,False,27.4047375,82.2142125,False,Stockout,82.2142125,89.51,Emergency Reorder
2024-11-24,SITE_005,23.97,38.79319999999998,CEM_III,0.0,23.97,0.0,230,-14.82319999999998,0.0,-22.123099999999937,True,False,27.4047375,82.2142125,False,Stockout,82.2142125,104.34,Emergency Reorder
2024-11-25,SITE_005,0.0,0.0,CEM_III,0.0,32.79,32.79,230,32.79,0.0,10.666900000000062,False,False,27.4047375,82.2142125,True,Low Stock,82.2142125,71.55,Place Reorder
2024-11-26,SITE_005,47.72,35.721899999999984,CEM_III,32.79,16.75,1.82,230,-18.971899999999984,0.0,-8.304999999999922,True,False,27.4047375,82.2142125,False,Stockout,82.2142125,90.52,Emergency Reorder
2024-11-27,SITE_005,48.06,37.979000000000006,CEM_I,1.82,48.16,1.92,230,10.18099999999999,0.0,1.8760000000000687,False,False,27.4047375,82.2142125,True,Low Stock,82.2142125,80.34,Place Reorder
2024-11-28,SITE_005,25.79,36.3179,CEM_II,1.92,23.87,0.0,230,-12.4479,0.0,-10.571899999999932,True,False,27.4047375,82.2142125,False,Stockout,82.2142125,92.79,Emergency Reorder
2024-11-29,SITE_005,41.44,40.333,CEM_II,0.0,41.44,0.0,230,1.106999999999999,0.0,-9.464899999999933,True,False,27.4047375,82.2142125,False,Stockout,82.2142125,91.68,Emergency Reorder
2024-11-30,SITE_005,0.0,0.0,CEM_II,0.0,22.66,22.66,230,22.66,0.0,13.195100000000068,False,False,27.4047375,82.2142125,True,Low Stock,82.2142125,69.02,Place Reorder
2024-12-01,SITE_005,0.0,0.0,CEM_III,22.66,14.22,36.88,230,14.22,0.0,27.415100000000063,False,False,27.4047375,82.2142125,True,Low Stock,82.2142125,54.8,Place Reorder
2024-12-02,SITE_005,0.0,0.0,CEM_II,36.88,27.58,64.46,230,27.58,0.0,54.99510000000007,False,False,27.4047375,82.2142125,True,Low Stock,82.2142125,27.22,Place Reorder
2024-12-03,SITE_005,38.63,29.979600000000016,CEM_III,64.46,19.66,45.49,230,-10.319600000000015,0.0,44.67550000000005,False,False,27.4047375,82.2142125,True,Low Stock,82.2142125,37.54,Place Reorder
2024-12-04,SITE_005,47.49,25.474300000000003,CEM_III,45.49,29.07,27.07,230,3.595699999999997,0.0,48.27120000000005,False,False,27.4047375,82.2142125,True,Low Stock,82.2142125,33.94,Place Reorder
2024-12-05,SITE_005,31.98,30.2575,CEM_II,27.07,11.13,6.22,230,-19.1275,0.0,29.14370000000005,False,False,27.4047375,82.2142125,True,Low Stock,82.2142125,53.07,Place Reorder
2024-12-06,SITE_005,28.58,27.913099999999982,CEM_III,6.22,22.36,0.0,230,-5.553099999999983,0.0,23.590600000000062,False,False,27.4047375,82.2142125,True,Low Stock,82.2142125,58.62,Place Reorder
2024-12-07,SITE_005,37.29,33.2103,CEM_I,0.0,37.29,0.0,230,4.0797000000000025,0.0,27.67030000000007,False,False,27.4047375,82.2142125,True,Low Stock,82.2142125,54.54,Place Reorder
2024-12-08,SITE_005,30.38,31.008300000000013,CEM_III,0.0,30.38,0.0,230,-0.6283000000000136,0.0,27.04200000000005,False,False,27.4047375,82.2142125,True,Low Stock,82.2142125,55.17,Place Reorder
2024-12-09,SITE_005,39.34,30.455000000000005,CEM_III,0.0,40.39,1.05,230,9.934999999999995,0.0,36.97700000000005,False,False,27.4047375,82.2142125,True,Low Stock,82.2142125,45.24,Place Reorder
2024-12-10,SITE_005,30.84,28.828199999999995,CEM_III,1.05,29.79,0.0,230,0.9618000000000038,0.0,37.93880000000006,False,False,27.4047375,82.2142125,True,Low Stock,82.2142125,44.28,Place Reorder
2024-12-11,SITE_005,28.2,29.688500000000005,CEM_I,0.0,35.25,7.05,230,5.561499999999995,0.0,43.50030000000005,False,False,27.4047375,82.2142125,True,Low Stock,82.2142125,38.71,Place Reorder
2024-12-12,SITE_005,51.56,38.3523,CEM_II,7.05,44.51,0.0,230,6.157699999999998,0.0,49.65800000000005,False,False,27.4047375,82.2142125,True,Low Stock,82.2142125,32.56,Place Reorder
2024-12-13,SITE_005,25.15,34.71340000000001,CEM_I,0.0,25.15,0.0,230,-9.563400000000009,0.0,40.09460000000004,False,False,27.4047375,82.2142125,True,Low Stock,82.2142125,42.12,Place Reorder
2024-12-14,SITE_005,0.0,0.0,CEM_II,0.0,48.29,48.29,230,48.29,0.0,88.38460000000003,False,False,27.4047375,82.2142125,False,Normal,82.2142125,0.0,No Action
2024-12-15,SITE_005,55.3,38.40889999999997,CEM_II,48.29,26.92,19.91,230,-11.488899999999964,0.0,76.89570000000006,False,False,27.4047375,82.2142125,True,Low Stock,82.2142125,5.32,Place Reorder
2024-12-16,SITE_005,0.0,0.0,CEM_I,19.91,39.76,59.67,230,39.76,0.0,116.65570000000008,False,False,27.4047375,82.2142125,False,Normal,82.2142125,0.0,No Action
2024-12-17,SITE_005,48.74,34.98900000000001,CEM_I,59.67,14.13,25.06,230,-20.85900000000001,0.0,95.79670000000006,False,False,27.4047375,82.2142125,False,Normal,82.2142125,0.0,No Action
2024-12-18,SITE_005,0.0,0.0,CEM_II,25.06,48.02,73.08,230,48.02,0.0,143.81670000000005,False,False,27.4047375,82.2142125,False,Normal,82.2142125,0.0,No Action
2024-12-19,SITE_005,0.0,0.0,CEM_I,73.08,38.94,112.02,230,38.94,0.0,182.75670000000005,False,False,27.4047375,82.2142125,False,Normal,82.2142125,0.0,No Action
2024-12-20,SITE_005,55.7,47.14609999999997,CEM_II,112.02,25.03,81.35,230,-22.116099999999967,0.0,160.6406000000001,False,False,27.4047375,82.2142125,False,Normal,82.2142125,0.0,No Action
2024-12-21,SITE_005,45.5,31.9749,CEM_III,81.35,29.38,65.23,230,-2.594900000000002,0.0,158.0457000000001,False,False,27.4047375,82.2142125,False,Normal,82.2142125,0.0,No Action
2024-12-22,SITE_005,55.95,40.73260000000001,CEM_I,65.23,25.0,34.28,230,-15.732600000000012,0.0,142.31310000000008,False,False,27.4047375,82.2142125,False,Normal,82.2142125,0.0,No Action
2024-12-23,SITE_005,30.44,24.830900000000007,CEM_I,34.28,15.17,19.01,230,-9.660900000000009,0.0,132.65220000000008,False,False,27.4047375,82.2142125,False,Normal,82.2142125,0.0,No Action
2024-12-24,SITE_005,35.92,30.1639,CEM_II,19.01,48.71,31.8,230,18.5461,0.0,151.19830000000007,False,False,27.4047375,82.2142125,False,Normal,82.2142125,0.0,No Action
2024-12-25,SITE_005,50.99,32.126400000000004,CEM_II,31.8,25.93,6.74,230,-6.196400000000004,0.0,145.00190000000006,False,False,27.4047375,82.2142125,False,Normal,82.2142125,0.0,No Action
2024-12-26,SITE_005,43.66,43.4291,CEM_II,6.74,36.92,0.0,230,-6.5090999999999966,0.0,138.49280000000007,False,False,27.4047375,82.2142125,False,Normal,82.2142125,0.0,No Action
2024-12-27,SITE_005,14.87,37.28879999999998,CEM_III,0.0,14.87,0.0,230,-22.418799999999983,0.0,116.07400000000008,False,False,27.4047375,82.2142125,False,Normal,82.2142125,0.0,No Action
2024-12-28,SITE_005,23.97,45.69600000000002,CEM_III,0.0,23.97,0.0,230,-21.72600000000002,0.0,94.34800000000008,False,False,27.4047375,82.2142125,False,Normal,82.2142125,0.0,No Action
2024-12-29,SITE_005,38.58,30.172199999999982,CEM_I,0.0,46.58,8.0,230,16.407800000000016,0.0,110.75580000000008,False,False,27.4047375,82.2142125,False,Normal,82.2142125,0.0,No Action
2024-12-30,SITE_005,44.58,33.1311,CEM_I,8.0,36.58,0.0,230,3.4488999999999947,0.0,114.20470000000007,False,False,27.4047375,82.2142125,False,Normal,82.2142125,0.0,No Action
2024-12-31,SITE_005,0.0,0.0,CEM_II,0.0,32.85,32.85,230,32.85,0.0,147.05470000000008,False,False,27.4047375,82.2142125,False,Normal,82.2142125,0.0,No Action
2024-11-06,SITE_006,0.0,0.0,CEM_I,44.99,23.15,68.14,443,23.15,44.99,68.14,False,False,21.387732142857143,64.16319642857142,False,Normal,64.16319642857142,0.0,No Action
2024-11-07,SITE_006,28.27,26.62589999999999,CEM_I,68.14,26.48,66.35,443,-0.1458999999999903,44.99,67.9941,False,False,21.387732142857143,64.16319642857142,False,Normal,64.16319642857142,0.0,No Action
2024-11-08,SITE_006,37.36,31.34799999999997,CEM_I,66.35,39.22,68.21,443,7.872000000000028,44.99,75.86610000000005,False,False,21.387732142857143,64.16319642857142,False,Normal,64.16319642857142,0.0,No Action
2024-11-09,SITE_006,0.0,0.0,CEM_I,68.21,16.03,84.24,443,16.03,44.99,91.89610000000005,False,False,21.387732142857143,64.16319642857142,False,Normal,64.16319642857142,0.0,No Action
2024-11-10,SITE_006,0.0,0.0,CEM_I,84.24,17.64,101.88,443,17.64,44.99,109.53610000000003,False,False,21.387732142857143,64.16319642857142,False,Normal,64.16319642857142,0.0,No Action
2024-11-11,SITE_006,0.0,0.0,CEM_II,101.88,27.13,129.01,443,27.13,44.99,136.66610000000003,False,False,21.387732142857143,64.16319642857142,False,Normal,64.16319642857142,0.0,No Action
2024-11-12,SITE_006,47.26,44.97180000000001,CEM_III,129.01,12.52,94.27,443,-32.451800000000006,44.99,104.21430000000004,False,False,21.387732142857143,64.16319642857142,False,Normal,64.16319642857142,0.0,No Action
2024-11-13,SITE_006,0.0,0.0,CEM_III,94.27,41.67,135.94,443,41.67,44.99,145.88430000000002,False,False,21.387732142857143,64.16319642857142,False,Normal,64.16319642857142,0.0,No Action
2024-11-14,SITE_006,35.27,31.51160000000001,CEM_III,135.94,33.62,134.29,443,2.108399999999989,44.99,147.9927,False,False,21.387732142857143,64.16319642857142,False,Normal,64.16319642857142,0.0,No Action
2024-11-15,SITE_006,52.81,48.851499999999966,CEM_I,134.29,17.05,98.53,443,-31.801499999999965,44.99,116.19120000000008,False,False,21.387732142857143,64.16319642857142,False,Normal,64.16319642857142,0.0,No Action
2024-11-16,SITE_006,22.47,22.4773,CEM_III,98.53,44.79,120.85,443,22.3127,44.99,138.50390000000004,False,False,21.387732142857143,64.16319642857142,False,Normal,64.16319642857142,0.0,No Action
2024-11-17,SITE_006,21.26,21.2645,CEM_III,120.85,17.04,116.63,443,-4.224500000000003,44.99,134.27940000000007,False,False,21.387732142857143,64.16319642857142,False,Normal,64.16319642857142,0.0,No Action
2024-11-18,SITE_006,0.0,0.0,CEM_III,116.63,45.81,162.44,443,45.81,44.99,180.08940000000007,False,False,21.387732142857143,64.16319642857142,False,Normal,64.16319642857142,0.0,No Action
2024-11-19,SITE_006,48.7,40.65010000000001,CEM_III,162.44,33.55,147.29,443,-7.100100000000012,44.99,172.98930000000004,False,False,21.387732142857143,64.16319642857142,False,Normal,64.16319642857142,0.0,No Action
2024-11-20,SITE_006,19.08,19.07929999999997,CEM_III,147.29,41.28,169.49,443,22.20070000000003,44.99,195.19000000000008,False,False,21.387732142857143,64.16319642857142,False,Normal,64.16319642857142,0.0,No Action
2024-11-21,SITE_006,38.54,35.767799999999994,CEM_I,169.49,30.29,161.24,443,-5.477799999999995,44.99,189.71220000000008,False,False,21.387732142857143,64.16319642857142,False,Normal,64.16319642857142,0.0,No Action
2024-11-22,SITE_006,0.0,0.0,CEM_I,161.24,10.1,171.34,443,10.1,44.99,199.81220000000008,False,False,21.387732142857143,64.16319642857142,False,Normal,64.16319642857142,0.0,No Action
2024-11-23,SITE_006,29.79,29.2785,CEM_I,171.34,26.72,168.27,443,-2.558500000000002,44.99,197.2537000000001,False,False,21.387732142857143,64.16319642857142,False,Normal,64.16319642857142,0.0,No Action
2024-11-24,SITE_006,50.32,48.188299999999984,CEM_I,168.27,31.05,149.0,443,-17.138299999999983,44.99,180.1154000000001,False,False,21.387732142857143,64.16319642857142,False,Normal,64.16319642857142,0.0,No Action
2024-11-25,SITE_006,50.38,33.5586,CEM_II,149.0,24.98,123.6,443,-8.578599999999998,44.99,171.53680000000008,False,False,21.387732142857143,64.16319642857142,False,Normal,64.16319642857142,0.0,No Action
2024-11-26,SITE_006,48.06,45.56140000000002,CEM_III,123.6,26.74,102.28,443,-18.821400000000025,44.99,152.71540000000007,False,False,21.387732142857143,64.16319642857142,False,Normal,64.16319642857142,0.0,No Action
2024-11-27,SITE_006,45.34,43.9791,CEM_II,102.28,14.28,71.22,443,-29.6991,44.99,123.01630000000009,False,False,21.387732142857143,64.16319642857142,False,Normal,64.16319642857142,0.0,No Action
2024-11-28,SITE_006,30.0,22.523,CEM_III,71.22,37.74,78.96,443,15.217000000000006,44.99,138.23330000000007,False,False,21.387732142857143,64.16319642857142,False,Normal,64.16319642857142,0.0,No Action
2024-11-29,SITE_006,37.77,30.24849999999997,CEM_III,78.96,0.0,41.19,443,-30.24849999999997,44.99,107.9848000000001,False,False,21.387732142857143,64.16319642857142,False,Normal,64.16319642857142,0.0,No Action
2024-11-30,SITE_006,19.99,20.0018,CEM_III,41.19,0.0,21.2,443,-20.0018,44.99,87.98300000000012,False,False,21.387732142857143,64.16319642857142,False,Normal,64.16319642857142,0.0,No Action
2024-12-01,SITE_006,0.0,0.0,CEM_I,21.2,17.71,38.91,443,17.71,44.99,105.6930000000001,False,False,21.387732142857143,64.16319642857142,False,Normal,64.16319642857142,0.0,No Action
2024-12-02,SITE_006,38.52,35.2582,CEM_I,38.91,48.61,49.0,443,13.351799999999995,44.99,119.0448000000001,False,False,21.387732142857143,64.16319642857142,False,Normal,64.16319642857142,0.0,No Action
2024-12-03,SITE_006,14.63,14.629800000000028,CEM_III,49.0,20.59,54.96,443,5.960199999999972,44.99,125.00500000000008,False,False,21.387732142857143,64.16319642857142,False,Normal,64.16319642857142,0.0,No Action
2024-12-04,SITE_006,35.6,34.94159999999999,CEM_II,54.96,0.0,19.36,443,-34.94159999999999,44.99,90.06340000000009,False,False,21.387732142857143,64.16319642857142,False,Normal,64.16319642857142,0.0,No Action
2024-12-05,SITE_006,13.15,13.149700000000012,CEM_II,19.36,41.08,47.29,443,27.93029999999999,44.99,117.99370000000008,False,False,21.387732142857143,64.16319642857142,False,Normal,64.16319642857142,0.0,No Action
2024-12-06,SITE_006,67.24,55.390999999999984,CEM_II,47.29,44.13,24.18,443,-11.26099999999998,44.99,106.73270000000012,False,False,21.387732142857143,64.16319642857142,False,Normal,64.16319642857142,0.0,No Action
2024-12-07,SITE_006,0.0,0.0,CEM_I,24.18,31.31,55.49,443,31.31,44.99,138.0427000000001,False,False,21.387732142857143,64.16319642857142,False,Normal,64.16319642857142,0.0,No Action
2024-12-08,SITE_006,22.87,19.660400000000024,CEM_III,55.49,29.92,62.54,443,10.259599999999978,44.99,148.3023000000001,False,False,21.387732142857143,64.16319642857142,False,Normal,64.16319642857142,0.0,No Action
2024-12-09,SITE_006,0.0,0.0,CEM_II,62.54,33.59,96.13,443,33.59,44.99,181.8923000000001,False,False,21.387732142857143,64.16319642857142,False,Normal,64.16319642857142,0.0,No Action
2024-12-10,SITE_006,25.82,22.465299999999992,CEM_I,96.13,39.61,109.92,443,17.144700000000007,44.99,199.0370000000001,False,False,21.387732142857143,64.16319642857142,False,Normal,64.16319642857142,0.0,No Action
2024-12-11,SITE_006,0.0,0.0,CEM_III,109.92,47.89,157.81,443,47.89,44.99,246.9270000000001,False,False,21.387732142857143,64.16319642857142,False,Normal,64.16319642857142,0.0,No Action
2024-12-12,SITE_006,0.0,0.0,CEM_I,157.81,10.54,168.35,443,10.54,44.99,257.4670000000001,False,False,21.387732142857143,64.16319642857142,False,Normal,64.16319642857142,0.0,No Action
2024-12-13,SITE_006,58.95,50.84659999999999,CEM_II,168.35,29.26,138.66,443,-21.586599999999983,44.99,235.8804000000001,False,False,21.387732142857143,64.16319642857142,False,Normal,64.16319642857142,0.0,No Action
2024-12-14,SITE_006,29.01,28.8705,CEM_III,138.66,24.97,134.62,443,-3.900499999999997,44.99,231.9799000000001,False,False,21.387732142857143,64.16319642857142,False,Normal,64.16319642857142,0.0,No Action
2024-12-15,SITE_006,66.98,54.43079999999997,CEM_I,134.62,20.59,88.23,443,-33.84079999999997,44.99,198.13910000000016,False,False,21.387732142857143,64.16319642857142,False,Normal,64.16319642857142,0.0,No Action
2024-12-16,SITE_006,0.0,0.0,CEM_I,88.23,31.87,120.1,443,31.87,44.99,230.00910000000013,False,False,21.387732142857143,64.16319642857142,False,Normal,64.16319642857142,0.0,No Action
2024-12-17,SITE_006,61.73,59.70870000000004,CEM_II,120.1,24.28,82.65,443,-35.42870000000004,44.99,194.5804000000001,False,False,21.387732142857143,64.16319642857142,False,Normal,64.16319642857142,0.0,No Action
2024-12-18,SITE_006,0.0,0.0,CEM_III,82.65,30.02,112.67,443,30.02,44.99,224.6004000000001,False,False,21.387732142857143,64.16319642857142,False,Normal,64.16319642857142,0.0,No Action
2024-12-19,SITE_006,20.87,20.868699999999983,CEM_II,112.67,27.56,119.36,443,6.691300000000016,44.99,231.2917000000001,False,False,21.387732142857143,64.16319642857142,False,Normal,64.16319642857142,0.0,No Action
2024-12-20,SITE_006,15.9,15.901800000000025,CEM_II,119.36,43.42,146.88,443,27.51819999999998,44.99,258.8099000000001,False,False,21.387732142857143,64.16319642857142,False,Normal,64.16319642857142,0.0,No Action
2024-12-21,SITE_006,0.0,0.0,CEM_II,146.88,37.39,184.27,443,37.39,44.99,296.19990000000007,False,False,21.387732142857143,64.16319642857142,False,Normal,64.16319642857142,0.0,No Action
2024-12-22,SITE_006,0.0,0.0,CEM_III,184.27,25.8,210.07,443,25.8,44.99,321.9999000000001,False,False,21.387732142857143,64.16319642857142,False,Normal,64.16319642857142,0.0,No Action
2024-12-23,SITE_006,19.5,19.752699999999983,CEM_III,210.07,22.27,212.84,443,2.5173000000000165,44.99,324.5172000000001,False,False,21.387732142857143,64.16319642857142,False,Normal,64.16319642857142,0.0,No Action
2024-12-24,SITE_006,14.1,14.099699999999986,CEM_I,212.84,17.63,216.37,443,3.530300000000013,44.99,328.0475000000001,False,False,21.387732142857143,64.16319642857142,False,Normal,64.16319642857142,0.0,No Action
2024-12-25,SITE_006,43.11,39.30949999999999,CEM_III,216.37,12.95,186.21,443,-26.359499999999997,44.99,301.6880000000001,False,False,21.387732142857143,64.16319642857142,False,Normal,64.16319642857142,0.0,No Action
2024-12-26,SITE_006,0.0,0.0,CEM_III,186.21,32.11,218.32,443,32.11,44.99,333.7980000000001,False,False,21.387732142857143,64.16319642857142,False,Normal,64.16319642857142,0.0,No Action
2024-12-27,SITE_006,16.95,16.95090000000003,CEM_II,218.32,49.89,251.26,443,32.93909999999997,44.99,366.7371000000001,False,False,21.387732142857143,64.16319642857142,False,Normal,64.16319642857142,0.0,No Action
2024-12-28,SITE_006,35.89,35.08720000000003,CEM_I,251.26,41.36,256.73,443,6.272799999999968,44.99,373.0099000000001,False,False,21.387732142857143,64.16319642857142,False,Normal,64.16319642857142,0.0,No Action
2024-12-29,SITE_006,25.79,23.64759999999999,CEM_III,256.73,10.05,240.99,443,-13.59759999999999,44.99,359.4123000000001,False,False,21.387732142857143,64.16319642857142,False,Normal,64.16319642857142,0.0,No Action
2024-12-30,SITE_006,35.65,26.85529999999999,CEM_III,240.99,20.12,225.46,443,-6.735299999999988,44.99,352.6770000000001,False,False,21.387732142857143,64.16319642857142,False,Normal,64.16319642857142,0.0,No Action
2024-12-31,SITE_006,0.0,0.0,CEM_I,225.46,31.96,257.42,443,31.96,44.99,384.6370000000001,False,False,21.387732142857143,64.16319642857142,False,Normal,64.16319642857142,0.0,No Action
2024-11-06,SITE_007,16.05,28.58139999999998,CEM_II,5.65,14.41,4.01,485,-14.17139999999998,5.65,-8.52139999999998,True,False,27.489989285714284,82.46996785714285,False,Stockout,82.46996785714285,90.99,Emergency Reorder
2024-11-07,SITE_007,18.17,34.121199999999995,CEM_I,4.01,14.16,0.0,485,-19.961199999999995,5.65,-28.482599999999977,True,False,27.489989285714284,82.46996785714285,False,Stockout,82.46996785714285,110.95,Emergency Reorder
2024-11-08,SITE_007,49.54,27.463200000000008,CEM_I,0.0,49.54,0.0,485,22.07679999999999,5.65,-6.405799999999983,True,False,27.489989285714284,82.46996785714285,False,Stockout,82.46996785714285,88.88,Emergency Reorder
2024-11-09,SITE_007,19.43,29.594199999999987,CEM_II,0.0,24.28,4.85,485,-5.314199999999985,5.65,-11.719999999999969,True,False,27.489989285714284,82.46996785714285,False,Stockout,82.46996785714285,94.19,Emergency Reorder
2024-11-10,SITE_007,18.43,38.2113,CEM_I,4.85,13.58,0.0,485,-24.631300000000003,5.65,-36.35129999999997,True,False,27.489989285714284,82.46996785714285,False,Stockout,82.46996785714285,118.82,Emergency Reorder
2024-11-11,SITE_007,13.45,27.355599999999995,CEM_I,0.0,16.82,3.37,485,-10.535599999999995,5.65,-46.88689999999997,True,False,27.489989285714284,82.46996785714285,False,Stockout,82.46996785714285,129.36,Emergency Reorder
2024-11-12,SITE_007,0.0,0.0,CEM_III,3.37,48.14,51.51,485,48.14,5.65,1.2531000000000336,False,False,27.489989285714284,82.46996785714285,True,Low Stock,82.46996785714285,81.22,Place Reorder
2024-11-13,SITE_007,49.98,41.2197,CEM_I,51.51,31.58,33.11,485,-9.639700000000005,5.65,-8.386599999999971,True,False,27.489989285714284,82.46996785714285,False,Stockout,82.46996785714285,90.86,Emergency Reorder
2024-11-14,SITE_007,39.7,36.82569999999998,CEM_I,33.11,16.52,9.93,485,-20.305699999999984,5.65,-28.692299999999957,True,False,27.489989285714284,82.46996785714285,False,Stockout,82.46996785714285,111.16,Emergency Reorder
2024-11-15,SITE_007,23.76,22.6062,CEM_III,9.93,19.77,5.94,485,-2.8362000000000016,5.65,-31.52849999999996,True,False,27.489989285714284,82.46996785714285,False,Stockout,82.46996785714285,114.0,Emergency Reorder
2024-11-16,SITE_007,35.86,27.6309,CEM_I,5.94,40.12,10.2,485,12.489099999999995,5.65,-19.03939999999996,True,False,27.489989285714284,82.46996785714285,False,Stockout,82.46996785714285,101.51,Emergency Reorder
2024-11-17,SITE_007,17.89,26.3641,CEM_III,10.2,12.16,4.47,485,-14.2041,5.65,-33.24349999999996,True,False,27.489989285714284,82.46996785714285,False,Stockout,82.46996785714285,115.71,Emergency Reorder
2024-11-18,SITE_007,19.45,29.570000000000007,CEM_I,4.47,14.98,0.0,485,-14.590000000000009,5.65,-47.833499999999965,True,False,27.489989285714284,82.46996785714285,False,Stockout,82.46996785714285,130.3,Emergency Reorder
2024-11-19,SITE_007,16.28,31.824399999999983,CEM_III,0.0,16.28,0.0,485,-15.544399999999982,5.65,-63.37789999999995,True,False,27.489989285714284,82.46996785714285,False,Stockout,82.46996785714285,145.85,Emergency Reorder
2024-11-20,SITE_007,31.98,27.8085,CEM_II,0.0,42.91,10.93,485,15.101499999999998,5.65,-48.27639999999995,True,False,27.489989285714284,82.46996785714285,False,Stockout,82.46996785714285,130.75,Emergency Reorder
2024-11-21,SITE_007,40.46,35.13869999999999,CEM_II,10.93,29.53,0.0,485,-5.608699999999992,5.65,-53.88509999999994,True,False,27.489989285714284,82.46996785714285,False,Stockout,82.46996785714285,136.36,Emergency Reorder
2024-11-22,SITE_007,20.52,29.73680000000001,CEM_I,0.0,20.52,0.0,485,-9.21680000000001,5.65,-63.10189999999995,True,False,27.489989285714284,82.46996785714285,False,Stockout,82.46996785714285,145.57,Emergency Reorder
2024-11-23,SITE_007,0.0,0.0,CEM_III,0.0,42.65,42.65,485,42.65,5.65,-20.45189999999996,True,False,27.489989285714284,82.46996785714285,False,Stockout,82.46996785714285,102.92,Emergency Reorder
2024-11-24,SITE_007,49.43,38.5663,CEM_III,42.65,34.9,28.12,485,-3.6663,5.65,-24.11819999999996,True,False,27.489989285714284,82.46996785714285,False,Stockout,82.46996785714285,106.59,Emergency Reorder
2024-11-25,SITE_007,0.0,0.0,CEM_I,28.12,27.52,55.64,485,27.52,5.65,3.4018000000000423,False,False,27.489989285714284,82.46996785714285,True,Low Stock,82.46996785714285,79.07,Place Reorder
2024-11-26,SITE_007,57.1,36.04200000000002,CEM_I,55.64,14.57,13.11,485,-21.472000000000023,5.65,-18.07019999999998,True,False,27.489989285714284,82.46996785714285,False,Stockout,82.46996785714285,100.54,Emergency Reorder
2024-11-27,SITE_007,0.0,0.0,CEM_II,13.11,32.18,45.29,485,32.18,5.65,14.10980000000002,False,False,27.489989285714284,82.46996785714285,True,Low Stock,82.46996785714285,68.36,Place Reorder
2024-11-28,SITE_007,50.8,39.5431,CEM_III,45.29,18.58,13.07,485,-20.963100000000004,5.65,-6.853299999999985,True,False,27.489989285714284,82.46996785714285,False,Stockout,82.46996785714285,89.32,Emergency Reorder
2024-11-29,SITE_007,22.29,25.9297,CEM_I,13.07,14.79,5.57,485,-11.1397,5.65,-17.992999999999988,True,False,27.489989285714284,82.46996785714285,False,Stockout,82.46996785714285,100.46,Emergency Reorder
2024-11-30,SITE_007,37.06,31.6354,CEM_II,5.57,39.99,8.5,485,8.354600000000005,5.65,-9.63839999999998,True,False,27.489989285714284,82.46996785714285,False,Stockout,82.46996785714285,92.11,Emergency Reorder
2024-12-01,SITE_007,44.12,40.70409999999997,CEM_III,8.5,35.62,0.0,485,-5.084099999999971,5.65,-14.722499999999952,True,False,27.489989285714284,82.46996785714285,False,Stockout,82.46996785714285,97.19,Emergency Reorder
2024-12-02,SITE_007,20.65,37.36109999999999,CEM_III,0.0,20.65,0.0,485,-16.711099999999995,5.65,-31.43359999999995,True,False,27.489989285714284,82.46996785714285,False,Stockout,82.46996785714285,113.9,Emergency Reorder
2024-12-03,SITE_007,16.46,25.8773,CEM_I,0.0,16.46,0.0,485,-9.4173,5.65,-40.850899999999946,True,False,27.489989285714284,82.46996785714285,False,Stockout,82.46996785714285,123.32,Emergency Reorder
2024-12-04,SITE_007,24.02,32.6478,CEM_I,0.0,24.02,0.0,485,-8.627799999999997,5.65,-49.47869999999995,True,False,27.489989285714284,82.46996785714285,False,Stockout,82.46996785714285,131.95,Emergency Reorder
2024-12-05,SITE_007,24.72,22.25410000000001,CEM_III,0.0,39.19,14.47,485,16.935899999999986,5.65,-32.542799999999964,True,False,27.489989285714284,82.46996785714285,False,Stockout,82.46996785714285,115.01,Emergency Reorder
2024-12-06,SITE_007,0.0,0.0,CEM_I,14.47,33.59,48.06,485,33.59,5.65,1.047200000000041,False,False,27.489989285714284,82.46996785714285,True,Low Stock,82.46996785714285,81.42,Place Reorder
2024-12-07,SITE_007,37.29,28.07,CEM_I,48.06,31.03,41.8,485,2.960000000000001,5.65,4.007200000000042,False,False,27.489989285714284,82.46996785714285,True,Low Stock,82.46996785714285,78.46,Place Reorder
2024-12-08,SITE_007,54.34,36.5773,CEM_III,41.8,18.36,5.82,485,-18.2173,5.65,-14.21009999999996,True,False,27.489989285714284,82.46996785714285,False,Stockout,82.46996785714285,96.68,Emergency Reorder
2024-12-09,SITE_007,23.67,28.32460000000001,CEM_II,5.82,17.85,0.0,485,-10.474600000000011,5.65,-24.68469999999997,True,False,27.489989285714284,82.46996785714285,False,Stockout,82.46996785714285,107.15,Emergency Reorder
2024-12-10,SITE_007,46.15,34.53409999999999,CEM_I,0.0,48.39,2.24,485,13.855900000000013,5.65,-10.82879999999996,True,False,27.489989285714284,82.46996785714285,False,Stockout,82.46996785714285,93.3,Emergency Reorder
2024-12-11,SITE_007,0.0,0.0,CEM_II,2.24,44.01,46.25,485,44.01,5.65,33.18120000000004,False,False,27.489989285714284,82.46996785714285,True,Low Stock,82.46996785714285,49.29,Place Reorder
2024-12-12,SITE_007,46.78,37.83749999999997,CEM_III,46.25,25.71,25.18,485,-12.12749999999997,5.65,21.05370000000007,False,False,27.489989285714284,82.46996785714285,True,Low Stock,82.46996785714285,61.42,Place Reorder
2024-12-13,SITE_007,42.17,36.3614,CEM_III,25.18,16.99,0.0,485,-19.371400000000005,5.65,1.6823000000000636,False,False,27.489989285714284,82.46996785714285,True,Low Stock,82.46996785714285,80.79,Place Reorder
2024-12-14,SITE_007,34.96,36.83229999999999,CEM_III,0.0,34.96,0.0,485,-1.8722999999999883,5.65,-0.1899999999999249,True,False,27.489989285714284,82.46996785714285,False,Stockout,82.46996785714285,82.66,Emergency Reorder
2024-12-15,SITE_007,40.52,36.35499999999998,CEM_III,0.0,40.52,0.0,485,4.1650000000000205,5.65,3.975000000000096,False,False,27.489989285714284,82.46996785714285,True,Low Stock,82.46996785714285,78.49,Place Reorder
2024-12-16,SITE_007,21.74,38.2625,CEM_III,0.0,21.74,0.0,485,-16.522500000000004,5.65,-12.547499999999909,True,False,27.489989285714284,82.46996785714285,False,Stockout,82.46996785714285,95.02,Emergency Reorder
2024-12-17,SITE_007,22.02,35.94240000000001,CEM_I,0.0,22.02,0.0,485,-13.922400000000014,5.65,-26.469899999999924,True,False,27.489989285714284,82.46996785714285,False,Stockout,82.46996785714285,108.94,Emergency Reorder
2024-12-18,SITE_007,30.59,27.851,CEM_II,0.0,40.23,9.64,485,12.378999999999998,5.65,-14.090899999999923,True,False,27.489989285714284,82.46996785714285,False,Stockout,82.46996785714285,96.56,Emergency Reorder
2024-12-19,SITE_007,0.0,0.0,CEM_III,9.64,39.2,48.84,485,39.2,5.65,25.10910000000008,False,False,27.489989285714284,82.46996785714285,True,Low Stock,82.46996785714285,57.36,Place Reorder
2024-12-20,SITE_007,31.49,24.957099999999983,CEM_II,48.84,34.01,51.36,485,9.052900000000015,5.65,34.16200000000009,False,False,27.489989285714284,82.46996785714285,True,Low Stock,82.46996785714285,48.31,Place Reorder
2024-12-21,SITE_007,52.67,36.401699999999984,CEM_III,51.36,17.54,16.23,485,-18.861699999999985,5.65,15.300300000000108,False,False,27.489989285714284,82.46996785714285,True,Low Stock,82.46996785714285,67.17,Place Reorder
2024-12-22,SITE_007,39.8,29.8728,CEM_III,16.23,35.16,11.59,485,5.287199999999995,5.65,20.587500000000105,False,False,27.489989285714284,82.46996785714285,True,Low Stock,82.46996785714285,61.88,Place Reorder
2024-12-23,SITE_007,34.3,30.3007,CEM_I,11.59,22.71,0.0,485,-7.590699999999998,5.65,12.996800000000103,False,False,27.489989285714284,82.46996785714285,True,Low Stock,82.46996785714285,69.47,Place Reorder
2024-12-24,SITE_007,38.1,35.5241,CEM_I,0.0,38.1,0.0,485,2.5759000000000043,5.65,15.57270000000011,False,False,27.489989285714284,82.46996785714285,True,Low Stock,82.46996785714285,66.9,Place Reorder
2024-12-25,SITE_007,45.0,38.45580000000001,CEM_I,0.0,45.0,0.0,485,6.544199999999989,5.65,22.1169000000001,False,False,27.489989285714284,82.46996785714285,True,Low Stock,82.46996785714285,60.35,Place Reorder
2024-12-26,SITE_007,18.63,33.04620000000001,CEM_I,0.0,18.63,0.0,485,-14.416200000000014,5.65,7.700700000000085,False,False,27.489989285714284,82.46996785714285,True,Low Stock,82.46996785714285,74.77,Place Reorder
2024-12-27,SITE_007,0.0,0.0,CEM_II,0.0,13.64,13.64,485,13.64,5.65,21.340700000000083,False,False,27.489989285714284,82.46996785714285,True,Low Stock,82.46996785714285,61.13,Place Reorder
2024-12-28,SITE_007,36.23,32.94610000000001,CEM_II,13.64,22.59,0.0,485,-10.356100000000009,5.65,10.984600000000077,False,False,27.489989285714284,82.46996785714285,True,Low Stock,82.46996785714285,71.49,Place Reorder
2024-12-29,SITE_007,0.0,0.0,CEM_II,0.0,22.14,22.14,485,22.14,5.65,33.12460000000008,False,False,27.489989285714284,82.46996785714285,True,Low Stock,82.46996785714285,49.35,Place Reorder
2024-12-30,SITE_007,39.15,38.86050000000003,CEM_I,22.14,17.01,0.0,485,-21.85050000000003,5.65,11.274100000000049,False,False,27.489989285714284,82.46996785714285,True,Low Stock,82.46996785714285,71.2,Place Reorder
2024-12-31,SITE_007,48.5,37.51349999999999,CEM_III,0.0,48.5,0.0,485,10.986500000000008,5.65,22.260600000000053,False,False,27.489989285714284,82.46996785714285,True,Low Stock,82.46996785714285,60.21,Place Reorder
2024-11-06,SITE_008,23.5,20.4777,CEM_III,18.72,10.65,5.87,260,-9.827699999999998,18.72,8.8923,False,False,30.284255357142857,90.85276607142858,True,Low Stock,90.85276607142858,81.96,Place Reorder
2024-11-07,SITE_008,31.36,27.94210000000001,CEM_II,5.87,27.58,2.09,260,-0.3621000000000123,18.72,8.530199999999988,False,False,30.284255357142857,90.85276607142858,True,Low Stock,90.85276607142858,82.32,Place Reorder
2024-11-08,SITE_008,29.9,31.187299999999983,CEM_I,2.09,27.81,0.0,260,-3.377299999999984,18.72,5.152900000000004,False,False,30.284255357142857,90.85276607142858,True,Low Stock,90.85276607142858,85.7,Place Reorder
2024-11-09,SITE_008,44.01,38.48960000000001,CEM_II,0.0,46.23,2.22,260,7.740399999999987,18.72,12.893299999999993,False,False,30.284255357142857,90.85276607142858,True,Low Stock,90.85276607142858,77.96,Place Reorder
2024-11-10,SITE_008,44.49,36.6274,CEM_II,2.22,42.27,0.0,260,5.642600000000002,18.72,18.53589999999999,False,False,30.284255357142857,90.85276607142858,True,Low Stock,90.85276607142858,72.32,Place Reorder
2024-11-11,SITE_008,13.77,27.437,CEM_I,0.0,13.77,0.0,260,-13.666999999999998,18.72,4.868899999999995,False,False,30.284255357142857,90.85276607142858,True,Low Stock,90.85276607142858,85.98,Place Reorder
2024-11-12,SITE_008,15.61,22.837,CEM_I,0.0,19.52,3.91,260,-3.317,18.72,1.5518999999999965,False,False,30.284255357142857,90.85276607142858,True,Low Stock,90.85276607142858,89.3,Place Reorder
2024-11-13,SITE_008,50.75,45.04449999999999,CEM_III,3.91,46.84,0.0,260,1.7955000000000112,18.72,3.3474000000000057,False,False,30.284255357142857,90.85276607142858,True,Low Stock,90.85276607142858,87.51,Place Reorder
2024-11-14,SITE_008,30.02,27.02220000000001,CEM_III,0.0,39.04,9.02,260,12.01779999999999,18.72,15.365199999999996,False,False,30.284255357142857,90.85276607142858,True,Low Stock,90.85276607142858,75.49,Place Reorder
2024-11-15,SITE_008,21.27,30.52180000000001,CEM_I,9.02,12.25,0.0,260,-18.27180000000001,18.72,-2.906600000000012,True,False,30.284255357142857,90.85276607142858,False,Stockout,90.85276607142858,93.76,Emergency Reorder
2024-11-16,SITE_008,27.29,29.0224,CEM_I,0.0,34.11,6.82,260,5.087599999999998,18.72,2.180999999999983,False,False,30.284255357142857,90.85276607142858,True,Low Stock,90.85276607142858,88.67,Place Reorder
2024-11-17,SITE_008,38.31,28.88879999999999,CEM_III,6.82,45.29,13.8,260,16.40120000000001,18.72,18.582199999999997,False,False,30.284255357142857,90.85276607142858,True,Low Stock,90.85276607142858,72.27,Place Reorder
2024-11-18,SITE_008,40.14,33.31730000000002,CEM_I,13.8,32.41,6.07,260,-0.9073000000000206,18.72,17.674899999999973,False,False,30.284255357142857,90.85276607142858,True,Low Stock,90.85276607142858,73.18,Place Reorder
2024-11-19,SITE_008,17.65,35.609099999999984,CEM_II,6.07,11.58,0.0,260,-24.029099999999985,18.72,-6.354200000000013,True,False,30.284255357142857,90.85276607142858,False,Stockout,90.85276607142858,97.21,Emergency Reorder
2024-11-20,SITE_008,25.14,28.0778,CEM_I,0.0,31.42,6.28,260,3.3422000000000054,18.72,-3.012000000000008,True,False,30.284255357142857,90.85276607142858,False,Stockout,90.85276607142858,93.86,Emergency Reorder
2024-11-21,SITE_008,28.84,40.7512,CEM_I,6.28,22.56,0.0,260,-18.1912,18.72,-21.20320000000001,True,False,30.284255357142857,90.85276607142858,False,Stockout,90.85276607142858,112.06,Emergency Reorder
2024-11-22,SITE_008,32.95,29.028799999999983,CEM_I,0.0,41.18,8.23,260,12.151200000000015,18.72,-9.051999999999987,True,False,30.284255357142857,90.85276607142858,False,Stockout,90.85276607142858,99.9,Emergency Reorder
2024-11-23,SITE_008,24.24,22.37310000000001,CEM_I,8.23,48.09,32.08,260,25.716899999999992,18.72,16.664900000000003,False,False,30.284255357142857,90.85276607142858,True,Low Stock,90.85276607142858,74.19,Place Reorder
2024-11-24,SITE_008,38.12,26.927999999999987,CEM_III,32.08,25.75,19.71,260,-1.1779999999999866,18.72,15.486900000000016,False,False,30.284255357142857,90.85276607142858,True,Low Stock,90.85276607142858,75.37,Place Reorder
2024-11-25,SITE_008,42.94,39.55890000000002,CEM_II,19.71,23.23,0.0,260,-16.328900000000022,18.72,-0.8420000000000059,True,False,30.284255357142857,90.85276607142858,False,Stockout,90.85276607142858,91.69,Emergency Reorder
2024-11-26,SITE_008,20.76,30.645399999999995,CEM_I,0.0,20.76,0.0,260,-9.885399999999994,18.72,-10.7274,True,False,30.284255357142857,90.85276607142858,False,Stockout,90.85276607142858,101.58,Emergency Reorder
2024-11-27,SITE_008,25.04,24.99150000000001,CEM_III,0.0,31.3,6.26,260,6.308499999999992,18.72,-4.418900000000008,True,False,30.284255357142857,90.85276607142858,False,Stockout,90.85276607142858,95.27,Emergency Reorder
2024-11-28,SITE_008,0.0,0.0,CEM_I,6.26,31.27,37.53,260,31.27,18.72,26.85109999999999,False,False,30.284255357142857,90.85276607142858,True,Low Stock,90.85276607142858,64.0,Place Reorder
2024-11-29,SITE_008,35.71,29.23610000000001,CEM_II,37.53,43.21,45.03,260,13.97389999999999,18.72,40.82499999999998,False,False,30.284255357142857,90.85276607142858,True,Low Stock,90.85276607142858,50.03,Place Reorder
2024-11-30,SITE_008,46.4,39.023900000000005,CEM_II,45.03,36.56,35.19,260,-2.4639000000000024,18.72,38.36109999999998,False,False,30.284255357142857,90.85276607142858,True,Low Stock,90.85276607142858,52.49,Place Reorder
2024-12-01,SITE_008,51.79,41.47119999999998,CEM_I,35.19,42.8,26.2,260,1.3288000000000153,18.72,39.6899,False,False,30.284255357142857,90.85276607142858,True,Low Stock,90.85276607142858,51.16,Place Reorder
2024-12-02,SITE_008,57.35,41.21040000000001,CEM_II,26.2,36.74,5.59,260,-4.470400000000005,18.72,35.21949999999999,False,False,30.284255357142857,90.85276607142858,True,Low Stock,90.85276607142858,55.63,Place Reorder
2024-12-03,SITE_008,33.73,26.97930000000001,CEM_I,5.59,49.13,20.99,260,22.150699999999997,18.72,57.37019999999998,False,False,30.284255357142857,90.85276607142858,True,Low Stock,90.85276607142858,33.48,Place Reorder
2024-12-04,SITE_008,31.61,31.59570000000002,CEM_I,20.99,10.62,0.0,260,-20.975700000000018,18.72,36.394499999999965,False,False,30.284255357142857,90.85276607142858,True,Low Stock,90.85276607142858,54.46,Place Reorder
2024-12-05,SITE_008,21.22,35.75820000000001,CEM_II,0.0,21.22,0.0,260,-14.53820000000001,18.72,21.856299999999955,False,False,30.284255357142857,90.85276607142858,True,Low Stock,90.85276607142858,69.0,Place Reorder
2024-12-06,SITE_008,32.71,40.15740000000002,CEM_III,0.0,32.71,0.0,260,-7.447400000000016,18.72,14.40889999999994,False,False,30.284255357142857,90.85276607142858,True,Low Stock,90.85276607142858,76.44,Place Reorder
2024-12-07,SITE_008,34.65,25.482200000000013,CEM_III,0.0,43.31,8.66,260,17.82779999999999,18.72,32.23669999999993,False,False,30.284255357142857,90.85276607142858,True,Low Stock,90.85276607142858,58.62,Place Reorder
2024-12-08,SITE_008,38.1,27.3605,CEM_I,8.66,48.1,18.66,260,20.739500000000003,18.72,52.976199999999935,False,False,30.284255357142857,90.85276607142858,True,Low Stock,90.85276607142858,37.88,Place Reorder
2024-12-09,SITE_008,0.0,0.0,CEM_III,18.66,43.05,61.71,260,43.05,18.72,96.02619999999992,False,False,30.284255357142857,90.85276607142858,False,Normal,90.85276607142858,0.0,No Action
2024-12-10,SITE_008,44.73,37.06480000000002,CEM_III,61.71,48.04,65.02,260,10.97519999999998,18.72,107.0013999999999,False,False,30.284255357142857,90.85276607142858,False,Normal,90.85276607142858,0.0,No Action
2024-12-11,SITE_008,55.37,39.18489999999999,CEM_III,65.02,27.97,37.62,260,-11.214899999999991,18.72,95.78649999999992,False,False,30.284255357142857,90.85276607142858,False,Normal,90.85276607142858,0.0,No Action
2024-12-12,SITE_008,38.89,26.72040000000002,CEM_II,37.62,35.86,34.59,260,9.13959999999998,18.72,104.9260999999999,False,False,30.284255357142857,90.85276607142858,False,Normal,90.85276607142858,0.0,No Action
2024-12-13,SITE_008,31.77,28.353200000000005,CEM_III,34.59,32.6,35.42,260,4.246799999999997,18.72,109.1728999999999,False,False,30.284255357142857,90.85276607142858,False,Normal,90.85276607142858,0.0,No Action
2024-12-14,SITE_008,51.51,39.13619999999998,CEM_I,35.42,20.08,3.99,260,-19.056199999999983,18.72,90.11669999999992,False,False,30.284255357142857,90.85276607142858,True,Low Stock,90.85276607142858,0.74,Place Reorder
2024-12-15,SITE_008,26.88,37.77479999999999,CEM_III,3.99,22.89,0.0,260,-14.884799999999991,18.72,75.23189999999992,False,False,30.284255357142857,90.85276607142858,True,Low Stock,90.85276607142858,15.62,Place Reorder
2024-12-16,SITE_008,0.0,0.0,CEM_I,0.0,35.74,35.74,260,35.74,18.72,110.97189999999992,False,False,30.284255357142857,90.85276607142858,False,Normal,90.85276607142858,0.0,No Action
2024-12-17,SITE_008,57.4,41.43069999999999,CEM_III,35.74,28.1,6.44,260,-13.330699999999986,18.72,97.64119999999994,False,False,30.284255357142857,90.85276607142858,False,Normal,90.85276607142858,0.0,No Action
2024-12-18,SITE_008,25.49,43.60789999999998,CEM_II,6.44,19.05,0.0,260,-24.55789999999998,18.72,73.08329999999995,False,False,30.284255357142857,90.85276607142858,True,Low Stock,90.85276607142858,17.77,Place Reorder
2024-12-19,SITE_008,21.55,32.58720000000001,CEM_III,0.0,21.55,0.0,260,-11.03720000000001,18.72,62.046099999999946,False,False,30.284255357142857,90.85276607142858,True,Low Stock,90.85276607142858,28.81,Place Reorder
2024-12-20,SITE_008,14.5,31.3703,CEM_III,0.0,14.5,0.0,260,-16.8703,18.72,45.175799999999946,False,False,30.284255357142857,90.85276607142858,True,Low Stock,90.85276607142858,45.68,Place Reorder
2024-12-21,SITE_008,10.18,30.689300000000024,CEM_I,0.0,10.18,0.0,260,-20.509300000000025,18.72,24.66649999999992,False,False,30.284255357142857,90.85276607142858,True,Low Stock,90.85276607142858,66.19,Place Reorder
2024-12-22,SITE_008,39.32,33.20470000000002,CEM_I,0.0,39.32,0.0,260,6.115299999999984,18.72,30.781799999999905,False,False,30.284255357142857,90.85276607142858,True,Low Stock,90.85276607142858,60.07,Place Reorder
2024-12-23,SITE_008,32.1,36.35120000000002,CEM_II,0.0,32.1,0.0,260,-4.2512000000000185,18.72,26.53059999999989,False,False,30.284255357142857,90.85276607142858,True,Low Stock,90.85276607142858,64.32,Place Reorder
2024-12-24,SITE_008,10.46,32.2301,CEM_I,0.0,10.46,0.0,260,-21.7701,18.72,4.760499999999887,False,False,30.284255357142857,90.85276607142858,True,Low Stock,90.85276607142858,86.09,Place Reorder
2024-12-25,SITE_008,30.97,26.42910000000001,CEM_III,0.0,30.97,0.0,260,4.54089999999999,18.72,9.301399999999877,False,False,30.284255357142857,90.85276607142858,True,Low Stock,90.85276607142858,81.55,Place Reorder
2024-12-26,SITE_008,28.83,27.162299999999995,CEM_III,0.0,28.83,0.0,260,1.6677000000000035,18.72,10.96909999999988,False,False,30.284255357142857,90.85276607142858,True,Low Stock,90.85276607142858,79.88,Place Reorder
2024-12-27,SITE_008,17.49,34.76390000000001,CEM_I,0.0,17.49,0.0,260,-17.27390000000001,18.72,-6.304800000000128,True,False,30.284255357142857,90.85276607142858,False,Stockout,90.85276607142858,97.16,Emergency Reorder
2024-12-28,SITE_008,15.86,37.45629999999999,CEM_III,0.0,15.86,0.0,260,-21.596299999999992,18.72,-27.90110000000012,True,False,30.284255357142857,90.85276607142858,False,Stockout,90.85276607142858,118.75,Emergency Reorder
2024-12-29,SITE_008,13.16,40.18239999999998,CEM_I,0.0,13.16,0.0,260,-27.02239999999998,18.72,-54.9235000000001,True,False,30.284255357142857,90.85276607142858,False,Stockout,90.85276607142858,145.78,Emergency Reorder
2024-12-30,SITE_008,26.0,25.164800000000003,CEM_II,0.0,26.0,0.0,260,0.8351999999999968,18.72,-54.0883000000001,True,False,30.284255357142857,90.85276607142858,False,Stockout,90.85276607142858,144.94,Emergency Reorder
2024-12-31,SITE_008,0.0,0.0,CEM_I,0.0,48.64,48.64,260,48.64,18.72,-5.448300000000103,True,False,30.284255357142857,90.85276607142858,False,Stockout,90.85276607142858,96.3,Emergency Reorder
2024-11-06,SITE_009,9.08,9.083700000000013,CEM_III,19155.42,18.64,19164.98,352,9.556299999999988,19155.42,19164.9763,False,True,10.87276071428571,32.618282142857126,False,Overcapacity,32.618282142857126,0.0,Pause Delivery
2024-11-07,SITE_009,11.93,11.931300000000004,CEM_II,19164.98,36.8,19189.85,352,24.868699999999997,19155.42,19189.845,False,True,10.87276071428571,32.618282142857126,False,Overcapacity,32.618282142857126,0.0,Pause Delivery
2024-11-08,SITE_009,7.8,7.799699999999989,CEM_III,19189.85,30.14,19212.19,352,22.340300000000013,19155.42,19212.1853,False,True,10.87276071428571,32.618282142857126,False,Overcapacity,32.618282142857126,0.0,Pause Delivery
2024-11-09,SITE_009,14.54,14.540499999999977,CEM_III,19212.19,27.13,19224.78,352,12.589500000000022,19155.42,19224.7748,False,True,10.87276071428571,32.618282142857126,False,Overcapacity,32.618282142857126,0.0,Pause Delivery
2024-11-10,SITE_009,7.25,7.25,CEM_III,19224.78,35.31,19252.84,352,28.06,19155.42,19252.8348,False,True,10.87276071428571,32.618282142857126,False,Overcapacity,32.618282142857126,0.0,Pause Delivery
2024-11-11,SITE_009,9.57,9.578500000000007,CEM_I,19252.84,16.46,19259.73,352,6.881499999999994,19155.42,19259.7163,False,True,10.87276071428571,32.618282142857126,False,Overcapacity,32.618282142857126,0.0,Pause Delivery
2024-11-12,SITE_009,12.29,12.283799999999983,CEM_II,19259.73,19.97,19267.41,352,7.686200000000015,19155.42,19267.4025,False,True,10.87276071428571,32.618282142857126,False,Overcapacity,32.618282142857126,0.0,Pause Delivery
2024-11-13,SITE_009,4.03,4.028099999999994,CEM_I,19267.41,13.49,19276.87,352,9.461900000000009,19155.42,19276.8644,False,True,10.87276071428571,32.618282142857126,False,Overcapacity,32.618282142857126,0.0,Pause Delivery
2024-11-14,SITE_009,10.55,10.543799999999992,CEM_II,19276.87,35.58,19301.9,352,25.036200000000008,19155.42,19301.9006,False,True,10.87276071428571,32.618282142857126,False,Overcapacity,32.618282142857126,0.0,Pause Delivery
2024-11-15,SITE_009,4.74,4.7379000000000016,CEM_III,19301.9,46.68,19343.84,352,41.9421,19155.42,19343.8427,False,True,10.87276071428571,32.618282142857126,False,Overcapacity,32.618282142857126,0.0,Pause Delivery
2024-11-16,SITE_009,6.98,6.979700000000009,CEM_I,19343.84,41.32,19378.18,352,34.34029999999999,19155.42,19378.183,False,True,10.87276071428571,32.618282142857126,False,Overcapacity,32.618282142857126,0.0,Pause Delivery
2024-11-17,SITE_009,18.8,18.79629999999997,CEM_I,19378.18,35.56,19394.94,352,16.763700000000032,19155.42,19394.9467,False,True,10.87276071428571,32.618282142857126,False,Overcapacity,32.618282142857126,0.0,Pause Delivery
2024-11-18,SITE_009,12.87,12.871399999999994,CEM_I,19394.94,35.49,19417.56,352,22.618600000000008,19155.42,19417.5653,False,True,10.87276071428571,32.618282142857126,False,Overcapacity,32.618282142857126,0.0,Pause Delivery
2024-11-19,SITE_009,13.45,13.447300000000023,CEM_I,19417.56,33.51,19437.62,352,20.06269999999997,19155.42,19437.628,False,True,10.87276071428571,32.618282142857126,False,Overcapacity,32.618282142857126,0.0,Pause Delivery
2024-11-20,SITE_009,13.82,13.831299999999985,CEM_II,19437.62,15.27,19439.07,352,1.438700000000015,19155.42,19439.0667,False,True,10.87276071428571,32.618282142857126,False,Overcapacity,32.618282142857126,0.0,Pause Delivery
2024-11-21,SITE_009,18.52,18.520199999999985,CEM_III,19439.07,10.35,19430.9,352,-8.170199999999985,19155.42,19430.8965,False,True,10.87276071428571,32.618282142857126,False,Overcapacity,32.618282142857126,0.0,Pause Delivery
2024-11-22,SITE_009,11.58,11.579199999999991,CEM_II,19430.9,42.26,19461.58,352,30.680800000000005,19155.42,19461.5773,False,True,10.87276071428571,32.618282142857126,False,Overcapacity,32.618282142857126,0.0,Pause Delivery
2024-11-23,SITE_009,7.1,7.101100000000013,CEM_III,19461.58,45.02,19499.5,352,37.9189,19155.42,19499.4962,False,True,10.87276071428571,32.618282142857126,False,Overcapacity,32.618282142857126,0.0,Pause Delivery
2024-11-24,SITE_009,12.34,12.354999999999992,CEM_III,19499.5,42.14,19529.3,352,29.78500000000001,19155.42,19529.2812,False,True,10.87276071428571,32.618282142857126,False,Overcapacity,32.618282142857126,0.0,Pause Delivery
2024-11-25,SITE_009,18.53,18.52829999999998,CEM_III,19529.3,39.75,19550.52,352,21.22170000000002,19155.42,19550.5029,False,True,10.87276071428571,32.618282142857126,False,Overcapacity,32.618282142857126,0.0,Pause Delivery
2024-11-26,SITE_009,10.48,10.480500000000012,CEM_III,19550.52,30.87,19570.91,352,20.38949999999999,19155.42,19570.8924,False,True,10.87276071428571,32.618282142857126,False,Overcapacity,32.618282142857126,0.0,Pause Delivery
2024-11-27,SITE_009,15.93,15.92950000000001,CEM_III,19570.91,24.25,19579.23,352,8.32049999999999,19155.42,19579.2129,False,True,10.87276071428571,32.618282142857126,False,Overcapacity,32.618282142857126,0.0,Pause Delivery
2024-11-28,SITE_009,6.57,6.554199999999993,CEM_II,19579.23,44.78,19617.44,352,38.22580000000001,19155.42,19617.4387,False,True,10.87276071428571,32.618282142857126,False,Overcapacity,32.618282142857126,0.0,Pause Delivery
2024-11-29,SITE_009,15.26,15.259799999999991,CEM_II,19617.44,32.17,19634.35,352,16.91020000000001,19155.42,19634.3489,False,True,10.87276071428571,32.618282142857126,False,Overcapacity,32.618282142857126,0.0,Pause Delivery
2024-11-30,SITE_009,8.74,8.740600000000006,CEM_I,19634.35,41.16,19666.77,352,32.41939999999999,19155.42,19666.7683,False,True,10.87276071428571,32.618282142857126,False,Overcapacity,32.618282142857126,0.0,Pause Delivery
2024-12-01,SITE_009,9.0,9.000499999999999,CEM_III,19666.77,45.75,19703.52,352,36.7495,19155.42,19703.5178,False,True,10.87276071428571,32.618282142857126,False,Overcapacity,32.618282142857126,0.0,Pause Delivery
2024-12-02,SITE_009,8.01,8.008399999999996,CEM_I,19703.52,41.54,19737.05,352,33.531600000000005,19155.42,19737.0494,False,True,10.87276071428571,32.618282142857126,False,Overcapacity,32.618282142857126,0.0,Pause Delivery
2024-12-03,SITE_009,8.65,8.642600000000002,CEM_I,19737.05,40.35,19768.75,352,31.7074,19155.42,19768.7568,False,True,10.87276071428571,32.618282142857126,False,Overcapacity,32.618282142857126,0.0,Pause Delivery
2024-12-04,SITE_009,7.24,7.240100000000007,CEM_I,19768.75,34.56,19796.07,352,27.3199,19155.42,19796.0767,False,True,10.87276071428571,32.618282142857126,False,Overcapacity,32.618282142857126,0.0,Pause Delivery
2024-12-05,SITE_009,6.21,6.213000000000006,CEM_I,19796.07,28.68,19818.54,352,22.46699999999999,19155.42,19818.5437,False,True,10.87276071428571,32.618282142857126,False,Overcapacity,32.618282142857126,0.0,Pause Delivery
2024-12-06,SITE_009,12.2,12.200100000000022,CEM_II,19818.54,45.93,19852.27,352,33.72989999999998,19155.42,19852.2736,False,True,10.87276071428571,32.618282142857126,False,Overcapacity,32.618282142857126,0.0,Pause Delivery
2024-12-07,SITE_009,14.09,14.089599999999985,CEM_I,19852.27,45.09,19883.27,352,31.00040000000002,19155.42,19883.274,False,True,10.87276071428571,32.618282142857126,False,Overcapacity,32.618282142857126,0.0,Pause Delivery
2024-12-08,SITE_009,11.17,11.17039999999999,CEM_II,19883.27,33.93,19906.03,352,22.75960000000001,19155.42,19906.0336,False,True,10.87276071428571,32.618282142857126,False,Overcapacity,32.618282142857126,0.0,Pause Delivery
2024-12-09,SITE_009,12.12,12.11939999999999,CEM_I,19906.03,36.83,19930.74,352,24.710600000000007,19155.42,19930.7442,False,True,10.87276071428571,32.618282142857126,False,Overcapacity,32.618282142857126,0.0,Pause Delivery
2024-12-10,SITE_009,8.03,8.027499999999987,CEM_I,19930.74,38.95,19961.66,352,30.922500000000014,19155.42,19961.6667,False,True,10.87276071428571,32.618282142857126,False,Overcapacity,32.618282142857126,0.0,Pause Delivery
2024-12-11,SITE_009,16.14,16.135100000000033,CEM_I,19961.66,23.55,19969.07,352,7.414899999999967,19155.42,19969.0816,False,True,10.87276071428571,32.618282142857126,False,Overcapacity,32.618282142857126,0.0,Pause Delivery
2024-12-12,SITE_009,17.61,17.605699999999967,CEM_I,19969.07,28.84,19980.3,352,11.234300000000031,19155.42,19980.3159,False,True,10.87276071428571,32.618282142857126,False,Overcapacity,32.618282142857126,0.0,Pause Delivery
2024-12-13,SITE_009,15.1,15.10029999999998,CEM_II,19980.3,31.11,19996.31,352,16.00970000000002,19155.42,19996.3256,False,True,10.87276071428571,32.618282142857126,False,Overcapacity,32.618282142857126,0.0,Pause Delivery
2024-12-14,SITE_009,6.07,6.069700000000001,CEM_II,19996.31,23.46,20013.7,352,17.3903,19155.42,20013.7159,False,True,10.87276071428571,32.618282142857126,False,Overcapacity,32.618282142857126,0.0,Pause Delivery
2024-12-15,SITE_009,8.27,8.270099999999989,CEM_II,20013.7,40.43,20045.86,352,32.15990000000001,19155.42,20045.8758,False,True,10.87276071428571,32.618282142857126,False,Overcapacity,32.618282142857126,0.0,Pause Delivery
2024-12-16,SITE_009,7.66,7.65739999999999,CEM_I,20045.86,18.02,20056.22,352,10.36260000000001,19155.42,20056.2384,False,True,10.87276071428571,32.618282142857126,False,Overcapacity,32.618282142857126,0.0,Pause Delivery
2024-12-17,SITE_009,9.45,9.449800000000018,CEM_III,20056.22,23.66,20070.43,352,14.210199999999984,19155.42,20070.4486,False,True,10.87276071428571,32.618282142857126,False,Overcapacity,32.618282142857126,0.0,Pause Delivery
2024-12-18,SITE_009,7.88,7.880399999999996,CEM_I,20070.43,17.3,20079.85,352,9.419600000000004,19155.42,20079.8682,False,True,10.87276071428571,32.618282142857126,False,Overcapacity,32.618282142857126,0.0,Pause Delivery
2024-12-19,SITE_009,6.18,6.1777,CEM_I,20079.85,14.88,20088.55,352,8.702300000000001,19155.42,20088.5705,False,True,10.87276071428571,32.618282142857126,False,Overcapacity,32.618282142857126,0.0,Pause Delivery
2024-12-20,SITE_009,14.12,14.119899999999973,CEM_II,20088.55,30.03,20104.46,352,15.910100000000028,19155.42,20104.4806,False,True,10.87276071428571,32.618282142857126,False,Overcapacity,32.618282142857126,0.0,Pause Delivery
2024-12-21,SITE_009,17.87,17.870199999999958,CEM_I,20104.46,15.42,20102.01,352,-2.450199999999958,19155.42,20102.0304,False,True,10.87276071428571,32.618282142857126,False,Overcapacity,32.618282142857126,0.0,Pause Delivery
2024-12-22,SITE_009,8.87,8.869100000000005,CEM_III,20102.01,48.86,20142.0,352,39.9909,19155.42,20142.0213,False,True,10.87276071428571,32.618282142857126,False,Overcapacity,32.618282142857126,0.0,Pause Delivery
2024-12-23,SITE_009,14.2,14.199300000000026,CEM_I,20142.0,31.86,20159.66,352,17.660699999999974,19155.42,20159.682,False,True,10.87276071428571,32.618282142857126,False,Overcapacity,32.618282142857126,0.0,Pause Delivery
2024-12-24,SITE_009,16.07,16.06999999999999,CEM_II,20159.66,34.68,20178.27,352,18.61000000000001,19155.42,20178.292,False,True,10.87276071428571,32.618282142857126,False,Overcapacity,32.618282142857126,0.0,Pause Delivery
2024-12-25,SITE_009,11.13,10.016999999999998,CEM_III,20178.27,17.77,20184.91,352,7.753000000000002,19155.42,20186.045,False,True,10.87276071428571,32.618282142857126,False,Overcapacity,32.618282142857126,0.0,Pause Delivery
2024-12-26,SITE_009,10.87,10.871099999999998,CEM_III,20184.91,24.6,20198.64,352,13.728900000000005,19155.42,20199.7739,False,True,10.87276071428571,32.618282142857126,False,Overcapacity,32.618282142857126,0.0,Pause Delivery
2024-12-27,SITE_009,15.05,15.049399999999974,CEM_II,20198.64,19.25,20202.84,352,4.200600000000026,19155.42,20203.9745,False,True,10.87276071428571,32.618282142857126,False,Overcapacity,32.618282142857126,0.0,Pause Delivery
2024-12-28,SITE_009,8.06,8.059999999999983,CEM_II,20202.84,38.32,20233.1,352,30.26000000000002,19155.42,20234.2345,False,True,10.87276071428571,32.618282142857126,False,Overcapacity,32.618282142857126,0.0,Pause Delivery
2024-12-29,SITE_009,6.66,6.659299999999997,CEM_I,20233.1,15.24,20241.68,352,8.580700000000004,19155.42,20242.8152,False,True,10.87276071428571,32.618282142857126,False,Overcapacity,32.618282142857126,0.0,Pause Delivery
2024-12-30,SITE_009,13.48,13.279800000000012,CEM_III,20241.68,21.79,20249.99,352,8.510199999999987,19155.42,20251.3254,False,True,10.87276071428571,32.618282142857126,False,Overcapacity,32.618282142857126,0.0,Pause Delivery
2024-12-31,SITE_009,0.0,0.0,CEM_III,20249.99,35.41,20285.4,352,35.41,19155.42,20286.7354,False,True,10.87276071428571,32.618282142857126,False,Overcapacity,32.618282142857126,0.0,Pause Delivery
2024-11-06,SITE_010,17.98,32.01839999999999,CEM_I,4.58,13.4,0.0,158,-18.618399999999998,4.58,-14.038399999999994,True,False,31.523130357142858,94.56939107142857,False,Stockout,94.56939107142857,108.61,Emergency Reorder
2024-11-07,SITE_010,43.52,42.34430000000001,CEM_II,0.0,43.52,0.0,158,1.175699999999992,4.58,-12.862700000000002,True,False,31.523130357142858,94.56939107142857,False,Stockout,94.56939107142857,107.43,Emergency Reorder
2024-11-08,SITE_010,14.77,42.57060000000001,CEM_III,0.0,14.77,0.0,158,-27.800600000000014,4.58,-40.66330000000002,True,False,31.523130357142858,94.56939107142857,False,Stockout,94.56939107142857,135.23,Emergency Reorder
2024-11-09,SITE_010,26.73,26.786500000000004,CEM_II,0.0,26.73,0.0,158,-0.0565000000000033,4.58,-40.71980000000002,True,False,31.523130357142858,94.56939107142857,False,Stockout,94.56939107142857,135.29,Emergency Reorder
2024-11-10,SITE_010,29.44,26.73839999999999,CEM_II,0.0,36.81,7.37,158,10.07160000000001,4.58,-30.64820000000001,True,False,31.523130357142858,94.56939107142857,False,Stockout,94.56939107142857,125.22,Emergency Reorder
2024-11-11,SITE_010,28.53,34.1452,CEM_I,7.37,21.16,0.0,158,-12.985200000000004,4.58,-43.63340000000001,True,False,31.523130357142858,94.56939107142857,False,Stockout,94.56939107142857,138.2,Emergency Reorder
2024-11-12,SITE_010,25.17,31.760099999999984,CEM_I,0.0,31.46,6.29,158,-0.3000999999999827,4.58,-43.9335,True,False,31.523130357142858,94.56939107142857,False,Stockout,94.56939107142857,138.5,Emergency Reorder
2024-11-13,SITE_010,27.78,25.363199999999992,CEM_III,6.29,21.49,0.0,158,-3.8731999999999935,4.58,-47.80669999999999,True,False,31.523130357142858,94.56939107142857,False,Stockout,94.56939107142857,142.38,Emergency Reorder
2024-11-14,SITE_010,31.08,32.013899999999985,CEM_II,0.0,31.08,0.0,158,-0.9338999999999872,4.58,-48.74059999999997,True,False,31.523130357142858,94.56939107142857,False,Stockout,94.56939107142857,143.31,Emergency Reorder
2024-11-15,SITE_010,41.84,33.346599999999995,CEM_III,0.0,41.84,0.0,158,8.493400000000008,4.58,-40.24719999999997,True,False,31.523130357142858,94.56939107142857,False,Stockout,94.56939107142857,134.82,Emergency Reorder
2024-11-16,SITE_010,0.0,0.0,CEM_II,0.0,32.26,32.26,158,32.26,4.58,-7.987199999999971,True,False,31.523130357142858,94.56939107142857,False,Stockout,94.56939107142857,102.56,Emergency Reorder
2024-11-17,SITE_010,57.16,43.43879999999999,CEM_III,32.26,43.51,18.61,158,0.0712000000000045,4.58,-7.915999999999967,True,False,31.523130357142858,94.56939107142857,False,Stockout,94.56939107142857,102.49,Emergency Reorder
2024-11-18,SITE_010,0.0,0.0,CEM_II,18.61,39.16,57.77,158,39.16,4.58,31.244000000000028,False,False,31.523130357142858,94.56939107142857,True,Low Stock,94.56939107142857,63.33,Place Reorder
2024-11-19,SITE_010,40.32,32.365200000000016,CEM_II,57.77,44.34,61.79,158,11.974799999999988,4.58,43.218800000000016,False,False,31.523130357142858,94.56939107142857,True,Low Stock,94.56939107142857,51.35,Place Reorder
2024-11-20,SITE_010,37.0,29.6105,CEM_I,61.79,39.75,64.54,158,10.139500000000002,4.58,53.358300000000014,False,False,31.523130357142858,94.56939107142857,True,Low Stock,94.56939107142857,41.21,Place Reorder
2024-11-21,SITE_010,55.04,44.03850000000001,CEM_III,64.54,41.37,50.87,158,-2.668500000000016,4.58,50.689800000000005,False,False,31.523130357142858,94.56939107142857,True,Low Stock,94.56939107142857,43.88,Place Reorder
2024-11-22,SITE_010,30.74,24.6878,CEM_I,50.87,26.45,46.58,158,1.7622,4.58,52.452,False,False,31.523130357142858,94.56939107142857,True,Low Stock,94.56939107142857,42.12,Place Reorder
2024-11-23,SITE_010,55.73,41.28569999999999,CEM_I,46.58,17.8,8.65,158,-23.48569999999999,4.58,28.96630000000001,False,False,31.523130357142858,94.56939107142857,True,Low Stock,94.56939107142857,65.6,Place Reorder
2024-11-24,SITE_010,35.73,29.941399999999994,CEM_II,8.65,36.01,8.93,158,6.068600000000004,4.58,35.034900000000015,False,False,31.523130357142858,94.56939107142857,True,Low Stock,94.56939107142857,59.53,Place Reorder
2024-11-25,SITE_010,54.14,32.376299999999986,CEM_II,8.93,45.21,0.0,158,12.833700000000016,4.58,47.86860000000003,False,False,31.523130357142858,94.56939107142857,True,Low Stock,94.56939107142857,46.7,Place Reorder
2024-11-26,SITE_010,21.54,26.574800000000003,CEM_II,0.0,26.93,5.39,158,0.3551999999999964,4.58,48.223800000000026,False,False,31.523130357142858,94.56939107142857,True,Low Stock,94.56939107142857,46.35,Place Reorder
2024-11-27,SITE_010,40.45,43.7413,CEM_III,5.39,35.06,0.0,158,-8.6813,4.58,39.542500000000025,False,False,31.523130357142858,94.56939107142857,True,Low Stock,94.56939107142857,55.03,Place Reorder
2024-11-28,SITE_010,34.44,31.413400000000003,CEM_II,0.0,34.44,0.0,158,3.026599999999995,4.58,42.56910000000002,False,False,31.523130357142858,94.56939107142857,True,Low Stock,94.56939107142857,52.0,Place Reorder
2024-11-29,SITE_010,11.28,29.441799999999983,CEM_III,0.0,14.1,2.82,158,-15.341799999999983,4.58,27.227300000000035,False,False,31.523130357142858,94.56939107142857,True,Low Stock,94.56939107142857,67.34,Place Reorder
2024-11-30,SITE_010,33.39,30.3946,CEM_I,2.82,30.57,0.0,158,0.1753999999999997,4.58,27.40270000000004,False,False,31.523130357142858,94.56939107142857,True,Low Stock,94.56939107142857,67.17,Place Reorder
2024-12-01,SITE_010,18.43,42.82819999999999,CEM_II,0.0,18.43,0.0,158,-24.39819999999999,4.58,3.004500000000052,False,False,31.523130357142858,94.56939107142857,True,Low Stock,94.56939107142857,91.56,Place Reorder
2024-12-02,SITE_010,17.66,41.86310000000001,CEM_I,0.0,17.66,0.0,158,-24.20310000000001,4.58,-21.19859999999996,True,False,31.523130357142858,94.56939107142857,False,Stockout,94.56939107142857,115.77,Emergency Reorder
2024-12-03,SITE_010,23.26,29.505,CEM_II,0.0,23.26,0.0,158,-6.244999999999997,4.58,-27.44359999999996,True,False,31.523130357142858,94.56939107142857,False,Stockout,94.56939107142857,122.01,Emergency Reorder
2024-12-04,SITE_010,11.45,38.2247,CEM_II,0.0,11.45,0.0,158,-26.7747,4.58,-54.21829999999996,True,False,31.523130357142858,94.56939107142857,False,Stockout,94.56939107142857,148.79,Emergency Reorder
2024-12-05,SITE_010,28.85,28.7545,CEM_III,0.0,28.85,0.0,158,0.0955000000000048,4.58,-54.12279999999996,True,False,31.523130357142858,94.56939107142857,False,Stockout,94.56939107142857,148.69,Emergency Reorder
2024-12-06,SITE_010,36.99,27.756399999999985,CEM_II,0.0,36.99,0.0,158,9.233600000000015,4.58,-44.88919999999993,True,False,31.523130357142858,94.56939107142857,False,Stockout,94.56939107142857,139.46,Emergency Reorder
2024-12-07,SITE_010,22.08,34.40899999999999,CEM_II,0.0,22.08,0.0,158,-12.328999999999994,4.58,-57.218199999999925,True,False,31.523130357142858,94.56939107142857,False,Stockout,94.56939107142857,151.79,Emergency Reorder
2024-12-08,SITE_010,22.58,26.58640000000001,CEM_I,0.0,28.23,5.65,158,1.6435999999999922,4.58,-55.57459999999993,True,False,31.523130357142858,94.56939107142857,False,Stockout,94.56939107142857,150.14,Emergency Reorder
2024-12-09,SITE_010,34.21,33.094300000000004,CEM_III,5.65,28.56,0.0,158,-4.534300000000005,4.58,-60.108899999999934,True,False,31.523130357142858,94.56939107142857,False,Stockout,94.56939107142857,154.68,Emergency Reorder
2024-12-10,SITE_010,41.28,35.530400000000014,CEM_I,0.0,41.28,0.0,158,5.749599999999987,4.58,-54.35929999999996,True,False,31.523130357142858,94.56939107142857,False,Stockout,94.56939107142857,148.93,Emergency Reorder
2024-12-11,SITE_010,12.79,32.4412,CEM_II,0.0,12.79,0.0,158,-19.651200000000003,4.58,-74.01049999999996,True,False,31.523130357142858,94.56939107142857,False,Stockout,94.56939107142857,168.58,Emergency Reorder
2024-12-12,SITE_010,14.7,33.195699999999995,CEM_III,0.0,14.7,0.0,158,-18.4957,4.58,-92.50619999999996,True,False,31.523130357142858,94.56939107142857,False,Stockout,94.56939107142857,187.08,Emergency Reorder
2024-12-13,SITE_010,43.67,37.38330000000002,CEM_II,0.0,44.3,0.63,158,6.916699999999977,4.58,-85.58949999999997,True,False,31.523130357142858,94.56939107142857,False,Stockout,94.56939107142857,180.16,Emergency Reorder
2024-12-14,SITE_010,18.42,28.572000000000003,CEM_III,0.63,17.79,0.0,158,-10.782000000000004,4.58,-96.37149999999998,True,False,31.523130357142858,94.56939107142857,False,Stockout,94.56939107142857,190.94,Emergency Reorder
2024-12-15,SITE_010,40.48,32.018799999999985,CEM_III,0.0,40.48,0.0,158,8.461200000000012,4.58,-87.91029999999996,True,False,31.523130357142858,94.56939107142857,False,Stockout,94.56939107142857,182.48,Emergency Reorder
2024-12-16,SITE_010,33.34,37.63370000000001,CEM_II,0.0,33.34,0.0,158,-4.293700000000008,4.58,-92.20399999999998,True,False,31.523130357142858,94.56939107142857,False,Stockout,94.56939107142857,186.77,Emergency Reorder
2024-12-17,SITE_010,35.86,34.981799999999986,CEM_III,0.0,35.86,0.0,158,0.8782000000000139,4.58,-91.32579999999996,True,False,31.523130357142858,94.56939107142857,False,Stockout,94.56939107142857,185.9,Emergency Reorder
2024-12-18,SITE_010,44.73,36.402800000000006,CEM_II,0.0,44.92,0.19,158,8.517199999999995,4.58,-82.80859999999997,True,False,31.523130357142858,94.56939107142857,False,Stockout,94.56939107142857,177.38,Emergency Reorder
2024-12-19,SITE_010,43.19,29.625899999999987,CEM_III,0.19,43.0,0.0,158,13.374100000000013,4.58,-69.43449999999996,True,False,31.523130357142858,94.56939107142857,False,Stockout,94.56939107142857,164.0,Emergency Reorder
2024-12-20,SITE_010,24.03,22.438599999999983,CEM_II,0.0,30.04,6.01,158,7.601400000000016,4.58,-61.83309999999993,True,False,31.523130357142858,94.56939107142857,False,Stockout,94.56939107142857,156.4,Emergency Reorder
2024-12-21,SITE_010,0.0,0.0,CEM_III,6.01,16.78,22.79,158,16.78,4.58,-45.05309999999994,True,False,31.523130357142858,94.56939107142857,False,Stockout,94.56939107142857,139.62,Emergency Reorder
2024-12-22,SITE_010,35.87,31.939200000000024,CEM_III,22.79,31.22,18.14,158,-0.7192000000000256,4.58,-45.77229999999996,True,False,31.523130357142858,94.56939107142857,False,Stockout,94.56939107142857,140.34,Emergency Reorder
2024-12-23,SITE_010,36.25,26.824700000000007,CEM_III,18.14,49.89,31.78,158,23.065299999999997,4.58,-22.706999999999965,True,False,31.523130357142858,94.56939107142857,False,Stockout,94.56939107142857,117.28,Emergency Reorder
2024-12-24,SITE_010,47.71,36.3717,CEM_I,31.78,25.0,9.07,158,-11.371699999999995,4.58,-34.07869999999997,True,False,31.523130357142858,94.56939107142857,False,Stockout,94.56939107142857,128.65,Emergency Reorder
2024-12-25,SITE_010,27.83,34.8681,CEM_II,9.07,18.76,0.0,158,-16.108099999999997,4.58,-50.18679999999996,True,False,31.523130357142858,94.56939107142857,False,Stockout,94.56939107142857,144.76,Emergency Reorder
2024-12-26,SITE_010,44.49,37.412600000000005,CEM_I,0.0,44.49,0.0,158,7.077399999999997,4.58,-43.109399999999965,True,False,31.523130357142858,94.56939107142857,False,Stockout,94.56939107142857,137.68,Emergency Reorder
2024-12-27,SITE_010,13.18,30.9797,CEM_III,0.0,13.18,0.0,158,-17.7997,4.58,-60.90909999999997,True,False,31.523130357142858,94.56939107142857,False,Stockout,94.56939107142857,155.48,Emergency Reorder
2024-12-28,SITE_010,23.58,30.426099999999977,CEM_III,0.0,23.58,0.0,158,-6.8460999999999785,4.58,-67.75519999999995,True,False,31.523130357142858,94.56939107142857,False,Stockout,94.56939107142857,162.32,Emergency Reorder
2024-12-29,SITE_010,39.47,30.53069999999998,CEM_II,0.0,42.69,3.22,158,12.159300000000016,4.58,-55.59589999999993,True,False,31.523130357142858,94.56939107142857,False,Stockout,94.56939107142857,150.17,Emergency Reorder
2024-12-30,SITE_010,22.87,40.04859999999999,CEM_I,3.22,19.65,0.0,158,-20.398599999999995,4.58,-75.99449999999992,True,False,31.523130357142858,94.56939107142857,False,Stockout,94.56939107142857,170.56,Emergency Reorder
2024-12-31,SITE_010,32.0,36.2508,CEM_I,0.0,32.0,0.0,158,-4.250799999999998,4.58,-80.24529999999992,True,False,31.523130357142858,94.56939107142857,False,Stockout,94.56939107142857,174.81,Emergency Reorder
2024-11-06,SITE_011,26.16,37.9314,CEM_II,0.0,26.16,0.0,287,-11.771399999999996,0.0,-11.771399999999996,True,False,28.698691071428566,86.0960732142857,False,Stockout,86.0960732142857,97.87,Emergency Reorder
2024-11-07,SITE_011,13.5,30.384500000000013,CEM_III,0.0,13.5,0.0,287,-16.884500000000013,0.0,-28.65590000000001,True,False,28.698691071428566,86.0960732142857,False,Stockout,86.0960732142857,114.75,Emergency Reorder
2024-11-08,SITE_011,0.0,0.0,CEM_III,0.0,10.34,10.34,287,10.34,0.0,-18.31590000000001,True,False,28.698691071428566,86.0960732142857,False,Stockout,86.0960732142857,104.41,Emergency Reorder
2024-11-09,SITE_011,41.08,36.35979999999999,CEM_I,10.34,30.74,0.0,287,-5.619799999999994,0.0,-23.935700000000004,True,False,28.698691071428566,86.0960732142857,False,Stockout,86.0960732142857,110.03,Emergency Reorder
2024-11-10,SITE_011,16.04,34.010699999999986,CEM_III,0.0,16.04,0.0,287,-17.970699999999987,0.0,-41.90639999999999,True,False,28.698691071428566,86.0960732142857,False,Stockout,86.0960732142857,128.0,Emergency Reorder
2024-11-11,SITE_011,29.68,36.77210000000001,CEM_I,0.0,29.68,0.0,287,-7.092100000000009,0.0,-48.9985,True,False,28.698691071428566,86.0960732142857,False,Stockout,86.0960732142857,135.09,Emergency Reorder
2024-11-12,SITE_011,23.7,32.90549999999999,CEM_III,0.0,29.62,5.92,287,-3.2854999999999883,0.0,-52.28399999999999,True,False,28.698691071428566,86.0960732142857,False,Stockout,86.0960732142857,138.38,Emergency Reorder
2024-11-13,SITE_011,31.32,27.498300000000004,CEM_II,5.92,42.18,16.78,287,14.681699999999996,0.0,-37.60229999999999,True,False,28.698691071428566,86.0960732142857,False,Stockout,86.0960732142857,123.7,Emergency Reorder
2024-11-14,SITE_011,32.02,33.9084,CEM_III,16.78,15.24,0.0,287,-18.6684,0.0,-56.27069999999999,True,False,28.698691071428566,86.0960732142857,False,Stockout,86.0960732142857,142.37,Emergency Reorder
2024-11-15,SITE_011,19.5,35.2364,CEM_I,0.0,19.5,0.0,287,-15.736400000000003,0.0,-72.0071,True,False,28.698691071428566,86.0960732142857,False,Stockout,86.0960732142857,158.1,Emergency Reorder
2024-11-16,SITE_011,18.02,40.1845,CEM_III,0.0,18.02,0.0,287,-22.1645,0.0,-94.1716,True,False,28.698691071428566,86.0960732142857,False,Stockout,86.0960732142857,180.27,Emergency Reorder
2024-11-17,SITE_011,0.0,0.0,CEM_III,0.0,20.11,20.11,287,20.11,0.0,-74.0616,True,False,28.698691071428566,86.0960732142857,False,Stockout,86.0960732142857,160.16,Emergency Reorder
2024-11-18,SITE_011,44.64,40.1502,CEM_I,20.11,24.53,0.0,287,-15.620199999999995,0.0,-89.6818,True,False,28.698691071428566,86.0960732142857,False,Stockout,86.0960732142857,175.78,Emergency Reorder
2024-11-19,SITE_011,0.0,0.0,CEM_III,0.0,10.91,10.91,287,10.91,0.0,-78.77179999999998,True,False,28.698691071428566,86.0960732142857,False,Stockout,86.0960732142857,164.87,Emergency Reorder
2024-11-20,SITE_011,29.41,28.734199999999973,CEM_II,10.91,25.85,7.35,287,-2.8841999999999715,0.0,-81.65599999999996,True,False,28.698691071428566,86.0960732142857,False,Stockout,86.0960732142857,167.75,Emergency Reorder
2024-11-21,SITE_011,0.0,0.0,CEM_III,7.35,20.1,27.45,287,20.1,0.0,-61.55599999999996,True,False,28.698691071428566,86.0960732142857,False,Stockout,86.0960732142857,147.65,Emergency Reorder
2024-11-22,SITE_011,56.78,39.61599999999998,CEM_III,27.45,44.32,14.99,287,4.704000000000022,0.0,-56.85199999999994,True,False,28.698691071428566,86.0960732142857,False,Stockout,86.0960732142857,142.95,Emergency Reorder
2024-11-23,SITE_011,58.42,38.31210000000001,CEM_I,14.99,49.0,5.57,287,10.687899999999992,0.0,-46.16409999999995,True,False,28.698691071428566,86.0960732142857,False,Stockout,86.0960732142857,132.26,Emergency Reorder
2024-11-24,SITE_011,20.01,30.9769,CEM_I,5.57,14.44,0.0,287,-16.536900000000003,0.0,-62.70099999999995,True,False,28.698691071428566,86.0960732142857,False,Stockout,86.0960732142857,148.8,Emergency Reorder
2024-11-25,SITE_011,19.04,34.06469999999999,CEM_I,0.0,19.04,0.0,287,-15.024699999999989,0.0,-77.72569999999993,True,False,28.698691071428566,86.0960732142857,False,Stockout,86.0960732142857,163.82,Emergency Reorder
2024-11-26,SITE_011,27.91,32.894500000000015,CEM_II,0.0,27.91,0.0,287,-4.984500000000015,0.0,-82.71019999999996,True,False,28.698691071428566,86.0960732142857,False,Stockout,86.0960732142857,168.81,Emergency Reorder
2024-11-27,SITE_011,40.99,43.273,CEM_III,0.0,40.99,0.0,287,-2.2830000000000013,0.0,-84.99319999999996,True,False,28.698691071428566,86.0960732142857,False,Stockout,86.0960732142857,171.09,Emergency Reorder
2024-11-28,SITE_011,28.66,36.41479999999999,CEM_II,0.0,28.66,0.0,287,-7.754799999999992,0.0,-92.74799999999996,True,False,28.698691071428566,86.0960732142857,False,Stockout,86.0960732142857,178.84,Emergency Reorder
2024-11-29,SITE_011,34.74,28.828100000000003,CEM_I,0.0,34.74,0.0,287,5.911899999999999,0.0,-86.83609999999994,True,False,28.698691071428566,86.0960732142857,False,Stockout,86.0960732142857,172.93,Emergency Reorder
2024-11-30,SITE_011,16.62,24.0233,CEM_II,0.0,20.77,4.15,287,-3.2532999999999994,0.0,-90.08939999999996,True,False,28.698691071428566,86.0960732142857,False,Stockout,86.0960732142857,176.19,Emergency Reorder
2024-12-01,SITE_011,40.73,32.35699999999999,CEM_I,4.15,36.58,0.0,287,4.223000000000006,0.0,-85.86639999999994,True,False,28.698691071428566,86.0960732142857,False,Stockout,86.0960732142857,171.96,Emergency Reorder
2024-12-02,SITE_011,10.42,36.22050000000001,CEM_II,0.0,10.42,0.0,287,-25.800500000000007,0.0,-111.66689999999994,True,False,28.698691071428566,86.0960732142857,False,Stockout,86.0960732142857,197.76,Emergency Reorder
2024-12-03,SITE_011,0.0,0.0,CEM_I,0.0,18.08,18.08,287,18.08,0.0,-93.58689999999996,True,False,28.698691071428566,86.0960732142857,False,Stockout,86.0960732142857,179.68,Emergency Reorder
2024-12-04,SITE_011,0.0,0.0,CEM_I,18.08,16.28,34.36,287,16.28,0.0,-77.30689999999996,True,False,28.698691071428566,86.0960732142857,False,Stockout,86.0960732142857,163.4,Emergency Reorder
2024-12-05,SITE_011,0.0,0.0,CEM_III,34.36,41.17,75.53,287,41.17,0.0,-36.13689999999995,True,False,28.698691071428566,86.0960732142857,False,Stockout,86.0960732142857,122.23,Emergency Reorder
2024-12-06,SITE_011,36.33,30.4247,CEM_II,75.53,42.95,82.15,287,12.5253,0.0,-23.611599999999942,True,False,28.698691071428566,86.0960732142857,False,Stockout,86.0960732142857,109.71,Emergency Reorder
2024-12-07,SITE_011,44.9,35.00159999999998,CEM_I,82.15,29.61,66.86,287,-5.391599999999983,0.0,-29.00319999999993,True,False,28.698691071428566,86.0960732142857,False,Stockout,86.0960732142857,115.1,Emergency Reorder
2024-12-08,SITE_011,30.94,27.70590000000001,CEM_I,66.86,16.41,52.33,287,-11.29590000000001,0.0,-40.29909999999994,True,False,28.698691071428566,86.0960732142857,False,Stockout,86.0960732142857,126.4,Emergency Reorder
2024-12-09,SITE_011,57.36,36.78,CEM_I,52.33,42.14,37.11,287,5.359999999999999,0.0,-34.93909999999994,True,False,28.698691071428566,86.0960732142857,False,Stockout,86.0960732142857,121.04,Emergency Reorder
2024-12-10,SITE_011,41.52,33.44940000000001,CEM_I,37.11,29.57,25.16,287,-3.879400000000011,0.0,-38.81849999999995,True,False,28.698691071428566,86.0960732142857,False,Stockout,86.0960732142857,124.91,Emergency Reorder
2024-12-11,SITE_011,39.96,30.52840000000001,CEM_III,25.16,36.23,21.43,287,5.7015999999999885,0.0,-33.11689999999996,True,False,28.698691071428566,86.0960732142857,False,Stockout,86.0960732142857,119.21,Emergency Reorder
2024-12-12,SITE_011,52.57,32.955600000000004,CEM_II,21.43,42.97,11.83,287,10.014399999999997,0.0,-23.102499999999967,True,False,28.698691071428566,86.0960732142857,False,Stockout,86.0960732142857,109.2,Emergency Reorder
2024-12-13,SITE_011,33.24,37.8455,CEM_III,11.83,21.41,0.0,287,-16.4355,0.0,-39.53799999999997,True,False,28.698691071428566,86.0960732142857,False,Stockout,86.0960732142857,125.63,Emergency Reorder
2024-12-14,SITE_011,14.66,30.71010000000001,CEM_II,0.0,14.66,0.0,287,-16.05010000000001,0.0,-55.58809999999998,True,False,28.698691071428566,86.0960732142857,False,Stockout,86.0960732142857,141.68,Emergency Reorder
2024-12-15,SITE_011,27.36,40.28089999999997,CEM_III,0.0,27.36,0.0,287,-12.920899999999968,0.0,-68.50899999999994,True,False,28.698691071428566,86.0960732142857,False,Stockout,86.0960732142857,154.61,Emergency Reorder
2024-12-16,SITE_011,34.53,38.59919999999999,CEM_III,0.0,34.53,0.0,287,-4.069199999999988,0.0,-72.57819999999994,True,False,28.698691071428566,86.0960732142857,False,Stockout,86.0960732142857,158.67,Emergency Reorder
2024-12-17,SITE_011,14.37,33.3601,CEM_I,0.0,14.37,0.0,287,-18.990100000000005,0.0,-91.56829999999994,True,False,28.698691071428566,86.0960732142857,False,Stockout,86.0960732142857,177.66,Emergency Reorder
2024-12-18,SITE_011,27.57,41.5759,CEM_I,0.0,27.57,0.0,287,-14.005899999999995,0.0,-105.57419999999992,True,False,28.698691071428566,86.0960732142857,False,Stockout,86.0960732142857,191.67,Emergency Reorder
2024-12-19,SITE_011,28.86,23.39549999999999,CEM_III,0.0,36.07,7.21,287,12.674500000000007,0.0,-92.89969999999992,True,False,28.698691071428566,86.0960732142857,False,Stockout,86.0960732142857,179.0,Emergency Reorder
2024-12-20,SITE_011,32.42,31.82999999999999,CEM_I,7.21,25.21,0.0,287,-6.61999999999999,0.0,-99.51969999999992,True,False,28.698691071428566,86.0960732142857,False,Stockout,86.0960732142857,185.62,Emergency Reorder
2024-12-21,SITE_011,30.77,27.6856,CEM_III,0.0,44.32,13.55,287,16.6344,0.0,-82.88529999999992,True,False,28.698691071428566,86.0960732142857,False,Stockout,86.0960732142857,168.98,Emergency Reorder
2024-12-22,SITE_011,33.69,26.271000000000004,CEM_III,13.55,42.16,22.02,287,15.888999999999992,0.0,-66.99629999999993,True,False,28.698691071428566,86.0960732142857,False,Stockout,86.0960732142857,153.09,Emergency Reorder
2024-12-23,SITE_011,37.38,28.33900000000001,CEM_III,22.02,17.53,2.17,287,-10.809000000000008,0.0,-77.80529999999993,True,False,28.698691071428566,86.0960732142857,False,Stockout,86.0960732142857,163.9,Emergency Reorder
2024-12-24,SITE_011,29.48,29.692999999999987,CEM_II,2.17,27.31,0.0,287,-2.3829999999999885,0.0,-80.18829999999993,True,False,28.698691071428566,86.0960732142857,False,Stockout,86.0960732142857,166.28,Emergency Reorder
2024-12-25,SITE_011,35.38,36.45799999999999,CEM_III,0.0,35.38,0.0,287,-1.0779999999999887,0.0,-81.26629999999992,True,False,28.698691071428566,86.0960732142857,False,Stockout,86.0960732142857,167.36,Emergency Reorder
2024-12-26,SITE_011,20.74,25.909299999999995,CEM_II,0.0,25.92,5.18,287,0.010700000000007,0.0,-81.2555999999999,True,False,28.698691071428566,86.0960732142857,False,Stockout,86.0960732142857,167.35,Emergency Reorder
2024-12-27,SITE_011,30.99,29.766999999999992,CEM_III,5.18,25.81,0.0,287,-3.9569999999999936,0.0,-85.2125999999999,True,False,28.698691071428566,86.0960732142857,False,Stockout,86.0960732142857,171.31,Emergency Reorder
2024-12-28,SITE_011,38.75,46.948100000000025,CEM_II,0.0,38.75,0.0,287,-8.198100000000025,0.0,-93.41069999999992,True,False,28.698691071428566,86.0960732142857,False,Stockout,86.0960732142857,179.51,Emergency Reorder
2024-12-29,SITE_011,26.57,27.49369999999999,CEM_I,0.0,26.57,0.0,287,-0.9236999999999896,0.0,-94.33439999999992,True,False,28.698691071428566,86.0960732142857,False,Stockout,86.0960732142857,180.43,Emergency Reorder
2024-12-30,SITE_011,29.28,33.06229999999999,CEM_I,0.0,29.28,0.0,287,-3.782299999999992,0.0,-98.11669999999992,True,False,28.698691071428566,86.0960732142857,False,Stockout,86.0960732142857,184.21,Emergency Reorder
2024-12-31,SITE_011,0.0,0.0,CEM_II,0.0,25.19,25.19,287,25.19,0.0,-72.9266999999999,True,False,28.698691071428566,86.0960732142857,False,Stockout,86.0960732142857,159.02,Emergency Reorder
2024-11-06,SITE_012,8.76,8.759899999999993,CEM_I,19313.92,11.72,19316.88,274,2.960100000000008,19313.92,19316.8801,False,True,10.787214285714285,32.361642857142854,False,Overcapacity,32.361642857142854,0.0,Pause Delivery
2024-11-07,SITE_012,13.07,13.0696,CEM_II,19316.88,44.28,19348.09,274,31.2104,19313.92,19348.0905,False,True,10.787214285714285,32.361642857142854,False,Overcapacity,32.361642857142854,0.0,Pause Delivery
2024-11-08,SITE_012,7.41,7.406499999999994,CEM_III,19348.09,43.37,19384.05,274,35.9635,19313.92,19384.054,False,True,10.787214285714285,32.361642857142854,False,Overcapacity,32.361642857142854,0.0,Pause Delivery
2024-11-09,SITE_012,8.64,8.617400000000004,CEM_I,19384.05,44.8,19420.21,274,36.1826,19313.92,19420.2366,False,True,10.787214285714285,32.361642857142854,False,Overcapacity,32.361642857142854,0.0,Pause Delivery
2024-11-10,SITE_012,13.89,13.888800000000009,CEM_I,19420.21,32.24,19438.56,274,18.35119999999999,19313.92,19438.5878,False,True,10.787214285714285,32.361642857142854,False,Overcapacity,32.361642857142854,0.0,Pause Delivery
2024-11-11,SITE_012,5.46,5.468700000000005,CEM_II,19438.56,45.36,19478.46,274,39.8913,19313.92,19478.4791,False,True,10.787214285714285,32.361642857142854,False,Overcapacity,32.361642857142854,0.0,Pause Delivery
2024-11-12,SITE_012,10.76,10.759599999999994,CEM_III,19478.46,39.14,19506.84,274,28.38040000000001,19313.92,19506.8595,False,True,10.787214285714285,32.361642857142854,False,Overcapacity,32.361642857142854,0.0,Pause Delivery
2024-11-13,SITE_012,0.0,0.0,CEM_III,19506.84,36.01,19542.85,274,36.01,19313.92,19542.8695,False,True,10.787214285714285,32.361642857142854,False,Overcapacity,32.361642857142854,0.0,Pause Delivery
2024-11-14,SITE_012,8.94,8.933099999999998,CEM_II,19542.85,14.67,19548.58,274,5.736900000000002,19313.92,19548.6064,False,True,10.787214285714285,32.361642857142854,False,Overcapacity,32.361642857142854,0.0,Pause Delivery
2024-11-15,SITE_012,7.18,7.179399999999994,CEM_II,19548.58,43.73,19585.13,274,36.5506,19313.92,19585.157,False,True,10.787214285714285,32.361642857142854,False,Overcapacity,32.361642857142854,0.0,Pause Delivery
2024-11-16,SITE_012,5.85,5.845299999999997,CEM_I,19585.13,28.32,19607.6,274,22.4747,19313.92,19607.6317,False,True,10.787214285714285,32.361642857142854,False,Overcapacity,32.361642857142854,0.0,Pause Delivery
2024-11-17,SITE_012,5.95,5.940200000000004,CEM_I,19607.6,47.15,19648.8,274,41.2098,19313.92,19648.8415,False,True,10.787214285714285,32.361642857142854,False,Overcapacity,32.361642857142854,0.0,Pause Delivery
2024-11-18,SITE_012,5.93,5.929100000000001,CEM_II,19648.8,35.98,19678.85,274,30.050899999999995,19313.92,19678.8924,False,True,10.787214285714285,32.361642857142854,False,Overcapacity,32.361642857142854,0.0,Pause Delivery
2024-11-19,SITE_012,11.13,10.6847,CEM_I,19678.85,36.52,19704.24,274,25.835300000000004,19313.92,19704.7277,False,True,10.787214285714285,32.361642857142854,False,Overcapacity,32.361642857142854,0.0,Pause Delivery
2024-11-20,SITE_012,14.89,14.891000000000025,CEM_II,19704.24,16.5,19705.85,274,1.6089999999999751,19313.92,19706.3367,False,True,10.787214285714285,32.361642857142854,False,Overcapacity,32.361642857142854,0.0,Pause Delivery
2024-11-21,SITE_012,9.51,9.521799999999992,CEM_II,19705.85,47.54,19743.88,274,38.01820000000001,19313.92,19744.3549,False,True,10.787214285714285,32.361642857142854,False,Overcapacity,32.361642857142854,0.0,Pause Delivery
2024-11-22,SITE_012,6.16,6.1643,CEM_III,19743.88,35.38,19773.1,274,29.2157,19313.92,19773.5706,False,True,10.787214285714285,32.361642857142854,False,Overcapacity,32.361642857142854,0.0,Pause Delivery
2024-11-23,SITE_012,8.77,8.76989999999999,CEM_I,19773.1,29.84,19794.17,274,21.07010000000001,19313.92,19794.6407,False,True,10.787214285714285,32.361642857142854,False,Overcapacity,32.361642857142854,0.0,Pause Delivery
2024-11-24,SITE_012,0.0,0.0,CEM_I,19794.17,18.03,19812.2,274,18.03,19313.92,19812.6707,False,True,10.787214285714285,32.361642857142854,False,Overcapacity,32.361642857142854,0.0,Pause Delivery
2024-11-25,SITE_012,16.22,16.220300000000023,CEM_II,19812.2,29.1,19825.08,274,12.879699999999978,19313.92,19825.5504,False,True,10.787214285714285,32.361642857142854,False,Overcapacity,32.361642857142854,0.0,Pause Delivery
2024-11-26,SITE_012,9.07,9.070400000000015,CEM_III,19825.08,42.19,19858.2,274,33.119599999999984,19313.92,19858.67,False,True,10.787214285714285,32.361642857142854,False,Overcapacity,32.361642857142854,0.0,Pause Delivery
2024-11-27,SITE_012,6.32,6.320300000000004,CEM_I,19858.2,29.25,19881.13,274,22.9297,19313.92,19881.5997,False,True,10.787214285714285,32.361642857142854,False,Overcapacity,32.361642857142854,0.0,Pause Delivery
2024-11-28,SITE_012,9.62,9.620000000000005,CEM_III,19881.13,29.68,19901.19,274,20.059999999999995,19313.92,19901.6597,False,True,10.787214285714285,32.361642857142854,False,Overcapacity,32.361642857142854,0.0,Pause Delivery
2024-11-29,SITE_012,4.22,4.218400000000007,CEM_I,19901.19,28.96,19925.93,274,24.741599999999995,19313.92,19926.4013,False,True,10.787214285714285,32.361642857142854,False,Overcapacity,32.361642857142854,0.0,Pause Delivery
2024-11-30,SITE_012,14.52,14.520199999999988,CEM_I,19925.93,17.01,19928.42,274,2.489800000000013,19313.92,19928.8911,False,True,10.787214285714285,32.361642857142854,False,Overcapacity,32.361642857142854,0.0,Pause Delivery
2024-12-01,SITE_012,7.34,7.340500000000004,CEM_I,19928.42,19.18,19940.26,274,11.839499999999996,19313.92,19940.7306,False,True,10.787214285714285,32.361642857142854,False,Overcapacity,32.361642857142854,0.0,Pause Delivery
2024-12-02,SITE_012,15.78,15.779799999999977,CEM_II,19940.26,37.57,19962.05,274,21.790200000000024,19313.92,19962.5208,False,True,10.787214285714285,32.361642857142854,False,Overcapacity,32.361642857142854,0.0,Pause Delivery
2024-12-03,SITE_012,16.95,16.95040000000003,CEM_I,19962.05,31.46,19976.56,274,14.50959999999997,19313.92,19977.0304,False,True,10.787214285714285,32.361642857142854,False,Overcapacity,32.361642857142854,0.0,Pause Delivery
2024-12-04,SITE_012,17.97,17.96820000000002,CEM_I,19976.56,19.86,19978.45,274,1.8917999999999784,19313.92,19978.9222,False,True,10.787214285714285,32.361642857142854,False,Overcapacity,32.361642857142854,0.0,Pause Delivery
2024-12-05,SITE_012,12.34,12.352499999999994,CEM_I,19978.45,37.08,20003.19,274,24.727500000000006,19313.92,20003.6497,False,True,10.787214285714285,32.361642857142854,False,Overcapacity,32.361642857142854,0.0,Pause Delivery
2024-12-06,SITE_012,13.89,13.89110000000002,CEM_III,20003.19,48.66,20037.96,274,34.768899999999974,19313.92,20038.4186,False,True,10.787214285714285,32.361642857142854,False,Overcapacity,32.361642857142854,0.0,Pause Delivery
2024-12-07,SITE_012,10.26,10.259799999999991,CEM_I,20037.96,19.32,20047.02,274,9.060200000000007,19313.92,20047.4788,False,True,10.787214285714285,32.361642857142854,False,Overcapacity,32.361642857142854,0.0,Pause Delivery
2024-12-08,SITE_012,16.37,16.369699999999963,CEM_I,20047.02,21.46,20052.11,274,5.090300000000038,19313.92,20052.5691,False,True,10.787214285714285,32.361642857142854,False,Overcapacity,32.361642857142854,0.0,Pause Delivery
2024-12-09,SITE_012,7.55,7.549499999999991,CEM_II,20052.11,48.26,20092.82,274,40.71050000000001,19313.92,20093.2796,False,True,10.787214285714285,32.361642857142854,False,Overcapacity,32.361642857142854,0.0,Pause Delivery
2024-12-10,SITE_012,13.89,13.890400000000016,CEM_I,20092.82,42.46,20121.39,274,28.569599999999987,19313.92,20121.8492,False,True,10.787214285714285,32.361642857142854,False,Overcapacity,32.361642857142854,0.0,Pause Delivery
2024-12-11,SITE_012,11.37,11.369799999999996,CEM_I,20121.39,40.42,20150.44,274,29.050200000000004,19313.92,20150.8994,False,True,10.787214285714285,32.361642857142854,False,Overcapacity,32.361642857142854,0.0,Pause Delivery
2024-12-12,SITE_012,19.58,19.57909999999997,CEM_III,20150.44,16.16,20147.02,274,-3.4190999999999683,19313.92,20147.4803,False,True,10.787214285714285,32.361642857142854,False,Overcapacity,32.361642857142854,0.0,Pause Delivery
2024-12-13,SITE_012,15.39,15.391400000000026,CEM_II,20147.02,31.48,20163.11,274,16.088599999999975,19313.92,20163.5689,False,True,10.787214285714285,32.361642857142854,False,Overcapacity,32.361642857142854,0.0,Pause Delivery
2024-12-14,SITE_012,16.73,16.729800000000015,CEM_I,20163.11,26.8,20173.18,274,10.070199999999986,19313.92,20173.6391,False,True,10.787214285714285,32.361642857142854,False,Overcapacity,32.361642857142854,0.0,Pause Delivery
2024-12-15,SITE_012,15.56,15.559999999999963,CEM_II,20173.18,29.09,20186.71,274,13.530000000000037,19313.92,20187.1691,False,True,10.787214285714285,32.361642857142854,False,Overcapacity,32.361642857142854,0.0,Pause Delivery
2024-12-16,SITE_012,18.59,18.58919999999997,CEM_II,20186.71,12.53,20180.65,274,-6.05919999999997,19313.92,20181.1099,False,True,10.787214285714285,32.361642857142854,False,Overcapacity,32.361642857142854,0.0,Pause Delivery
2024-12-17,SITE_012,10.47,10.46990000000002,CEM_III,20180.65,39.74,20209.92,274,29.27009999999998,19313.92,20210.38,False,True,10.787214285714285,32.361642857142854,False,Overcapacity,32.361642857142854,0.0,Pause Delivery
2024-12-18,SITE_012,8.13,8.130199999999997,CEM_II,20209.92,38.59,20240.38,274,30.45980000000001,19313.92,20240.8398,False,True,10.787214285714285,32.361642857142854,False,Overcapacity,32.361642857142854,0.0,Pause Delivery
2024-12-19,SITE_012,9.44,9.440700000000025,CEM_II,20240.38,36.75,20267.69,274,27.309299999999972,19313.92,20268.1491,False,True,10.787214285714285,32.361642857142854,False,Overcapacity,32.361642857142854,0.0,Pause Delivery
2024-12-20,SITE_012,13.19,13.187600000000025,CEM_II,20267.69,16.79,20271.29,274,3.6023999999999745,19313.92,20271.7515,False,True,10.787214285714285,32.361642857142854,False,Overcapacity,32.361642857142854,0.0,Pause Delivery
2024-12-21,SITE_012,8.07,8.067200000000003,CEM_I,20271.29,36.62,20299.84,274,28.552799999999998,19313.92,20300.3043,False,True,10.787214285714285,32.361642857142854,False,Overcapacity,32.361642857142854,0.0,Pause Delivery
2024-12-22,SITE_012,12.51,12.508399999999996,CEM_I,20299.84,25.63,20312.96,274,13.121600000000004,19313.92,20313.4259,False,True,10.787214285714285,32.361642857142854,False,Overcapacity,32.361642857142854,0.0,Pause Delivery
2024-12-23,SITE_012,9.24,9.240500000000006,CEM_II,20312.96,22.36,20326.08,274,13.119499999999992,19313.92,20326.5454,False,True,10.787214285714285,32.361642857142854,False,Overcapacity,32.361642857142854,0.0,Pause Delivery
2024-12-24,SITE_012,19.3,19.30009999999997,CEM_I,20326.08,31.82,20338.6,274,12.519900000000032,19313.92,20339.0653,False,True,10.787214285714285,32.361642857142854,False,Overcapacity,32.361642857142854,0.0,Pause Delivery
2024-12-25,SITE_012,11.18,11.179799999999986,CEM_I,20338.6,48.74,20376.16,274,37.560200000000016,19313.92,20376.6255,False,True,10.787214285714285,32.361642857142854,False,Overcapacity,32.361642857142854,0.0,Pause Delivery
2024-12-26,SITE_012,14.11,14.10989999999998,CEM_III,20376.16,46.6,20408.65,274,32.49010000000002,19313.92,20409.1156,False,True,10.787214285714285,32.361642857142854,False,Overcapacity,32.361642857142854,0.0,Pause Delivery
2024-12-27,SITE_012,7.65,7.648999999999988,CEM_I,20408.65,19.87,20420.87,274,12.221000000000014,19313.92,20421.3366,False,True,10.787214285714285,32.361642857142854,False,Overcapacity,32.361642857142854,0.0,Pause Delivery
2024-12-28,SITE_012,6.75,6.7506,CEM_II,20420.87,27.02,20441.14,274,20.2694,19313.92,20441.606,False,True,10.787214285714285,32.361642857142854,False,Overcapacity,32.361642857142854,0.0,Pause Delivery
2024-12-29,SITE_012,10.88,10.880100000000002,CEM_III,20441.14,12.82,20443.08,274,1.939899999999998,19313.92,20443.5459,False,True,10.787214285714285,32.361642857142854,False,Overcapacity,32.361642857142854,0.0,Pause Delivery
2024-12-30,SITE_012,9.97,9.96960000000002,CEM_II,20443.08,22.92,20456.03,274,12.950399999999982,19313.92,20456.4963,False,True,10.787214285714285,32.361642857142854,False,Overcapacity,32.361642857142854,0.0,Pause Delivery
2024-12-31,SITE_012,11.83,11.830300000000005,CEM_II,20456.03,32.44,20476.64,274,20.609699999999997,19313.92,20477.106,False,True,10.787214285714285,32.361642857142854,False,Overcapacity,32.361642857142854,0.0,Pause Delivery
2024-11-06,SITE_013,53.23,51.90180000000002,CEM_III,207.67,32.49,186.93,154,-19.41180000000002,207.67,188.2582,False,True,28.220103571428574,84.66031071428571,False,Overcapacity,84.66031071428571,0.0,Pause Delivery
2024-11-07,SITE_013,13.51,13.509499999999994,CEM_III,186.93,17.54,190.96,154,4.030500000000005,207.67,192.2887,False,True,28.220103571428574,84.66031071428571,False,Overcapacity,84.66031071428571,0.0,Pause Delivery
2024-11-08,SITE_013,27.94,27.52350000000003,CEM_I,190.96,20.23,183.25,154,-7.29350000000003,207.67,184.99519999999995,False,True,28.220103571428574,84.66031071428571,False,Overcapacity,84.66031071428571,0.0,Pause Delivery
2024-11-09,SITE_013,28.31,26.9478,CEM_III,183.25,32.2,187.14,154,5.252200000000002,207.67,190.24739999999997,False,True,28.220103571428574,84.66031071428571,False,Overcapacity,84.66031071428571,0.0,Pause Delivery
2024-11-10,SITE_013,65.32,61.49880000000003,CEM_I,187.14,15.8,137.62,154,-45.698800000000034,207.67,144.5485999999999,False,False,28.220103571428574,84.66031071428571,False,Normal,84.66031071428571,0.0,No Action
2024-11-11,SITE_013,39.89,39.264599999999966,CEM_II,137.62,0.0,97.73,154,-39.264599999999966,207.67,105.28399999999992,False,False,28.220103571428574,84.66031071428571,False,Normal,84.66031071428571,0.0,No Action
2024-11-12,SITE_013,16.78,16.775999999999982,CEM_I,97.73,34.35,115.3,154,17.57400000000002,207.67,122.85799999999996,False,False,28.220103571428574,84.66031071428571,False,Normal,84.66031071428571,0.0,No Action
2024-11-13,SITE_013,41.81,41.379299999999965,CEM_III,115.3,11.2,84.69,154,-30.17929999999997,207.67,92.6787,False,False,28.220103571428574,84.66031071428571,False,Normal,84.66031071428571,0.0,No Action
2024-11-14,SITE_013,65.86,64.24940000000004,CEM_III,84.69,14.57,33.4,154,-49.67940000000004,207.67,42.99929999999998,False,False,28.220103571428574,84.66031071428571,True,Low Stock,84.66031071428571,41.66,Place Reorder
2024-11-15,SITE_013,0.0,0.0,CEM_II,33.4,42.76,76.16,154,42.76,207.67,85.75929999999997,False,False,28.220103571428574,84.66031071428571,False,Normal,84.66031071428571,0.0,No Action
2024-11-16,SITE_013,25.58,24.48749999999999,CEM_I,76.16,14.34,64.92,154,-10.14749999999999,207.67,75.61179999999996,False,False,28.220103571428574,84.66031071428571,True,Low Stock,84.66031071428571,9.05,Place Reorder
2024-11-17,SITE_013,27.64,24.371600000000004,CEM_I,64.92,30.97,68.25,154,6.5983999999999945,207.67,82.21019999999996,False,False,28.220103571428574,84.66031071428571,True,Low Stock,84.66031071428571,2.45,Place Reorder
2024-11-18,SITE_013,68.33,51.00180000000001,CEM_III,68.25,38.78,38.7,154,-12.221800000000009,207.67,69.98839999999996,False,False,28.220103571428574,84.66031071428571,True,Low Stock,84.66031071428571,14.67,Place Reorder
2024-11-19,SITE_013,0.0,0.0,CEM_II,38.7,19.74,58.44,154,19.74,207.67,89.72839999999995,False,False,28.220103571428574,84.66031071428571,False,Normal,84.66031071428571,0.0,No Action
2024-11-20,SITE_013,0.0,0.0,CEM_I,58.44,24.67,83.11,154,24.67,207.67,114.39839999999997,False,False,28.220103571428574,84.66031071428571,False,Normal,84.66031071428571,0.0,No Action
2024-11-21,SITE_013,58.52,57.17550000000004,CEM_I,83.11,22.34,46.93,154,-34.83550000000004,207.67,79.56289999999993,False,False,28.220103571428574,84.66031071428571,True,Low Stock,84.66031071428571,5.1,Place Reorder
2024-11-22,SITE_013,0.0,0.0,CEM_III,46.93,24.34,71.27,154,24.34,207.67,103.90289999999992,False,False,28.220103571428574,84.66031071428571,False,Normal,84.66031071428571,0.0,No Action
2024-11-23,SITE_013,68.07,59.7655,CEM_I,71.27,13.89,17.09,154,-45.8755,207.67,58.02739999999992,False,False,28.220103571428574,84.66031071428571,True,Low Stock,84.66031071428571,26.63,Place Reorder
2024-11-24,SITE_013,0.0,0.0,CEM_III,17.09,44.83,61.92,154,44.83,207.67,102.85739999999991,False,False,28.220103571428574,84.66031071428571,False,Normal,84.66031071428571,0.0,No Action
2024-11-25,SITE_013,0.0,0.0,CEM_III,61.92,48.75,110.67,154,48.75,207.67,151.60739999999993,False,False,28.220103571428574,84.66031071428571,False,Normal,84.66031071428571,0.0,No Action
2024-11-26,SITE_013,13.06,13.05919999999997,CEM_III,110.67,33.56,131.17,154,20.500800000000037,207.67,172.10819999999995,False,True,28.220103571428574,84.66031071428571,False,Overcapacity,84.66031071428571,0.0,Pause Delivery
2024-11-27,SITE_013,0.0,0.0,CEM_I,131.17,30.84,162.01,154,30.84,207.67,202.9482,False,True,28.220103571428574,84.66031071428571,False,Overcapacity,84.66031071428571,0.0,Pause Delivery
2024-11-28,SITE_013,14.78,14.780499999999982,CEM_III,162.01,18.79,166.02,154,4.009500000000017,207.67,206.9577,False,True,28.220103571428574,84.66031071428571,False,Overcapacity,84.66031071428571,0.0,Pause Delivery
2024-11-29,SITE_013,20.96,20.94860000000002,CEM_III,166.02,0.0,145.06,154,-20.94860000000002,207.67,186.00909999999996,False,True,28.220103571428574,84.66031071428571,False,Overcapacity,84.66031071428571,0.0,Pause Delivery
2024-11-30,SITE_013,56.9,54.74159999999998,CEM_II,145.06,15.53,103.69,154,-39.211599999999976,207.67,146.79749999999996,False,False,28.220103571428574,84.66031071428571,False,Normal,84.66031071428571,0.0,No Action
2024-12-01,SITE_013,40.41,39.458100000000016,CEM_II,103.69,33.49,96.77,154,-5.968100000000014,207.67,140.82939999999996,False,False,28.220103571428574,84.66031071428571,False,Normal,84.66031071428571,0.0,No Action
2024-12-02,SITE_013,69.54,61.81749999999995,CEM_II,96.77,20.61,47.84,154,-41.20749999999995,207.67,99.6219,False,False,28.220103571428574,84.66031071428571,False,Normal,84.66031071428571,0.0,No Action
2024-12-03,SITE_013,32.75,31.73509999999999,CEM_I,47.84,33.74,48.83,154,2.004900000000013,207.67,101.62680000000002,False,False,28.220103571428574,84.66031071428571,False,Normal,84.66031071428571,0.0,No Action
2024-12-04,SITE_013,0.0,0.0,CEM_II,48.83,30.15,78.98,154,30.15,207.67,131.7768,False,False,28.220103571428574,84.66031071428571,False,Normal,84.66031071428571,0.0,No Action
2024-12-05,SITE_013,57.31,55.85770000000005,CEM_I,78.98,13.91,35.58,154,-41.94770000000005,207.67,89.82909999999995,False,False,28.220103571428574,84.66031071428571,False,Normal,84.66031071428571,0.0,No Action
2024-12-06,SITE_013,0.0,0.0,CEM_II,35.58,45.88,81.46,154,45.88,207.67,135.70909999999998,False,False,28.220103571428574,84.66031071428571,False,Normal,84.66031071428571,0.0,No Action
2024-12-07,SITE_013,17.83,17.83039999999998,CEM_II,81.46,0.0,63.63,154,-17.83039999999998,207.67,117.87869999999998,False,False,28.220103571428574,84.66031071428571,False,Normal,84.66031071428571,0.0,No Action
2024-12-08,SITE_013,0.0,0.0,CEM_I,63.63,0.0,63.63,154,0.0,207.67,117.87869999999998,False,False,28.220103571428574,84.66031071428571,False,Normal,84.66031071428571,0.0,No Action
2024-12-09,SITE_013,31.97,29.888500000000025,CEM_I,63.63,23.56,55.22,154,-6.328500000000027,207.67,111.55019999999996,False,False,28.220103571428574,84.66031071428571,False,Normal,84.66031071428571,0.0,No Action
2024-12-10,SITE_013,51.04,49.7316,CEM_III,55.22,17.78,21.96,154,-31.9516,207.67,79.59859999999995,False,False,28.220103571428574,84.66031071428571,True,Low Stock,84.66031071428571,5.06,Place Reorder
2024-12-11,SITE_013,0.0,0.0,CEM_I,21.96,17.15,39.11,154,17.15,207.67,96.74859999999995,False,False,28.220103571428574,84.66031071428571,False,Normal,84.66031071428571,0.0,No Action
2024-12-12,SITE_013,0.0,0.0,CEM_I,39.11,16.41,55.52,154,16.41,207.67,113.15859999999996,False,False,28.220103571428574,84.66031071428571,False,Normal,84.66031071428571,0.0,No Action
2024-12-13,SITE_013,63.73,62.83160000000002,CEM_II,55.52,35.86,27.65,154,-26.971600000000024,207.67,86.18699999999993,False,False,28.220103571428574,84.66031071428571,False,Normal,84.66031071428571,0.0,No Action
2024-12-14,SITE_013,0.0,0.0,CEM_III,27.65,0.0,27.65,154,0.0,207.67,86.18699999999993,False,False,28.220103571428574,84.66031071428571,False,Normal,84.66031071428571,0.0,No Action
2024-12-15,SITE_013,46.81,45.576,CEM_I,27.65,38.96,19.8,154,-6.616,207.67,79.57099999999994,False,False,28.220103571428574,84.66031071428571,True,Low Stock,84.66031071428571,5.09,Place Reorder
2024-12-16,SITE_013,36.36,60.60809999999998,CEM_III,19.8,16.56,0.0,154,-44.04809999999998,207.67,35.522899999999964,False,False,28.220103571428574,84.66031071428571,True,Low Stock,84.66031071428571,49.14,Place Reorder
2024-12-17,SITE_013,25.27,57.73040000000001,CEM_II,0.0,25.27,0.0,154,-32.46040000000001,207.67,3.062499999999943,False,False,28.220103571428574,84.66031071428571,True,Low Stock,84.66031071428571,81.6,Place Reorder
2024-12-18,SITE_013,0.0,21.44950000000001,CEM_I,0.0,0.0,0.0,154,-21.44950000000001,207.67,-18.387000000000057,True,False,28.220103571428574,84.66031071428571,False,Stockout,84.66031071428571,103.05,Emergency Reorder
2024-12-19,SITE_013,27.63,34.704099999999976,CEM_III,0.0,27.63,0.0,154,-7.0740999999999765,207.67,-25.461100000000044,True,False,28.220103571428574,84.66031071428571,False,Stockout,84.66031071428571,110.12,Emergency Reorder
2024-12-20,SITE_013,0.0,13.741000000000009,CEM_I,0.0,0.0,0.0,154,-13.741000000000009,207.67,-39.20210000000006,True,False,28.220103571428574,84.66031071428571,False,Stockout,84.66031071428571,123.86,Emergency Reorder
2024-12-21,SITE_013,29.32,53.79920000000003,CEM_II,0.0,29.32,0.0,154,-24.479200000000027,207.67,-63.68130000000005,True,False,28.220103571428574,84.66031071428571,False,Stockout,84.66031071428571,148.34,Emergency Reorder
2024-12-22,SITE_013,0.0,0.0,CEM_I,0.0,42.86,42.86,154,42.86,207.67,-20.821300000000065,True,False,28.220103571428574,84.66031071428571,False,Stockout,84.66031071428571,105.48,Emergency Reorder
2024-12-23,SITE_013,38.84,38.7747,CEM_I,42.86,32.58,36.6,154,-6.1947000000000045,207.67,-27.01600000000008,True,False,28.220103571428574,84.66031071428571,False,Stockout,84.66031071428571,111.68,Emergency Reorder
2024-12-24,SITE_013,61.88,57.98449999999997,CEM_II,36.6,31.41,6.13,154,-26.57449999999997,207.67,-53.59050000000005,True,False,28.220103571428574,84.66031071428571,False,Stockout,84.66031071428571,138.25,Emergency Reorder
2024-12-25,SITE_013,16.74,16.73840000000001,CEM_III,6.13,29.49,18.88,154,12.75159999999999,207.67,-40.83890000000005,True,False,28.220103571428574,84.66031071428571,False,Stockout,84.66031071428571,125.5,Emergency Reorder
2024-12-26,SITE_013,0.0,0.0,CEM_I,18.88,32.91,51.79,154,32.91,207.67,-7.928900000000056,True,False,28.220103571428574,84.66031071428571,False,Stockout,84.66031071428571,92.59,Emergency Reorder
2024-12-27,SITE_013,17.14,17.14120000000003,CEM_III,51.79,0.0,34.65,154,-17.14120000000003,207.67,-25.07010000000008,True,False,28.220103571428574,84.66031071428571,False,Stockout,84.66031071428571,109.73,Emergency Reorder
2024-12-28,SITE_013,60.8,57.65019999999995,CEM_I,34.65,44.28,18.13,154,-13.370199999999947,207.67,-38.44030000000004,True,False,28.220103571428574,84.66031071428571,False,Stockout,84.66031071428571,123.1,Emergency Reorder
2024-12-29,SITE_013,24.99,23.6684,CEM_I,18.13,28.01,21.15,154,4.341600000000003,207.67,-34.09870000000004,True,False,28.220103571428574,84.66031071428571,False,Stockout,84.66031071428571,118.76,Emergency Reorder
2024-12-30,SITE_013,36.05,45.332800000000006,CEM_I,21.15,14.9,0.0,154,-30.432800000000007,207.67,-64.53150000000002,True,False,28.220103571428574,84.66031071428571,False,Stockout,84.66031071428571,149.19,Emergency Reorder
2024-12-31,SITE_013,11.51,22.8943,CEM_II,0.0,11.51,0.0,154,-11.3843,207.67,-75.91580000000002,True,False,28.220103571428574,84.66031071428571,False,Stockout,84.66031071428571,160.58,Emergency Reorder
2024-11-06,SITE_014,56.49,52.89939999999999,CEM_I,38.15,19.03,0.69,230,-33.86939999999999,38.15,4.280600000000007,False,False,21.758930357142855,65.27679107142856,True,Low Stock,65.27679107142856,61.0,Place Reorder
2024-11-07,SITE_014,0.0,0.0,CEM_I,0.69,25.12,25.81,230,25.12,38.15,29.400600000000008,False,False,21.758930357142855,65.27679107142856,True,Low Stock,65.27679107142856,35.88,Place Reorder
2024-11-08,SITE_014,25.02,25.00900000000001,CEM_II,25.81,37.24,38.03,230,12.230999999999993,38.15,41.6316,False,False,21.758930357142855,65.27679107142856,True,Low Stock,65.27679107142856,23.65,Place Reorder
2024-11-09,SITE_014,47.87,41.01599999999998,CEM_I,38.03,21.8,11.96,230,-19.215999999999976,38.15,22.415600000000023,False,False,21.758930357142855,65.27679107142856,True,Low Stock,65.27679107142856,42.86,Place Reorder
2024-11-10,SITE_014,31.78,53.24399999999999,CEM_I,11.96,19.82,0.0,230,-33.42399999999999,38.15,-11.008399999999972,True,False,21.758930357142855,65.27679107142856,False,Stockout,65.27679107142856,76.29,Emergency Reorder
2024-11-11,SITE_014,0.0,0.0,CEM_I,0.0,26.23,26.23,230,26.23,38.15,15.221600000000029,False,False,21.758930357142855,65.27679107142856,True,Low Stock,65.27679107142856,50.06,Place Reorder
2024-11-12,SITE_014,27.97,27.71550000000001,CEM_III,26.23,40.91,39.17,230,13.194499999999987,38.15,28.41610000000001,False,False,21.758930357142855,65.27679107142856,True,Low Stock,65.27679107142856,36.86,Place Reorder
2024-11-13,SITE_014,12.52,12.518199999999988,CEM_I,39.17,35.17,61.82,230,22.651800000000016,38.15,51.06790000000003,False,False,21.758930357142855,65.27679107142856,True,Low Stock,65.27679107142856,14.21,Place Reorder
2024-11-14,SITE_014,0.0,0.0,CEM_III,61.82,45.1,106.92,230,45.1,38.15,96.16790000000005,False,False,21.758930357142855,65.27679107142856,False,Normal,65.27679107142856,0.0,No Action
2024-11-15,SITE_014,12.55,12.550399999999977,CEM_III,106.92,42.19,136.56,230,29.639600000000023,38.15,125.80750000000006,False,False,21.758930357142855,65.27679107142856,False,Normal,65.27679107142856,0.0,No Action
2024-11-16,SITE_014,68.2,62.682499999999976,CEM_III,136.56,49.53,117.89,230,-13.152499999999977,38.15,112.65500000000009,False,False,21.758930357142855,65.27679107142856,False,Normal,65.27679107142856,0.0,No Action
2024-11-17,SITE_014,56.56,51.69500000000001,CEM_III,117.89,41.17,102.5,230,-10.525000000000006,38.15,102.13000000000008,False,False,21.758930357142855,65.27679107142856,False,Normal,65.27679107142856,0.0,No Action
2024-11-18,SITE_014,36.73,36.0681,CEM_III,102.5,26.84,92.61,230,-9.2281,38.15,92.90190000000008,False,False,21.758930357142855,65.27679107142856,False,Normal,65.27679107142856,0.0,No Action
2024-11-19,SITE_014,0.0,0.0,CEM_III,92.61,43.56,136.17,230,43.56,38.15,136.46190000000007,False,False,21.758930357142855,65.27679107142856,False,Normal,65.27679107142856,0.0,No Action
2024-11-20,SITE_014,0.0,0.0,CEM_II,136.17,42.41,178.58,230,42.41,38.15,178.87190000000007,False,False,21.758930357142855,65.27679107142856,False,Normal,65.27679107142856,0.0,No Action
2024-11-21,SITE_014,47.35,46.997600000000006,CEM_III,178.58,26.65,157.88,230,-20.347600000000007,38.15,158.52430000000007,False,False,21.758930357142855,65.27679107142856,False,Normal,65.27679107142856,0.0,No Action
2024-11-22,SITE_014,0.0,0.0,CEM_III,157.88,42.85,200.73,230,42.85,38.15,201.3743000000001,False,False,21.758930357142855,65.27679107142856,False,Normal,65.27679107142856,0.0,No Action
2024-11-23,SITE_014,36.47,32.9318,CEM_III,200.73,33.94,198.2,230,1.008199999999995,38.15,202.38250000000008,False,False,21.758930357142855,65.27679107142856,False,Normal,65.27679107142856,0.0,No Action
2024-11-24,SITE_014,27.52,26.069099999999995,CEM_III,198.2,41.95,212.63,230,15.880900000000008,38.15,218.26340000000008,False,False,21.758930357142855,65.27679107142856,False,Normal,65.27679107142856,0.0,No Action
2024-11-25,SITE_014,44.82,41.07430000000004,CEM_II,212.63,12.6,180.41,230,-28.474300000000035,38.15,189.78910000000005,False,False,21.758930357142855,65.27679107142856,False,Normal,65.27679107142856,0.0,No Action
2024-11-26,SITE_014,18.76,18.7591,CEM_III,180.41,0.0,161.65,230,-18.7591,38.15,171.03000000000006,False,False,21.758930357142855,65.27679107142856,False,Normal,65.27679107142856,0.0,No Action
2024-11-27,SITE_014,0.0,0.0,CEM_III,161.65,37.54,199.19,230,37.54,38.15,208.57000000000005,False,False,21.758930357142855,65.27679107142856,False,Normal,65.27679107142856,0.0,No Action
2024-11-28,SITE_014,0.0,0.0,CEM_III,199.19,23.42,222.61,230,23.42,38.15,231.99000000000004,False,True,21.758930357142855,65.27679107142856,False,Overcapacity,65.27679107142856,0.0,Pause Delivery
2024-11-29,SITE_014,67.46,56.515200000000014,CEM_III,222.61,25.16,180.31,230,-31.35520000000001,38.15,200.63480000000004,False,False,21.758930357142855,65.27679107142856,False,Normal,65.27679107142856,0.0,No Action
2024-11-30,SITE_014,28.9,28.655700000000024,CEM_II,180.31,11.07,162.48,230,-17.585700000000024,38.15,183.0491,False,False,21.758930357142855,65.27679107142856,False,Normal,65.27679107142856,0.0,No Action
2024-12-01,SITE_014,37.85,35.4376,CEM_II,162.48,32.13,156.76,230,-3.3076000000000008,38.15,179.7415,False,False,21.758930357142855,65.27679107142856,False,Normal,65.27679107142856,0.0,No Action
2024-12-02,SITE_014,25.82,21.4634,CEM_II,156.76,41.53,172.47,230,20.066600000000005,38.15,199.8081,False,False,21.758930357142855,65.27679107142856,False,Normal,65.27679107142856,0.0,No Action
2024-12-03,SITE_014,14.45,14.45520000000002,CEM_III,172.47,30.76,188.78,230,16.304799999999982,38.15,216.1129,False,False,21.758930357142855,65.27679107142856,False,Normal,65.27679107142856,0.0,No Action
2024-12-04,SITE_014,0.0,0.0,CEM_I,188.78,31.35,220.13,230,31.35,38.15,247.4629,False,True,21.758930357142855,65.27679107142856,False,Overcapacity,65.27679107142856,0.0,Pause Delivery
2024-12-05,SITE_014,0.0,0.0,CEM_I,220.13,48.31,268.44,230,48.31,38.15,295.7729,False,True,21.758930357142855,65.27679107142856,False,Overcapacity,65.27679107142856,0.0,Pause Delivery
2024-12-06,SITE_014,12.57,12.571200000000006,CEM_III,268.44,0.0,255.87,230,-12.571200000000006,38.15,283.2017,False,True,21.758930357142855,65.27679107142856,False,Overcapacity,65.27679107142856,0.0,Pause Delivery
2024-12-07,SITE_014,42.53,41.18720000000002,CEM_I,255.87,15.48,228.82,230,-25.707200000000014,38.15,257.4945,False,True,21.758930357142855,65.27679107142856,False,Overcapacity,65.27679107142856,0.0,Pause Delivery
2024-12-08,SITE_014,22.3,22.1052,CEM_III,228.82,46.32,252.84,230,24.2148,38.15,281.7093,False,True,21.758930357142855,65.27679107142856,False,Overcapacity,65.27679107142856,0.0,Pause Delivery
2024-12-09,SITE_014,0.0,0.0,CEM_I,252.84,21.26,274.1,230,21.26,38.15,302.9693,False,True,21.758930357142855,65.27679107142856,False,Overcapacity,65.27679107142856,0.0,Pause Delivery
2024-12-10,SITE_014,0.0,0.0,CEM_III,274.1,37.25,311.35,230,37.25,38.15,340.2193,False,True,21.758930357142855,65.27679107142856,False,Overcapacity,65.27679107142856,0.0,Pause Delivery
2024-12-11,SITE_014,13.4,13.399400000000009,CEM_III,311.35,24.01,321.96,230,10.610599999999993,38.15,350.82989999999995,False,True,21.758930357142855,65.27679107142856,False,Overcapacity,65.27679107142856,0.0,Pause Delivery
2024-12-12,SITE_014,0.0,0.0,CEM_III,321.96,19.74,341.7,230,19.74,38.15,370.5699,False,True,21.758930357142855,65.27679107142856,False,Overcapacity,65.27679107142856,0.0,Pause Delivery
2024-12-13,SITE_014,0.0,0.0,CEM_I,341.7,10.82,352.52,230,10.82,38.15,381.3899,False,True,21.758930357142855,65.27679107142856,False,Overcapacity,65.27679107142856,0.0,Pause Delivery
2024-12-14,SITE_014,0.0,0.0,CEM_II,352.52,0.0,352.52,230,0.0,38.15,381.3899,False,True,21.758930357142855,65.27679107142856,False,Overcapacity,65.27679107142856,0.0,Pause Delivery
2024-12-15,SITE_014,40.01,39.098999999999975,CEM_III,352.52,0.0,312.51,230,-39.098999999999975,38.15,342.2909,False,True,21.758930357142855,65.27679107142856,False,Overcapacity,65.27679107142856,0.0,Pause Delivery
2024-12-16,SITE_014,65.69,58.342799999999954,CEM_I,312.51,30.45,277.27,230,-27.892799999999955,38.15,314.3981,False,True,21.758930357142855,65.27679107142856,False,Overcapacity,65.27679107142856,0.0,Pause Delivery
2024-12-17,SITE_014,0.0,0.0,CEM_III,277.27,25.39,302.66,230,25.39,38.15,339.78810000000004,False,True,21.758930357142855,65.27679107142856,False,Overcapacity,65.27679107142856,0.0,Pause Delivery
2024-12-18,SITE_014,16.14,15.969200000000004,CEM_III,302.66,39.94,326.46,230,23.970799999999997,38.15,363.7589,False,True,21.758930357142855,65.27679107142856,False,Overcapacity,65.27679107142856,0.0,Pause Delivery
2024-12-19,SITE_014,0.0,0.0,CEM_II,326.46,39.8,366.26,230,39.8,38.15,403.5589,False,True,21.758930357142855,65.27679107142856,False,Overcapacity,65.27679107142856,0.0,Pause Delivery
2024-12-20,SITE_014,12.81,12.810399999999971,CEM_I,366.26,33.43,386.88,230,20.619600000000027,38.15,424.1785,False,True,21.758930357142855,65.27679107142856,False,Overcapacity,65.27679107142856,0.0,Pause Delivery
2024-12-21,SITE_014,23.58,21.681700000000006,CEM_I,386.88,31.19,394.49,230,9.508299999999997,38.15,433.6868,False,True,21.758930357142855,65.27679107142856,False,Overcapacity,65.27679107142856,0.0,Pause Delivery
2024-12-22,SITE_014,61.26,50.130399999999966,CEM_III,394.49,14.72,347.95,230,-35.41039999999997,38.15,398.2764000000001,False,True,21.758930357142855,65.27679107142856,False,Overcapacity,65.27679107142856,0.0,Pause Delivery
2024-12-23,SITE_014,0.0,0.0,CEM_III,347.95,32.99,380.94,230,32.99,38.15,431.2664000000001,False,True,21.758930357142855,65.27679107142856,False,Overcapacity,65.27679107142856,0.0,Pause Delivery
2024-12-24,SITE_014,26.48,23.8771,CEM_I,380.94,31.11,385.57,230,7.232900000000001,38.15,438.49930000000006,False,True,21.758930357142855,65.27679107142856,False,Overcapacity,65.27679107142856,0.0,Pause Delivery
2024-12-25,SITE_014,37.37,37.08599999999999,CEM_II,385.57,32.4,380.6,230,-4.685999999999993,38.15,433.8133000000001,False,True,21.758930357142855,65.27679107142856,False,Overcapacity,65.27679107142856,0.0,Pause Delivery
2024-12-26,SITE_014,0.0,0.0,CEM_III,380.6,27.24,407.84,230,27.24,38.15,461.0533000000001,False,True,21.758930357142855,65.27679107142856,False,Overcapacity,65.27679107142856,0.0,Pause Delivery
2024-12-27,SITE_014,51.52,46.349900000000034,CEM_II,407.84,0.0,356.32,230,-46.349900000000034,38.15,414.7034,False,True,21.758930357142855,65.27679107142856,False,Overcapacity,65.27679107142856,0.0,Pause Delivery
2024-12-28,SITE_014,0.0,0.0,CEM_I,356.32,41.93,398.25,230,41.93,38.15,456.6334000000001,False,True,21.758930357142855,65.27679107142856,False,Overcapacity,65.27679107142856,0.0,Pause Delivery
2024-12-29,SITE_014,52.96,46.10730000000002,CEM_II,398.25,27.48,372.77,230,-18.627300000000023,38.15,438.0061,False,True,21.758930357142855,65.27679107142856,False,Overcapacity,65.27679107142856,0.0,Pause Delivery
2024-12-30,SITE_014,60.29,51.375700000000016,CEM_I,372.77,19.16,331.64,230,-32.21570000000001,38.15,405.7904,False,True,21.758930357142855,65.27679107142856,False,Overcapacity,65.27679107142856,0.0,Pause Delivery
2024-12-31,SITE_014,36.42,28.650500000000008,CEM_I,331.64,34.14,329.36,230,5.4894999999999925,38.15,411.2799,False,True,21.758930357142855,65.27679107142856,False,Overcapacity,65.27679107142856,0.0,Pause Delivery
2024-11-06,SITE_015,10.0,10.0001,CEM_III,19610.11,29.54,19629.65,120,19.5399,19610.11,19629.6499,False,True,10.05380357142857,30.16141071428571,False,Overcapacity,30.16141071428571,0.0,Pause Delivery
2024-11-07,SITE_015,9.32,9.319600000000015,CEM_II,19629.65,19.68,19640.01,120,10.360399999999984,19610.11,19640.0103,False,True,10.05380357142857,30.16141071428571,False,Overcapacity,30.16141071428571,0.0,Pause Delivery
2024-11-08,SITE_015,12.32,12.319,CEM_II,19640.01,30.49,19658.18,120,18.171,19610.11,19658.1813,False,True,10.05380357142857,30.16141071428571,False,Overcapacity,30.16141071428571,0.0,Pause Delivery
2024-11-09,SITE_015,18.37,18.37719999999999,CEM_II,19658.18,11.01,19650.82,120,-7.367199999999991,19610.11,19650.8141,False,True,10.05380357142857,30.16141071428571,False,Overcapacity,30.16141071428571,0.0,Pause Delivery
2024-11-10,SITE_015,19.08,19.11509999999998,CEM_I,19650.82,30.6,19662.34,120,11.48490000000002,19610.11,19662.299,False,True,10.05380357142857,30.16141071428571,False,Overcapacity,30.16141071428571,0.0,Pause Delivery
2024-11-11,SITE_015,6.39,6.39059999999999,CEM_I,19662.34,15.42,19671.37,120,9.02940000000001,19610.11,19671.3284,False,True,10.05380357142857,30.16141071428571,False,Overcapacity,30.16141071428571,0.0,Pause Delivery
2024-11-12,SITE_015,9.78,9.77989999999998,CEM_I,19671.37,43.36,19704.95,120,33.580100000000016,19610.11,19704.9085,False,True,10.05380357142857,30.16141071428571,False,Overcapacity,30.16141071428571,0.0,Pause Delivery
2024-11-13,SITE_015,6.69,6.692600000000004,CEM_I,19704.95,38.52,19736.78,120,31.8274,19610.11,19736.7359,False,True,10.05380357142857,30.16141071428571,False,Overcapacity,30.16141071428571,0.0,Pause Delivery
2024-11-14,SITE_015,5.08,5.075800000000001,CEM_I,19736.78,23.72,19755.42,120,18.6442,19610.11,19755.3801,False,True,10.05380357142857,30.16141071428571,False,Overcapacity,30.16141071428571,0.0,Pause Delivery
2024-11-15,SITE_015,5.93,5.947800000000005,CEM_I,19755.42,17.4,19766.89,120,11.452199999999994,19610.11,19766.8323,False,True,10.05380357142857,30.16141071428571,False,Overcapacity,30.16141071428571,0.0,Pause Delivery
2024-11-16,SITE_015,10.85,10.85050000000001,CEM_I,19766.89,29.47,19785.51,120,18.619499999999988,19610.11,19785.4518,False,True,10.05380357142857,30.16141071428571,False,Overcapacity,30.16141071428571,0.0,Pause Delivery
2024-11-17,SITE_015,8.59,8.584300000000006,CEM_III,19785.51,30.47,19807.39,120,21.885699999999996,19610.11,19807.3375,False,True,10.05380357142857,30.16141071428571,False,Overcapacity,30.16141071428571,0.0,Pause Delivery
2024-11-18,SITE_015,8.63,8.621600000000003,CEM_I,19807.39,20.84,19819.6,120,12.218399999999995,19610.11,19819.5559,False,True,10.05380357142857,30.16141071428571,False,Overcapacity,30.16141071428571,0.0,Pause Delivery
2024-11-19,SITE_015,13.71,13.709500000000014,CEM_III,19819.6,34.83,19840.72,120,21.120499999999986,19610.11,19840.6764,False,True,10.05380357142857,30.16141071428571,False,Overcapacity,30.16141071428571,0.0,Pause Delivery
2024-11-20,SITE_015,15.75,15.7551,CEM_III,19840.72,32.89,19857.86,120,17.134900000000002,19610.11,19857.8113,False,True,10.05380357142857,30.16141071428571,False,Overcapacity,30.16141071428571,0.0,Pause Delivery
2024-11-21,SITE_015,15.02,15.020299999999986,CEM_II,19857.86,11.12,19853.96,120,-3.900299999999987,19610.11,19853.911,False,True,10.05380357142857,30.16141071428571,False,Overcapacity,30.16141071428571,0.0,Pause Delivery
2024-11-22,SITE_015,0.0,0.0,CEM_III,19853.96,42.83,19896.79,120,42.83,19610.11,19896.741,False,True,10.05380357142857,30.16141071428571,False,Overcapacity,30.16141071428571,0.0,Pause Delivery
2024-11-23,SITE_015,7.17,7.168799999999993,CEM_I,19896.79,49.86,19939.48,120,42.69120000000001,19610.11,19939.4322,False,True,10.05380357142857,30.16141071428571,False,Overcapacity,30.16141071428571,0.0,Pause Delivery
2024-11-24,SITE_015,14.89,14.89200000000002,CEM_III,19939.48,11.32,19935.91,120,-3.5720000000000205,19610.11,19935.8602,False,True,10.05380357142857,30.16141071428571,False,Overcapacity,30.16141071428571,0.0,Pause Delivery
2024-11-25,SITE_015,8.81,8.809799999999978,CEM_III,19935.91,32.99,19960.09,120,24.180200000000024,19610.11,19960.0404,False,True,10.05380357142857,30.16141071428571,False,Overcapacity,30.16141071428571,0.0,Pause Delivery
2024-11-26,SITE_015,17.32,16.10759999999999,CEM_II,19960.09,12.62,19955.39,120,-3.487599999999992,19610.11,19956.5528,False,True,10.05380357142857,30.16141071428571,False,Overcapacity,30.16141071428571,0.0,Pause Delivery
2024-11-27,SITE_015,19.34,19.29699999999998,CEM_II,19955.39,29.31,19965.36,120,10.01300000000002,19610.11,19966.5658,False,True,10.05380357142857,30.16141071428571,False,Overcapacity,30.16141071428571,0.0,Pause Delivery
2024-11-28,SITE_015,16.09,16.09159999999998,CEM_III,19965.36,47.12,19996.39,120,31.02840000000002,19610.11,19997.5942,False,True,10.05380357142857,30.16141071428571,False,Overcapacity,30.16141071428571,0.0,Pause Delivery
2024-11-29,SITE_015,11.81,11.809999999999976,CEM_I,19996.39,18.34,20002.92,120,6.530000000000024,19610.11,20004.1242,False,True,10.05380357142857,30.16141071428571,False,Overcapacity,30.16141071428571,0.0,Pause Delivery
2024-11-30,SITE_015,12.63,12.625700000000002,CEM_I,20002.92,20.51,20010.8,120,7.8843,19610.11,20012.0085,False,True,10.05380357142857,30.16141071428571,False,Overcapacity,30.16141071428571,0.0,Pause Delivery
2024-12-01,SITE_015,6.19,6.1914000000000025,CEM_I,20010.8,15.12,20019.73,120,8.928599999999996,19610.11,20020.9371,False,True,10.05380357142857,30.16141071428571,False,Overcapacity,30.16141071428571,0.0,Pause Delivery
2024-12-02,SITE_015,7.97,7.968700000000012,CEM_I,20019.73,35.74,20047.5,120,27.77129999999999,19610.11,20048.7084,False,True,10.05380357142857,30.16141071428571,False,Overcapacity,30.16141071428571,0.0,Pause Delivery
2024-12-03,SITE_015,8.15,8.150599999999987,CEM_I,20047.5,12.34,20051.69,120,4.189400000000013,19610.11,20052.8978,False,True,10.05380357142857,30.16141071428571,False,Overcapacity,30.16141071428571,0.0,Pause Delivery
2024-12-04,SITE_015,8.7,8.705100000000014,CEM_II,20051.69,23.2,20066.19,120,14.494899999999983,19610.11,20067.3927,False,True,10.05380357142857,30.16141071428571,False,Overcapacity,30.16141071428571,0.0,Pause Delivery
2024-12-05,SITE_015,0.0,0.0,CEM_II,20066.19,49.26,20115.45,120,49.26,19610.11,20116.6527,False,True,10.05380357142857,30.16141071428571,False,Overcapacity,30.16141071428571,0.0,Pause Delivery
2024-12-06,SITE_015,12.07,12.059099999999992,CEM_II,20115.45,18.49,20121.87,120,6.430900000000007,19610.11,20123.0836,False,True,10.05380357142857,30.16141071428571,False,Overcapacity,30.16141071428571,0.0,Pause Delivery
2024-12-07,SITE_015,15.49,15.491000000000009,CEM_II,20121.87,37.58,20143.96,120,22.08899999999999,19610.11,20145.1726,False,True,10.05380357142857,30.16141071428571,False,Overcapacity,30.16141071428571,0.0,Pause Delivery
2024-12-08,SITE_015,11.16,11.157699999999991,CEM_III,20143.96,20.91,20153.71,120,9.752300000000009,19610.11,20154.9249,False,True,10.05380357142857,30.16141071428571,False,Overcapacity,30.16141071428571,0.0,Pause Delivery
2024-12-09,SITE_015,6.64,6.63979999999999,CEM_I,20153.71,49.11,20196.18,120,42.470200000000006,19610.11,20197.3951,False,True,10.05380357142857,30.16141071428571,False,Overcapacity,30.16141071428571,0.0,Pause Delivery
2024-12-10,SITE_015,7.35,7.349200000000011,CEM_III,20196.18,31.04,20219.87,120,23.69079999999999,19610.11,20221.0859,False,True,10.05380357142857,30.16141071428571,False,Overcapacity,30.16141071428571,0.0,Pause Delivery
2024-12-11,SITE_015,6.46,6.4606,CEM_I,20219.87,46.23,20259.64,120,39.7694,19610.11,20260.8553,False,True,10.05380357142857,30.16141071428571,False,Overcapacity,30.16141071428571,0.0,Pause Delivery
2024-12-12,SITE_015,5.91,5.909500000000005,CEM_II,20259.64,35.62,20289.35,120,29.710499999999996,19610.11,20290.5658,False,True,10.05380357142857,30.16141071428571,False,Overcapacity,30.16141071428571,0.0,Pause Delivery
2024-12-13,SITE_015,10.14,10.13999999999999,CEM_II,20289.35,16.44,20295.65,120,6.300000000000011,19610.11,20296.8658,False,True,10.05380357142857,30.16141071428571,False,Overcapacity,30.16141071428571,0.0,Pause Delivery
2024-12-14,SITE_015,15.05,15.049899999999973,CEM_I,20295.65,34.36,20314.96,120,19.310100000000027,19610.11,20316.1759,False,True,10.05380357142857,30.16141071428571,False,Overcapacity,30.16141071428571,0.0,Pause Delivery
2024-12-15,SITE_015,9.02,9.019699999999988,CEM_I,20314.96,49.86,20355.8,120,40.84030000000001,19610.11,20357.0162,False,True,10.05380357142857,30.16141071428571,False,Overcapacity,30.16141071428571,0.0,Pause Delivery
2024-12-16,SITE_015,7.24,7.239900000000007,CEM_I,20355.8,28.34,20376.9,120,21.100099999999998,19610.11,20378.1163,False,True,10.05380357142857,30.16141071428571,False,Overcapacity,30.16141071428571,0.0,Pause Delivery
2024-12-17,SITE_015,8.23,8.22890000000001,CEM_II,20376.9,20.65,20389.32,120,12.421099999999988,19610.11,20390.5374,False,True,10.05380357142857,30.16141071428571,False,Overcapacity,30.16141071428571,0.0,Pause Delivery
2024-12-18,SITE_015,19.76,19.759,CEM_I,20389.32,20.33,20389.89,120,0.5710000000000015,19610.11,20391.1084,False,True,10.05380357142857,30.16141071428571,False,Overcapacity,30.16141071428571,0.0,Pause Delivery
2024-12-19,SITE_015,19.99,19.991100000000007,CEM_III,20389.89,43.81,20413.71,120,23.8189,19610.11,20414.9273,False,True,10.05380357142857,30.16141071428571,False,Overcapacity,30.16141071428571,0.0,Pause Delivery
2024-12-20,SITE_015,13.89,13.890800000000018,CEM_I,20413.71,24.42,20424.24,120,10.529199999999983,19610.11,20425.4565,False,True,10.05380357142857,30.16141071428571,False,Overcapacity,30.16141071428571,0.0,Pause Delivery
2024-12-21,SITE_015,0.0,0.0,CEM_III,20424.24,26.18,20450.42,120,26.18,19610.11,20451.6365,False,True,10.05380357142857,30.16141071428571,False,Overcapacity,30.16141071428571,0.0,Pause Delivery
2024-12-22,SITE_015,6.12,6.119600000000004,CEM_III,20450.42,30.55,20474.85,120,24.4304,19610.11,20476.0669,False,True,10.05380357142857,30.16141071428571,False,Overcapacity,30.16141071428571,0.0,Pause Delivery
2024-12-23,SITE_015,10.98,10.979600000000012,CEM_III,20474.85,30.81,20494.68,120,19.830399999999987,19610.11,20495.8973,False,True,10.05380357142857,30.16141071428571,False,Overcapacity,30.16141071428571,0.0,Pause Delivery
2024-12-24,SITE_015,5.33,5.330099999999995,CEM_III,20494.68,30.54,20519.89,120,25.209900000000005,19610.11,20521.1072,False,True,10.05380357142857,30.16141071428571,False,Overcapacity,30.16141071428571,0.0,Pause Delivery
2024-12-25,SITE_015,13.02,13.019999999999987,CEM_II,20519.89,10.63,20517.5,120,-2.3899999999999864,19610.11,20518.7172,False,True,10.05380357142857,30.16141071428571,False,Overcapacity,30.16141071428571,0.0,Pause Delivery
2024-12-26,SITE_015,19.15,19.15000000000004,CEM_II,20517.5,29.33,20527.68,120,10.17999999999996,19610.11,20528.8972,False,True,10.05380357142857,30.16141071428571,False,Overcapacity,30.16141071428571,0.0,Pause Delivery
2024-12-27,SITE_015,0.0,0.0,CEM_I,20527.68,42.55,20570.23,120,42.55,19610.11,20571.4472,False,True,10.05380357142857,30.16141071428571,False,Overcapacity,30.16141071428571,0.0,Pause Delivery
2024-12-28,SITE_015,0.0,0.0,CEM_I,20570.23,15.08,20585.31,120,15.08,19610.11,20586.5272,False,True,10.05380357142857,30.16141071428571,False,Overcapacity,30.16141071428571,0.0,Pause Delivery
2024-12-29,SITE_015,15.03,15.029999999999978,CEM_III,20585.31,18.46,20588.74,120,3.430000000000023,19610.11,20589.9572,False,True,10.05380357142857,30.16141071428571,False,Overcapacity,30.16141071428571,0.0,Pause Delivery
2024-12-30,SITE_015,0.0,0.0,CEM_I,20588.74,42.36,20631.1,120,42.36,19610.11,20632.3172,False,True,10.05380357142857,30.16141071428571,False,Overcapacity,30.16141071428571,0.0,Pause Delivery
2024-12-31,SITE_015,11.8,11.62019999999998,CEM_I,20631.1,39.57,20658.87,120,27.94980000000002,19610.11,20660.267,False,True,10.05380357142857,30.16141071428571,False,Overcapacity,30.16141071428571,0.0,Pause Delivery
2024-11-06,SITE_016,19.35,19.34889999999998,CEM_III,775.27,29.82,785.74,487,10.47110000000002,775.27,785.7411,False,True,29.700719642857145,89.10215892857144,False,Overcapacity,89.10215892857144,0.0,Pause Delivery
2024-11-07,SITE_016,11.9,11.9006,CEM_II,785.74,15.39,789.23,487,3.4894,775.27,789.2305,False,True,29.700719642857145,89.10215892857144,False,Overcapacity,89.10215892857144,0.0,Pause Delivery
2024-11-08,SITE_016,18.2,18.019200000000023,CEM_III,789.23,40.37,811.4,487,22.35079999999997,775.27,811.5812999999999,False,True,29.700719642857145,89.10215892857144,False,Overcapacity,89.10215892857144,0.0,Pause Delivery
2024-11-09,SITE_016,0.0,4.8456,CEM_II,811.4,32.93,844.33,487,28.0844,775.27,839.6657,False,True,29.700719642857145,89.10215892857144,False,Overcapacity,89.10215892857144,0.0,Pause Delivery
2024-11-10,SITE_016,31.61,31.21529999999999,CEM_II,844.33,38.66,851.38,487,7.444700000000008,775.27,847.1104,False,True,29.700719642857145,89.10215892857144,False,Overcapacity,89.10215892857144,0.0,Pause Delivery
2024-11-11,SITE_016,25.75,24.0876,CEM_III,851.38,49.29,874.92,487,25.2024,775.27,872.3127999999999,False,True,29.700719642857145,89.10215892857144,False,Overcapacity,89.10215892857144,0.0,Pause Delivery
2024-11-12,SITE_016,0.0,0.0,CEM_II,874.92,47.34,922.26,487,47.34,775.27,919.6528,False,True,29.700719642857145,89.10215892857144,False,Overcapacity,89.10215892857144,0.0,Pause Delivery
2024-11-13,SITE_016,32.78,30.487900000000018,CEM_III,922.26,0.0,889.48,487,-30.487900000000018,775.27,889.1649,False,True,29.700719642857145,89.10215892857144,False,Overcapacity,89.10215892857144,0.0,Pause Delivery
2024-11-14,SITE_016,0.0,0.0,CEM_II,889.48,0.0,889.48,487,0.0,775.27,889.1649,False,True,29.700719642857145,89.10215892857144,False,Overcapacity,89.10215892857144,0.0,Pause Delivery
2024-11-15,SITE_016,35.28,27.787900000000008,CEM_III,889.48,19.43,873.63,487,-8.357900000000008,775.27,880.807,False,True,29.700719642857145,89.10215892857144,False,Overcapacity,89.10215892857144,0.0,Pause Delivery
2024-11-16,SITE_016,60.48,54.80130000000005,CEM_III,873.63,33.16,846.31,487,-21.64130000000005,775.27,859.1656999999999,False,True,29.700719642857145,89.10215892857144,False,Overcapacity,89.10215892857144,0.0,Pause Delivery
2024-11-17,SITE_016,47.02,38.4455,CEM_III,846.31,37.32,836.61,487,-1.1255000000000024,775.27,858.0401999999999,False,True,29.700719642857145,89.10215892857144,False,Overcapacity,89.10215892857144,0.0,Pause Delivery
2024-11-18,SITE_016,52.53,41.12390000000001,CEM_II,836.61,0.0,784.08,487,-41.12390000000001,775.27,816.9162999999999,False,True,29.700719642857145,89.10215892857144,False,Overcapacity,89.10215892857144,0.0,Pause Delivery
2024-11-19,SITE_016,32.65,32.27980000000003,CEM_III,784.08,48.74,800.17,487,16.460199999999972,775.27,833.3764999999999,False,True,29.700719642857145,89.10215892857144,False,Overcapacity,89.10215892857144,0.0,Pause Delivery
2024-11-20,SITE_016,0.0,0.0,CEM_II,800.17,28.48,828.65,487,28.48,775.27,861.8564999999999,False,True,29.700719642857145,89.10215892857144,False,Overcapacity,89.10215892857144,0.0,Pause Delivery
2024-11-21,SITE_016,12.87,12.872299999999994,CEM_III,828.65,28.31,844.09,487,15.437700000000005,775.27,877.2941999999998,False,True,29.700719642857145,89.10215892857144,False,Overcapacity,89.10215892857144,0.0,Pause Delivery
2024-11-22,SITE_016,49.58,46.52969999999999,CEM_I,844.09,33.11,827.62,487,-13.419699999999992,775.27,863.8744999999999,False,True,29.700719642857145,89.10215892857144,False,Overcapacity,89.10215892857144,0.0,Pause Delivery
2024-11-23,SITE_016,53.48,48.27380000000002,CEM_III,827.62,12.09,786.23,487,-36.18380000000002,775.27,827.6906999999999,False,True,29.700719642857145,89.10215892857144,False,Overcapacity,89.10215892857144,0.0,Pause Delivery
2024-11-24,SITE_016,37.22,36.52499999999996,CEM_II,786.23,14.99,764.0,487,-21.53499999999996,775.27,806.1556999999999,False,True,29.700719642857145,89.10215892857144,False,Overcapacity,89.10215892857144,0.0,Pause Delivery
2024-11-25,SITE_016,23.2,19.851300000000016,CEM_III,764.0,20.78,761.58,487,0.928699999999985,775.27,807.0843999999998,False,True,29.700719642857145,89.10215892857144,False,Overcapacity,89.10215892857144,0.0,Pause Delivery
2024-11-26,SITE_016,0.0,0.0,CEM_I,761.58,17.53,779.11,487,17.53,775.27,824.6143999999999,False,True,29.700719642857145,89.10215892857144,False,Overcapacity,89.10215892857144,0.0,Pause Delivery
2024-11-27,SITE_016,26.86,25.18099999999998,CEM_II,779.11,28.77,781.02,487,3.58900000000002,775.27,828.2033999999999,False,True,29.700719642857145,89.10215892857144,False,Overcapacity,89.10215892857144,0.0,Pause Delivery
2024-11-28,SITE_016,10.5,10.464400000000005,CEM_III,781.02,0.0,770.52,487,-10.464400000000005,775.27,817.7389999999999,False,True,29.700719642857145,89.10215892857144,False,Overcapacity,89.10215892857144,0.0,Pause Delivery
2024-11-29,SITE_016,65.87,58.535,CEM_II,770.52,29.41,734.06,487,-29.125,775.27,788.6139999999999,False,True,29.700719642857145,89.10215892857144,False,Overcapacity,89.10215892857144,0.0,Pause Delivery
2024-11-30,SITE_016,51.65,43.3051,CEM_I,734.06,10.69,693.1,487,-32.615100000000005,775.27,755.9988999999999,False,True,29.700719642857145,89.10215892857144,False,Overcapacity,89.10215892857144,0.0,Pause Delivery
2024-12-01,SITE_016,60.87,58.9699,CEM_III,693.1,46.14,678.37,487,-12.829900000000002,775.27,743.1689999999999,False,True,29.700719642857145,89.10215892857144,False,Overcapacity,89.10215892857144,0.0,Pause Delivery
2024-12-02,SITE_016,0.0,0.0,CEM_I,678.37,47.27,725.64,487,47.27,775.27,790.4389999999999,False,True,29.700719642857145,89.10215892857144,False,Overcapacity,89.10215892857144,0.0,Pause Delivery
2024-12-03,SITE_016,63.45,61.32229999999994,CEM_II,725.64,0.0,662.19,487,-61.32229999999994,775.27,729.1166999999999,False,True,29.700719642857145,89.10215892857144,False,Overcapacity,89.10215892857144,0.0,Pause Delivery
2024-12-04,SITE_016,68.78,58.23470000000001,CEM_III,662.19,43.17,636.58,487,-15.064700000000007,775.27,714.0519999999999,False,True,29.700719642857145,89.10215892857144,False,Overcapacity,89.10215892857144,0.0,Pause Delivery
2024-12-05,SITE_016,0.0,0.0,CEM_III,636.58,45.97,682.55,487,45.97,775.27,760.0219999999999,False,True,29.700719642857145,89.10215892857144,False,Overcapacity,89.10215892857144,0.0,Pause Delivery
2024-12-06,SITE_016,22.89,22.342199999999995,CEM_III,682.55,33.22,692.88,487,10.877800000000004,775.27,770.8997999999999,False,True,29.700719642857145,89.10215892857144,False,Overcapacity,89.10215892857144,0.0,Pause Delivery
2024-12-07,SITE_016,50.42,46.34179999999999,CEM_III,692.88,29.76,672.22,487,-16.58179999999999,775.27,754.318,False,True,29.700719642857145,89.10215892857144,False,Overcapacity,89.10215892857144,0.0,Pause Delivery
2024-12-08,SITE_016,50.65,42.13790000000001,CEM_II,672.22,48.64,670.21,487,6.502099999999992,775.27,760.8200999999999,False,True,29.700719642857145,89.10215892857144,False,Overcapacity,89.10215892857144,0.0,Pause Delivery
2024-12-09,SITE_016,52.16,49.16319999999999,CEM_III,670.21,45.62,663.67,487,-3.543199999999992,775.27,757.2769,False,True,29.700719642857145,89.10215892857144,False,Overcapacity,89.10215892857144,0.0,Pause Delivery
2024-12-10,SITE_016,62.54,60.31390000000005,CEM_III,663.67,13.51,614.64,487,-46.80390000000005,775.27,710.473,False,True,29.700719642857145,89.10215892857144,False,Overcapacity,89.10215892857144,0.0,Pause Delivery
2024-12-11,SITE_016,33.13,32.62879999999999,CEM_I,614.64,47.69,629.2,487,15.061200000000008,775.27,725.5341999999999,False,True,29.700719642857145,89.10215892857144,False,Overcapacity,89.10215892857144,0.0,Pause Delivery
2024-12-12,SITE_016,48.59,46.15700000000003,CEM_III,629.2,31.92,612.53,487,-14.23700000000003,775.27,711.2971999999999,False,True,29.700719642857145,89.10215892857144,False,Overcapacity,89.10215892857144,0.0,Pause Delivery
2024-12-13,SITE_016,56.66,54.87790000000002,CEM_II,612.53,45.11,600.98,487,-9.76790000000002,775.27,701.5292999999999,False,True,29.700719642857145,89.10215892857144,False,Overcapacity,89.10215892857144,0.0,Pause Delivery
2024-12-14,SITE_016,41.09,39.207400000000014,CEM_I,600.98,25.62,585.51,487,-13.587400000000011,775.27,687.9418999999998,False,True,29.700719642857145,89.10215892857144,False,Overcapacity,89.10215892857144,0.0,Pause Delivery
2024-12-15,SITE_016,0.0,0.0,CEM_I,585.51,23.98,609.49,487,23.98,775.27,711.9218999999998,False,True,29.700719642857145,89.10215892857144,False,Overcapacity,89.10215892857144,0.0,Pause Delivery
2024-12-16,SITE_016,54.92,48.19389999999997,CEM_III,609.49,25.51,580.08,487,-22.68389999999997,775.27,689.2379999999998,False,True,29.700719642857145,89.10215892857144,False,Overcapacity,89.10215892857144,0.0,Pause Delivery
2024-12-17,SITE_016,58.53,52.13500000000001,CEM_III,580.08,23.03,544.58,487,-29.10500000000001,775.27,660.1329999999998,False,True,29.700719642857145,89.10215892857144,False,Overcapacity,89.10215892857144,0.0,Pause Delivery
2024-12-18,SITE_016,15.25,15.2458,CEM_I,544.58,43.71,573.04,487,28.4642,775.27,688.5971999999999,False,True,29.700719642857145,89.10215892857144,False,Overcapacity,89.10215892857144,0.0,Pause Delivery
2024-12-19,SITE_016,47.14,44.157300000000006,CEM_I,573.04,29.05,554.95,487,-15.107300000000006,775.27,673.4898999999998,False,True,29.700719642857145,89.10215892857144,False,Overcapacity,89.10215892857144,0.0,Pause Delivery
2024-12-20,SITE_016,32.89,32.453100000000006,CEM_III,554.95,0.0,522.06,487,-32.453100000000006,775.27,641.0367999999999,False,True,29.700719642857145,89.10215892857144,False,Overcapacity,89.10215892857144,0.0,Pause Delivery
2024-12-21,SITE_016,34.35,34.17460000000005,CEM_I,522.06,14.17,501.88,487,-20.00460000000005,775.27,621.0321999999999,False,True,29.700719642857145,89.10215892857144,False,Overcapacity,89.10215892857144,0.0,Pause Delivery
2024-12-22,SITE_016,0.0,0.0,CEM_I,501.88,13.14,515.02,487,13.14,775.27,634.1721999999997,False,True,29.700719642857145,89.10215892857144,False,Overcapacity,89.10215892857144,0.0,Pause Delivery
2024-12-23,SITE_016,0.0,0.0,CEM_II,515.02,0.0,515.02,487,0.0,775.27,634.1721999999997,False,True,29.700719642857145,89.10215892857144,False,Overcapacity,89.10215892857144,0.0,Pause Delivery
2024-12-24,SITE_016,35.92,34.55980000000001,CEM_III,515.02,30.59,509.69,487,-3.96980000000001,775.27,630.2023999999998,False,True,29.700719642857145,89.10215892857144,False,Overcapacity,89.10215892857144,0.0,Pause Delivery
2024-12-25,SITE_016,0.0,0.0,CEM_III,509.69,39.51,549.2,487,39.51,775.27,669.7123999999998,False,True,29.700719642857145,89.10215892857144,False,Overcapacity,89.10215892857144,0.0,Pause Delivery
2024-12-26,SITE_016,16.8,16.117799999999974,CEM_I,549.2,0.0,532.4,487,-16.117799999999974,775.27,653.5945999999998,False,True,29.700719642857145,89.10215892857144,False,Overcapacity,89.10215892857144,0.0,Pause Delivery
2024-12-27,SITE_016,18.36,18.334599999999963,CEM_III,532.4,31.26,545.3,487,12.92540000000004,775.27,666.5199999999999,False,True,29.700719642857145,89.10215892857144,False,Overcapacity,89.10215892857144,0.0,Pause Delivery
2024-12-28,SITE_016,67.8,52.68780000000002,CEM_III,545.3,46.0,523.5,487,-6.687800000000017,775.27,659.8321999999998,False,True,29.700719642857145,89.10215892857144,False,Overcapacity,89.10215892857144,0.0,Pause Delivery
2024-12-29,SITE_016,69.54,48.95590000000002,CEM_III,523.5,27.32,481.28,487,-21.63590000000002,775.27,638.1962999999998,False,True,29.700719642857145,89.10215892857144,False,Overcapacity,89.10215892857144,0.0,Pause Delivery
2024-12-30,SITE_016,17.26,16.909499999999994,CEM_III,481.28,0.0,464.02,487,-16.909499999999994,775.27,621.2867999999999,False,True,29.700719642857145,89.10215892857144,False,Overcapacity,89.10215892857144,0.0,Pause Delivery
2024-12-31,SITE_016,49.73,41.73709999999999,CEM_III,464.02,18.91,433.2,487,-22.82709999999999,775.27,598.4596999999999,False,True,29.700719642857145,89.10215892857144,False,Overcapacity,89.10215892857144,0.0,Pause Delivery
2024-11-06,SITE_017,20.1,39.48319999999998,CEM_III,0.0,20.1,0.0,341,-19.38319999999998,0.0,-19.38319999999998,True,False,29.533926785714282,88.60178035714284,False,Stockout,88.60178035714284,107.98,Emergency Reorder
2024-11-07,SITE_017,43.25,35.20939999999999,CEM_III,0.0,43.25,0.0,341,8.040600000000012,0.0,-11.342599999999967,True,False,29.533926785714282,88.60178035714284,False,Stockout,88.60178035714284,99.94,Emergency Reorder
2024-11-08,SITE_017,21.93,38.0549,CEM_I,0.0,21.93,0.0,341,-16.124900000000004,0.0,-27.467499999999973,True,False,29.533926785714282,88.60178035714284,False,Stockout,88.60178035714284,116.07,Emergency Reorder
2024-11-09,SITE_017,45.53,43.0992,CEM_II,0.0,45.53,0.0,341,2.430799999999998,0.0,-25.03669999999997,True,False,29.533926785714282,88.60178035714284,False,Stockout,88.60178035714284,113.64,Emergency Reorder
2024-11-10,SITE_017,31.05,26.37989999999999,CEM_III,0.0,31.35,0.3,341,4.970100000000013,0.0,-20.06659999999996,True,False,29.533926785714282,88.60178035714284,False,Stockout,88.60178035714284,108.67,Emergency Reorder
2024-11-11,SITE_017,42.51,45.51039999999999,CEM_III,0.3,42.21,0.0,341,-3.300399999999989,0.0,-23.36699999999995,True,False,29.533926785714282,88.60178035714284,False,Stockout,88.60178035714284,111.97,Emergency Reorder
2024-11-12,SITE_017,25.18,28.53070000000001,CEM_III,0.0,31.48,6.3,341,2.9492999999999903,0.0,-20.41769999999996,True,False,29.533926785714282,88.60178035714284,False,Stockout,88.60178035714284,109.02,Emergency Reorder
2024-11-13,SITE_017,21.39,41.90739999999997,CEM_III,6.3,15.09,0.0,341,-26.817399999999967,0.0,-47.23509999999993,True,False,29.533926785714282,88.60178035714284,False,Stockout,88.60178035714284,135.84,Emergency Reorder
2024-11-14,SITE_017,17.97,33.958900000000014,CEM_III,0.0,17.97,0.0,341,-15.988900000000015,0.0,-63.22399999999995,True,False,29.533926785714282,88.60178035714284,False,Stockout,88.60178035714284,151.83,Emergency Reorder
2024-11-15,SITE_017,32.21,35.139600000000016,CEM_III,0.0,32.21,0.0,341,-2.929600000000015,0.0,-66.15359999999995,True,False,29.533926785714282,88.60178035714284,False,Stockout,88.60178035714284,154.76,Emergency Reorder
2024-11-16,SITE_017,36.07,27.5835,CEM_II,0.0,45.75,9.68,341,18.1665,0.0,-47.98709999999996,True,False,29.533926785714282,88.60178035714284,False,Stockout,88.60178035714284,136.59,Emergency Reorder
2024-11-17,SITE_017,37.89,30.040399999999995,CEM_I,9.68,31.39,3.18,341,1.349600000000006,0.0,-46.63749999999995,True,False,29.533926785714282,88.60178035714284,False,Stockout,88.60178035714284,135.24,Emergency Reorder
2024-11-18,SITE_017,36.12,29.4346,CEM_III,3.18,44.47,11.53,341,15.0354,0.0,-31.602099999999957,True,False,29.533926785714282,88.60178035714284,False,Stockout,88.60178035714284,120.2,Emergency Reorder
2024-11-19,SITE_017,45.83,35.05359999999998,CEM_III,11.53,48.5,14.2,341,13.446400000000018,0.0,-18.155699999999936,True,False,29.533926785714282,88.60178035714284,False,Stockout,88.60178035714284,106.76,Emergency Reorder
2024-11-20,SITE_017,24.05,30.39079999999998,CEM_II,14.2,15.86,6.01,341,-14.530799999999982,0.0,-32.68649999999992,True,False,29.533926785714282,88.60178035714284,False,Stockout,88.60178035714284,121.29,Emergency Reorder
2024-11-21,SITE_017,52.2,40.40480000000002,CEM_III,6.01,46.19,0.0,341,5.785199999999975,0.0,-26.901299999999942,True,False,29.533926785714282,88.60178035714284,False,Stockout,88.60178035714284,115.5,Emergency Reorder
2024-11-22,SITE_017,15.76,35.913900000000005,CEM_III,0.0,15.76,0.0,341,-20.153900000000007,0.0,-47.05519999999995,True,False,29.533926785714282,88.60178035714284,False,Stockout,88.60178035714284,135.66,Emergency Reorder
2024-11-23,SITE_017,11.96,22.865400000000005,CEM_II,0.0,14.95,2.99,341,-7.915400000000005,0.0,-54.97059999999996,True,False,29.533926785714282,88.60178035714284,False,Stockout,88.60178035714284,143.57,Emergency Reorder
2024-11-24,SITE_017,31.63,26.301299999999987,CEM_III,2.99,49.4,20.76,341,23.09870000000001,0.0,-31.871899999999943,True,False,29.533926785714282,88.60178035714284,False,Stockout,88.60178035714284,120.47,Emergency Reorder
2024-11-25,SITE_017,0.0,0.0,CEM_II,20.76,41.88,62.64,341,41.88,0.0,10.00810000000006,False,False,29.533926785714282,88.60178035714284,True,Low Stock,88.60178035714284,78.59,Place Reorder
2024-11-26,SITE_017,45.63,36.08379999999998,CEM_II,62.64,46.89,63.9,341,10.806200000000018,0.0,20.81430000000008,False,False,29.533926785714282,88.60178035714284,True,Low Stock,88.60178035714284,67.79,Place Reorder
2024-11-27,SITE_017,58.03,49.347900000000045,CEM_III,63.9,16.82,22.69,341,-32.527900000000045,0.0,-11.713599999999968,True,False,29.533926785714282,88.60178035714284,False,Stockout,88.60178035714284,100.32,Emergency Reorder
2024-11-28,SITE_017,38.57,41.6004,CEM_I,22.69,15.88,0.0,341,-25.7204,0.0,-37.43399999999997,True,False,29.533926785714282,88.60178035714284,False,Stockout,88.60178035714284,126.04,Emergency Reorder
2024-11-29,SITE_017,0.0,0.0,CEM_III,0.0,38.02,38.02,341,38.02,0.0,0.5860000000000412,False,False,29.533926785714282,88.60178035714284,True,Low Stock,88.60178035714284,88.02,Place Reorder
2024-11-30,SITE_017,56.13,41.8447,CEM_I,38.02,24.87,6.76,341,-16.974700000000002,0.0,-16.38869999999996,True,False,29.533926785714282,88.60178035714284,False,Stockout,88.60178035714284,104.99,Emergency Reorder
2024-12-01,SITE_017,30.89,28.983,CEM_I,6.76,24.13,0.0,341,-4.8530000000000015,0.0,-21.241699999999963,True,False,29.533926785714282,88.60178035714284,False,Stockout,88.60178035714284,109.84,Emergency Reorder
2024-12-02,SITE_017,0.0,0.0,CEM_III,0.0,14.63,14.63,341,14.63,0.0,-6.611699999999962,True,False,29.533926785714282,88.60178035714284,False,Stockout,88.60178035714284,95.21,Emergency Reorder
2024-12-03,SITE_017,31.02,27.854900000000026,CEM_II,14.63,35.55,19.16,341,7.695099999999972,0.0,1.08340000000001,False,False,29.533926785714282,88.60178035714284,True,Low Stock,88.60178035714284,87.52,Place Reorder
2024-12-04,SITE_017,40.25,28.65889999999999,CEM_II,19.16,36.11,15.02,341,7.451100000000011,0.0,8.53450000000002,False,False,29.533926785714282,88.60178035714284,True,Low Stock,88.60178035714284,80.07,Place Reorder
2024-12-05,SITE_017,25.05,25.59429999999999,CEM_II,15.02,16.29,6.26,341,-9.30429999999999,0.0,-0.7697999999999698,True,False,29.533926785714282,88.60178035714284,False,Stockout,88.60178035714284,89.37,Emergency Reorder
2024-12-06,SITE_017,18.87,26.425900000000023,CEM_III,6.26,12.61,0.0,341,-13.815900000000024,0.0,-14.585699999999994,True,False,29.533926785714282,88.60178035714284,False,Stockout,88.60178035714284,103.19,Emergency Reorder
2024-12-07,SITE_017,36.72,29.11070000000002,CEM_III,0.0,36.72,0.0,341,7.60929999999998,0.0,-6.976400000000014,True,False,29.533926785714282,88.60178035714284,False,Stockout,88.60178035714284,95.58,Emergency Reorder
2024-12-08,SITE_017,16.2,32.45199999999999,CEM_I,0.0,16.2,0.0,341,-16.251999999999992,0.0,-23.228400000000008,True,False,29.533926785714282,88.60178035714284,False,Stockout,88.60178035714284,111.83,Emergency Reorder
2024-12-09,SITE_017,32.75,29.4309,CEM_I,0.0,44.44,11.69,341,15.009099999999997,0.0,-8.219300000000008,True,False,29.533926785714282,88.60178035714284,False,Stockout,88.60178035714284,96.82,Emergency Reorder
2024-12-10,SITE_017,52.59,37.6426,CEM_II,11.69,46.32,5.42,341,8.677399999999999,0.0,0.458099999999991,False,False,29.533926785714282,88.60178035714284,True,Low Stock,88.60178035714284,88.14,Place Reorder
2024-12-11,SITE_017,45.27,34.89329999999998,CEM_II,5.42,46.73,6.88,341,11.836700000000016,0.0,12.294800000000006,False,False,29.533926785714282,88.60178035714284,True,Low Stock,88.60178035714284,76.31,Place Reorder
2024-12-12,SITE_017,32.72,26.143100000000004,CEM_III,6.88,25.84,0.0,341,-0.3031000000000041,0.0,11.991700000000002,False,False,29.533926785714282,88.60178035714284,True,Low Stock,88.60178035714284,76.61,Place Reorder
2024-12-13,SITE_017,37.77,37.05440000000001,CEM_III,0.0,37.77,0.0,341,0.7155999999999949,0.0,12.707299999999996,False,False,29.533926785714282,88.60178035714284,True,Low Stock,88.60178035714284,75.89,Place Reorder
2024-12-14,SITE_017,32.06,35.499899999999975,CEM_II,0.0,32.06,0.0,341,-3.439899999999973,0.0,9.267400000000023,False,False,29.533926785714282,88.60178035714284,True,Low Stock,88.60178035714284,79.33,Place Reorder
2024-12-15,SITE_017,33.9,40.6469,CEM_II,0.0,33.9,0.0,341,-6.746900000000004,0.0,2.52050000000002,False,False,29.533926785714282,88.60178035714284,True,Low Stock,88.60178035714284,86.08,Place Reorder
2024-12-16,SITE_017,22.34,31.75299999999997,CEM_I,0.0,22.34,0.0,341,-9.412999999999972,0.0,-6.892499999999952,True,False,29.533926785714282,88.60178035714284,False,Stockout,88.60178035714284,95.49,Emergency Reorder
2024-12-17,SITE_017,0.0,0.0,CEM_III,0.0,38.06,38.06,341,38.06,0.0,31.16750000000005,False,False,29.533926785714282,88.60178035714284,True,Low Stock,88.60178035714284,57.43,Place Reorder
2024-12-18,SITE_017,0.0,0.0,CEM_III,38.06,45.7,83.76,341,45.7,0.0,76.86750000000005,False,False,29.533926785714282,88.60178035714284,True,Low Stock,88.60178035714284,11.73,Place Reorder
2024-12-19,SITE_017,32.71,26.207900000000013,CEM_III,83.76,49.83,100.88,341,23.622099999999985,0.0,100.48960000000004,False,False,29.533926785714282,88.60178035714284,False,Normal,88.60178035714284,0.0,No Action
2024-12-20,SITE_017,39.52,30.63360000000001,CEM_II,100.88,33.14,94.5,341,2.5063999999999886,0.0,102.99600000000002,False,False,29.533926785714282,88.60178035714284,False,Normal,88.60178035714284,0.0,No Action
2024-12-21,SITE_017,36.76,30.21479999999999,CEM_III,94.5,28.58,86.32,341,-1.6347999999999914,0.0,101.36120000000004,False,False,29.533926785714282,88.60178035714284,False,Normal,88.60178035714284,0.0,No Action
2024-12-22,SITE_017,0.0,0.0,CEM_I,86.32,11.81,98.13,341,11.81,0.0,113.17120000000004,False,False,29.533926785714282,88.60178035714284,False,Normal,88.60178035714284,0.0,No Action
2024-12-23,SITE_017,54.3,35.957199999999986,CEM_I,98.13,15.08,58.91,341,-20.877199999999988,0.0,92.29400000000004,False,False,29.533926785714282,88.60178035714284,False,Normal,88.60178035714284,0.0,No Action
2024-12-24,SITE_017,31.93,26.9858,CEM_I,58.91,12.16,39.14,341,-14.825799999999996,0.0,77.46820000000005,False,False,29.533926785714282,88.60178035714284,True,Low Stock,88.60178035714284,11.13,Place Reorder
2024-12-25,SITE_017,57.31,41.1013,CEM_III,39.14,37.5,19.33,341,-3.601300000000002,0.0,73.86690000000004,False,False,29.533926785714282,88.60178035714284,True,Low Stock,88.60178035714284,14.73,Place Reorder
2024-12-26,SITE_017,41.22,34.49059999999999,CEM_III,19.33,23.91,2.02,341,-10.580599999999992,0.0,63.28630000000005,False,False,29.533926785714282,88.60178035714284,True,Low Stock,88.60178035714284,25.32,Place Reorder
2024-12-27,SITE_017,12.52,26.3512,CEM_III,2.02,10.5,0.0,341,-15.8512,0.0,47.435100000000055,False,False,29.533926785714282,88.60178035714284,True,Low Stock,88.60178035714284,41.17,Place Reorder
2024-12-28,SITE_017,12.18,34.229800000000004,CEM_III,0.0,12.18,0.0,341,-22.049800000000005,0.0,25.38530000000005,False,False,29.533926785714282,88.60178035714284,True,Low Stock,88.60178035714284,63.22,Place Reorder
2024-12-29,SITE_017,35.71,28.8429,CEM_II,0.0,49.11,13.4,341,20.2671,0.0,45.65240000000005,False,False,29.533926785714282,88.60178035714284,True,Low Stock,88.60178035714284,42.95,Place Reorder
2024-12-30,SITE_017,26.47,22.853400000000008,CEM_II,13.4,19.68,6.61,341,-3.173400000000008,0.0,42.47900000000004,False,False,29.533926785714282,88.60178035714284,True,Low Stock,88.60178035714284,46.12,Place Reorder
2024-12-31,SITE_017,38.23,29.748900000000013,CEM_III,6.61,31.62,0.0,341,1.871099999999988,0.0,44.350100000000026,False,False,29.533926785714282,88.60178035714284,True,Low Stock,88.60178035714284,44.25,Place Reorder
2024-11-06,SITE_018,26.52,24.075999999999983,CEM_III,6.79,26.36,6.63,152,2.2840000000000167,6.79,9.074000000000016,False,False,31.250791071428573,93.75237321428571,True,Low Stock,93.75237321428571,84.68,Place Reorder
2024-11-07,SITE_018,24.55,29.227200000000007,CEM_II,6.63,24.06,6.14,152,-5.167200000000008,6.79,3.906800000000009,False,False,31.250791071428573,93.75237321428571,True,Low Stock,93.75237321428571,89.85,Place Reorder
2024-11-08,SITE_018,41.64,35.88220000000001,CEM_I,6.14,35.5,0.0,152,-0.3822000000000116,6.79,3.524599999999997,False,False,31.250791071428573,93.75237321428571,True,Low Stock,93.75237321428571,90.23,Place Reorder
2024-11-09,SITE_018,34.24,24.6416,CEM_I,0.0,45.67,11.43,152,21.0284,6.79,24.553,False,False,31.250791071428573,93.75237321428571,True,Low Stock,93.75237321428571,69.2,Place Reorder
2024-11-10,SITE_018,48.7,44.3179,CEM_III,11.43,37.27,0.0,152,-7.047899999999999,6.79,17.5051,False,False,31.250791071428573,93.75237321428571,True,Low Stock,93.75237321428571,76.25,Place Reorder
2024-11-11,SITE_018,11.04,21.625199999999985,CEM_II,0.0,13.8,2.76,152,-7.825199999999985,6.79,9.679900000000014,False,False,31.250791071428573,93.75237321428571,True,Low Stock,93.75237321428571,84.07,Place Reorder
2024-11-12,SITE_018,21.13,33.7762,CEM_III,2.76,18.37,0.0,152,-15.406200000000002,6.79,-5.726299999999987,True,False,31.250791071428573,93.75237321428571,False,Stockout,93.75237321428571,99.48,Emergency Reorder
2024-11-13,SITE_018,22.27,32.04619999999998,CEM_II,0.0,27.84,5.57,152,-4.206199999999978,6.79,-9.932499999999964,True,False,31.250791071428573,93.75237321428571,False,Stockout,93.75237321428571,103.68,Emergency Reorder
2024-11-14,SITE_018,26.13,34.29100000000002,CEM_III,5.57,20.56,0.0,152,-13.73100000000002,6.79,-23.663499999999985,True,False,31.250791071428573,93.75237321428571,False,Stockout,93.75237321428571,117.42,Emergency Reorder
2024-11-15,SITE_018,36.69,41.1546,CEM_I,0.0,36.69,0.0,152,-4.464600000000004,6.79,-28.12809999999999,True,False,31.250791071428573,93.75237321428571,False,Stockout,93.75237321428571,121.88,Emergency Reorder
2024-11-16,SITE_018,0.0,0.0,CEM_II,0.0,46.24,46.24,152,46.24,6.79,18.111900000000013,False,False,31.250791071428573,93.75237321428571,True,Low Stock,93.75237321428571,75.64,Place Reorder
2024-11-17,SITE_018,36.09,28.47369999999999,CEM_III,46.24,18.11,28.26,152,-10.36369999999999,6.79,7.748200000000023,False,False,31.250791071428573,93.75237321428571,True,Low Stock,93.75237321428571,86.0,Place Reorder
2024-11-18,SITE_018,25.27,23.66110000000001,CEM_I,28.26,18.69,21.68,152,-4.971100000000007,6.79,2.777100000000016,False,False,31.250791071428573,93.75237321428571,True,Low Stock,93.75237321428571,90.98,Place Reorder
2024-11-19,SITE_018,40.57,36.71089999999999,CEM_I,21.68,18.89,0.0,152,-17.820899999999988,6.79,-15.043799999999973,True,False,31.250791071428573,93.75237321428571,False,Stockout,93.75237321428571,108.8,Emergency Reorder
2024-11-20,SITE_018,38.96,28.191,CEM_III,0.0,48.69,9.73,152,20.499,6.79,5.455200000000027,False,False,31.250791071428573,93.75237321428571,True,Low Stock,93.75237321428571,88.3,Place Reorder
2024-11-21,SITE_018,39.25,32.671900000000015,CEM_II,9.73,29.52,0.0,152,-3.1519000000000155,6.79,2.303300000000012,False,False,31.250791071428573,93.75237321428571,True,Low Stock,93.75237321428571,91.45,Place Reorder
2024-11-22,SITE_018,18.4,28.92779999999998,CEM_I,0.0,18.4,0.0,152,-10.52779999999998,6.79,-8.22449999999997,True,False,31.250791071428573,93.75237321428571,False,Stockout,93.75237321428571,101.98,Emergency Reorder
2024-11-23,SITE_018,12.16,33.795199999999994,CEM_I,0.0,12.16,0.0,152,-21.635199999999998,6.79,-29.859699999999968,True,False,31.250791071428573,93.75237321428571,False,Stockout,93.75237321428571,123.61,Emergency Reorder
2024-11-24,SITE_018,26.02,38.0452,CEM_I,0.0,26.02,0.0,152,-12.025200000000002,6.79,-41.884899999999966,True,False,31.250791071428573,93.75237321428571,False,Stockout,93.75237321428571,135.64,Emergency Reorder
2024-11-25,SITE_018,20.63,40.22570000000002,CEM_III,0.0,20.63,0.0,152,-19.59570000000002,6.79,-61.48059999999999,True,False,31.250791071428573,93.75237321428571,False,Stockout,93.75237321428571,155.23,Emergency Reorder
2024-11-26,SITE_018,37.28,30.886900000000004,CEM_III,0.0,37.28,0.0,152,6.393099999999997,6.79,-55.087499999999984,True,False,31.250791071428573,93.75237321428571,False,Stockout,93.75237321428571,148.84,Emergency Reorder
2024-11-27,SITE_018,20.35,31.40529999999999,CEM_I,0.0,20.35,0.0,152,-11.055299999999988,6.79,-66.14279999999997,True,False,31.250791071428573,93.75237321428571,False,Stockout,93.75237321428571,159.9,Emergency Reorder
2024-11-28,SITE_018,27.36,25.157299999999992,CEM_III,0.0,44.6,17.24,152,19.44270000000001,6.79,-46.70009999999997,True,False,31.250791071428573,93.75237321428571,False,Stockout,93.75237321428571,140.45,Emergency Reorder
2024-11-29,SITE_018,29.85,35.22099999999998,CEM_I,17.24,12.61,0.0,152,-22.610999999999983,6.79,-69.31109999999994,True,False,31.250791071428573,93.75237321428571,False,Stockout,93.75237321428571,163.06,Emergency Reorder
2024-11-30,SITE_018,35.01,28.432999999999986,CEM_III,0.0,43.76,8.75,152,15.327000000000012,6.79,-53.984099999999934,True,False,31.250791071428573,93.75237321428571,False,Stockout,93.75237321428571,147.74,Emergency Reorder
2024-12-01,SITE_018,24.16,22.412200000000016,CEM_III,8.75,38.69,23.28,152,16.27779999999998,6.79,-37.70629999999996,True,False,31.250791071428573,93.75237321428571,False,Stockout,93.75237321428571,131.46,Emergency Reorder
2024-12-02,SITE_018,40.03,35.18910000000001,CEM_I,23.28,21.44,4.69,152,-13.74910000000001,6.79,-51.45539999999996,True,False,31.250791071428573,93.75237321428571,False,Stockout,93.75237321428571,145.21,Emergency Reorder
2024-12-03,SITE_018,29.32,34.261900000000004,CEM_I,4.69,24.63,0.0,152,-9.631900000000003,6.79,-61.08729999999996,True,False,31.250791071428573,93.75237321428571,False,Stockout,93.75237321428571,154.84,Emergency Reorder
2024-12-04,SITE_018,14.84,23.1877,CEM_I,0.0,18.55,3.71,152,-4.637699999999999,6.79,-65.72499999999997,True,False,31.250791071428573,93.75237321428571,False,Stockout,93.75237321428571,159.48,Emergency Reorder
2024-12-05,SITE_018,24.73,25.74160000000001,CEM_I,3.71,27.2,6.18,152,1.4583999999999904,6.79,-64.26659999999997,True,False,31.250791071428573,93.75237321428571,False,Stockout,93.75237321428571,158.02,Emergency Reorder
2024-12-06,SITE_018,42.39,36.93930000000002,CEM_I,6.18,36.21,0.0,152,-0.7293000000000163,6.79,-64.99589999999999,True,False,31.250791071428573,93.75237321428571,False,Stockout,93.75237321428571,158.75,Emergency Reorder
2024-12-07,SITE_018,14.56,33.341600000000014,CEM_I,0.0,14.56,0.0,152,-18.78160000000001,6.79,-83.7775,True,False,31.250791071428573,93.75237321428571,False,Stockout,93.75237321428571,177.53,Emergency Reorder
2024-12-08,SITE_018,14.53,41.36289999999999,CEM_III,0.0,14.53,0.0,152,-26.832899999999988,6.79,-110.61039999999998,True,False,31.250791071428573,93.75237321428571,False,Stockout,93.75237321428571,204.36,Emergency Reorder
2024-12-09,SITE_018,39.78,29.41400000000002,CEM_III,0.0,48.86,9.08,152,19.44599999999998,6.79,-91.1644,True,False,31.250791071428573,93.75237321428571,False,Stockout,93.75237321428571,184.92,Emergency Reorder
2024-12-10,SITE_018,24.3,37.94679999999998,CEM_III,9.08,15.22,0.0,152,-22.726799999999983,6.79,-113.89119999999998,True,False,31.250791071428573,93.75237321428571,False,Stockout,93.75237321428571,207.64,Emergency Reorder
2024-12-11,SITE_018,42.89,34.471699999999984,CEM_III,0.0,42.89,0.0,152,8.418300000000016,6.79,-105.47289999999995,True,False,31.250791071428573,93.75237321428571,False,Stockout,93.75237321428571,199.23,Emergency Reorder
2024-12-12,SITE_018,30.92,25.579,CEM_I,0.0,49.52,18.6,152,23.941000000000003,6.79,-81.53189999999996,True,False,31.250791071428573,93.75237321428571,False,Stockout,93.75237321428571,175.28,Emergency Reorder
2024-12-13,SITE_018,41.92,36.8341,CEM_I,18.6,23.32,0.0,152,-13.5141,6.79,-95.04599999999998,True,False,31.250791071428573,93.75237321428571,False,Stockout,93.75237321428571,188.8,Emergency Reorder
2024-12-14,SITE_018,28.9,31.775099999999988,CEM_III,0.0,28.9,0.0,152,-2.875099999999989,6.79,-97.92109999999995,True,False,31.250791071428573,93.75237321428571,False,Stockout,93.75237321428571,191.67,Emergency Reorder
2024-12-15,SITE_018,36.65,31.606400000000004,CEM_I,0.0,41.19,4.54,152,9.583599999999992,6.79,-88.33749999999996,True,False,31.250791071428573,93.75237321428571,False,Stockout,93.75237321428571,182.09,Emergency Reorder
2024-12-16,SITE_018,40.87,33.6891,CEM_I,4.54,46.36,10.03,152,12.670899999999996,6.79,-75.66659999999997,True,False,31.250791071428573,93.75237321428571,False,Stockout,93.75237321428571,169.42,Emergency Reorder
2024-12-17,SITE_018,51.75,34.29479999999999,CEM_II,10.03,41.72,0.0,152,7.425200000000011,6.79,-68.24139999999996,True,False,31.250791071428573,93.75237321428571,False,Stockout,93.75237321428571,161.99,Emergency Reorder
2024-12-18,SITE_018,0.0,0.0,CEM_II,0.0,45.21,45.21,152,45.21,6.79,-23.03139999999997,True,False,31.250791071428573,93.75237321428571,False,Stockout,93.75237321428571,116.78,Emergency Reorder
2024-12-19,SITE_018,52.12,37.487600000000015,CEM_I,45.21,49.33,42.42,152,11.842399999999984,6.79,-11.188999999999986,True,False,31.250791071428573,93.75237321428571,False,Stockout,93.75237321428571,104.94,Emergency Reorder
2024-12-20,SITE_018,43.54,33.6661,CEM_II,42.42,36.37,35.25,152,2.7038999999999973,6.79,-8.485099999999989,True,False,31.250791071428573,93.75237321428571,False,Stockout,93.75237321428571,102.24,Emergency Reorder
2024-12-21,SITE_018,34.77,27.5277,CEM_II,35.25,24.35,24.83,152,-3.177699999999998,6.79,-11.662799999999988,True,False,31.250791071428573,93.75237321428571,False,Stockout,93.75237321428571,105.42,Emergency Reorder
2024-12-22,SITE_018,42.93,33.55740000000001,CEM_II,24.83,32.83,14.73,152,-0.72740000000001,6.79,-12.390199999999997,True,False,31.250791071428573,93.75237321428571,False,Stockout,93.75237321428571,106.14,Emergency Reorder
2024-12-23,SITE_018,44.17,41.8204,CEM_I,14.73,29.44,0.0,152,-12.380399999999998,6.79,-24.770599999999995,True,False,31.250791071428573,93.75237321428571,False,Stockout,93.75237321428571,118.52,Emergency Reorder
2024-12-24,SITE_018,37.87,31.54800000000001,CEM_I,0.0,47.34,9.47,152,15.791999999999994,6.79,-8.9786,True,False,31.250791071428573,93.75237321428571,False,Stockout,93.75237321428571,102.73,Emergency Reorder
2024-12-25,SITE_018,29.8,44.67959999999998,CEM_III,9.47,20.33,0.0,152,-24.34959999999998,6.79,-33.32819999999998,True,False,31.250791071428573,93.75237321428571,False,Stockout,93.75237321428571,127.08,Emergency Reorder
2024-12-26,SITE_018,45.32,38.32449999999999,CEM_II,0.0,45.32,0.0,152,6.995500000000007,6.79,-26.33269999999997,True,False,31.250791071428573,93.75237321428571,False,Stockout,93.75237321428571,120.09,Emergency Reorder
2024-12-27,SITE_018,46.38,36.8173,CEM_I,0.0,46.38,0.0,152,9.5627,6.79,-16.769999999999975,True,False,31.250791071428573,93.75237321428571,False,Stockout,93.75237321428571,110.52,Emergency Reorder
2024-12-28,SITE_018,21.96,33.8551,CEM_III,0.0,21.96,0.0,152,-11.8951,6.79,-28.66509999999997,True,False,31.250791071428573,93.75237321428571,False,Stockout,93.75237321428571,122.42,Emergency Reorder
2024-12-29,SITE_018,34.63,30.5524,CEM_II,0.0,47.76,13.13,152,17.2076,6.79,-11.457499999999976,True,False,31.250791071428573,93.75237321428571,False,Stockout,93.75237321428571,105.21,Emergency Reorder
2024-12-30,SITE_018,26.04,23.569400000000005,CEM_II,13.13,12.91,0.0,152,-10.659400000000003,6.79,-22.11689999999998,True,False,31.250791071428573,93.75237321428571,False,Stockout,93.75237321428571,115.87,Emergency Reorder
2024-12-31,SITE_018,38.55,25.7474,CEM_I,0.0,38.55,0.0,152,12.802599999999998,6.79,-9.314299999999982,True,False,31.250791071428573,93.75237321428571,False,Stockout,93.75237321428571,103.07,Emergency Reorder
2024-11-06,SITE_019,18.23,18.22980000000001,CEM_II,19536.35,32.88,19551.0,466,14.650199999999993,19536.35,19551.0002,False,True,11.552791071428574,34.658373214285724,False,Overcapacity,34.658373214285724,0.0,Pause Delivery
2024-11-07,SITE_019,16.03,16.030399999999982,CEM_III,19551.0,19.56,19554.53,466,3.5296000000000163,19536.35,19554.5298,False,True,11.552791071428574,34.658373214285724,False,Overcapacity,34.658373214285724,0.0,Pause Delivery
2024-11-08,SITE_019,7.29,7.290399999999994,CEM_I,19554.53,35.82,19583.06,466,28.52960000000001,19536.35,19583.0594,False,True,11.552791071428574,34.658373214285724,False,Overcapacity,34.658373214285724,0.0,Pause Delivery
2024-11-09,SITE_019,7.36,7.370000000000002,CEM_I,19583.06,21.72,19597.42,466,14.349999999999998,19536.35,19597.4094,False,True,11.552791071428574,34.658373214285724,False,Overcapacity,34.658373214285724,0.0,Pause Delivery
2024-11-10,SITE_019,10.37,10.3751,CEM_III,19597.42,17.97,19605.02,466,7.594899999999999,19536.35,19605.0043,False,True,11.552791071428574,34.658373214285724,False,Overcapacity,34.658373214285724,0.0,Pause Delivery
2024-11-11,SITE_019,15.75,15.755199999999997,CEM_I,19605.02,17.2,19606.47,466,1.4448000000000023,19536.35,19606.4491,False,True,11.552791071428574,34.658373214285724,False,Overcapacity,34.658373214285724,0.0,Pause Delivery
2024-11-12,SITE_019,14.11,14.11239999999999,CEM_I,19606.47,26.79,19619.15,466,12.677600000000009,19536.35,19619.1267,False,True,11.552791071428574,34.658373214285724,False,Overcapacity,34.658373214285724,0.0,Pause Delivery
2024-11-13,SITE_019,18.22,18.218000000000025,CEM_II,19619.15,35.94,19636.87,466,17.721999999999973,19536.35,19636.8487,False,True,11.552791071428574,34.658373214285724,False,Overcapacity,34.658373214285724,0.0,Pause Delivery
2024-11-14,SITE_019,14.85,14.842199999999997,CEM_III,19636.87,25.07,19647.09,466,10.227800000000004,19536.35,19647.0765,False,True,11.552791071428574,34.658373214285724,False,Overcapacity,34.658373214285724,0.0,Pause Delivery
2024-11-15,SITE_019,6.52,6.526799999999995,CEM_II,19647.09,46.0,19686.57,466,39.473200000000006,19536.35,19686.5497,False,True,11.552791071428574,34.658373214285724,False,Overcapacity,34.658373214285724,0.0,Pause Delivery
2024-11-16,SITE_019,9.71,9.709200000000012,CEM_III,19686.57,15.74,19692.6,466,6.030799999999989,19536.35,19692.5805,False,True,11.552791071428574,34.658373214285724,False,Overcapacity,34.658373214285724,0.0,Pause Delivery
2024-11-17,SITE_019,18.03,18.03279999999998,CEM_I,19692.6,25.2,19699.77,466,7.167200000000019,19536.35,19699.7477,False,True,11.552791071428574,34.658373214285724,False,Overcapacity,34.658373214285724,0.0,Pause Delivery
2024-11-18,SITE_019,5.5,5.4998000000000005,CEM_III,19699.77,41.61,19735.88,466,36.1102,19536.35,19735.8579,False,True,11.552791071428574,34.658373214285724,False,Overcapacity,34.658373214285724,0.0,Pause Delivery
2024-11-19,SITE_019,9.43,9.428999999999988,CEM_III,19735.88,23.26,19749.71,466,13.831000000000014,19536.35,19749.6889,False,True,11.552791071428574,34.658373214285724,False,Overcapacity,34.658373214285724,0.0,Pause Delivery
2024-11-20,SITE_019,14.88,14.879900000000028,CEM_II,19749.71,41.07,19775.9,466,26.190099999999973,19536.35,19775.879,False,True,11.552791071428574,34.658373214285724,False,Overcapacity,34.658373214285724,0.0,Pause Delivery
2024-11-21,SITE_019,11.91,11.910900000000002,CEM_I,19775.9,31.74,19795.73,466,19.8291,19536.35,19795.7081,False,True,11.552791071428574,34.658373214285724,False,Overcapacity,34.658373214285724,0.0,Pause Delivery
2024-11-22,SITE_019,11.65,11.6485,CEM_II,19795.73,22.72,19806.8,466,11.0715,19536.35,19806.7796,False,True,11.552791071428574,34.658373214285724,False,Overcapacity,34.658373214285724,0.0,Pause Delivery
2024-11-23,SITE_019,6.64,6.63959999999999,CEM_II,19806.8,26.15,19826.31,466,19.510400000000008,19536.35,19826.29,False,True,11.552791071428574,34.658373214285724,False,Overcapacity,34.658373214285724,0.0,Pause Delivery
2024-11-24,SITE_019,16.72,16.720100000000023,CEM_III,19826.31,13.4,19822.99,466,-3.320100000000023,19536.35,19822.9699,False,True,11.552791071428574,34.658373214285724,False,Overcapacity,34.658373214285724,0.0,Pause Delivery
2024-11-25,SITE_019,12.21,12.211000000000018,CEM_III,19822.99,45.9,19856.68,466,33.68899999999998,19536.35,19856.6589,False,True,11.552791071428574,34.658373214285724,False,Overcapacity,34.658373214285724,0.0,Pause Delivery
2024-11-26,SITE_019,14.66,14.660600000000018,CEM_I,19856.68,46.93,19888.95,466,32.26939999999998,19536.35,19888.9283,False,True,11.552791071428574,34.658373214285724,False,Overcapacity,34.658373214285724,0.0,Pause Delivery
2024-11-27,SITE_019,12.87,12.872599999999997,CEM_III,19888.95,30.67,19906.75,466,17.797400000000003,19536.35,19906.7257,False,True,11.552791071428574,34.658373214285724,False,Overcapacity,34.658373214285724,0.0,Pause Delivery
2024-11-28,SITE_019,13.96,13.96050000000002,CEM_III,19906.75,28.43,19921.22,466,14.46949999999998,19536.35,19921.1952,False,True,11.552791071428574,34.658373214285724,False,Overcapacity,34.658373214285724,0.0,Pause Delivery
2024-11-29,SITE_019,6.38,6.380199999999997,CEM_I,19921.22,10.42,19925.26,466,4.039800000000003,19536.35,19925.235,False,True,11.552791071428574,34.658373214285724,False,Overcapacity,34.658373214285724,0.0,Pause Delivery
2024-11-30,SITE_019,5.99,5.990200000000005,CEM_I,19925.26,19.39,19938.66,466,13.399799999999995,19536.35,19938.6348,False,True,11.552791071428574,34.658373214285724,False,Overcapacity,34.658373214285724,0.0,Pause Delivery
2024-12-01,SITE_019,12.59,12.590299999999996,CEM_I,19938.66,31.12,19957.19,466,18.529700000000005,19536.35,19957.1645,False,True,11.552791071428574,34.658373214285724,False,Overcapacity,34.658373214285724,0.0,Pause Delivery
2024-12-02,SITE_019,10.57,10.572400000000016,CEM_II,19957.19,10.64,19957.26,466,0.0675999999999845,19536.35,19957.2321,False,True,11.552791071428574,34.658373214285724,False,Overcapacity,34.658373214285724,0.0,Pause Delivery
2024-12-03,SITE_019,17.38,17.380500000000044,CEM_I,19957.26,15.45,19955.33,466,-1.9305000000000447,19536.35,19955.3016,False,True,11.552791071428574,34.658373214285724,False,Overcapacity,34.658373214285724,0.0,Pause Delivery
2024-12-04,SITE_019,7.13,7.130099999999996,CEM_III,19955.33,29.45,19977.65,466,22.319900000000004,19536.35,19977.6215,False,True,11.552791071428574,34.658373214285724,False,Overcapacity,34.658373214285724,0.0,Pause Delivery
2024-12-05,SITE_019,16.48,16.480700000000013,CEM_II,19977.65,29.63,19990.8,466,13.149299999999986,19536.35,19990.7708,False,True,11.552791071428574,34.658373214285724,False,Overcapacity,34.658373214285724,0.0,Pause Delivery
2024-12-06,SITE_019,5.56,5.558899999999998,CEM_II,19990.8,35.26,20020.5,466,29.7011,19536.35,20020.4719,False,True,11.552791071428574,34.658373214285724,False,Overcapacity,34.658373214285724,0.0,Pause Delivery
2024-12-07,SITE_019,13.92,13.915800000000011,CEM_II,20020.5,32.87,20039.45,466,18.954199999999982,19536.35,20039.4261,False,True,11.552791071428574,34.658373214285724,False,Overcapacity,34.658373214285724,0.0,Pause Delivery
2024-12-08,SITE_019,12.58,12.579500000000005,CEM_III,20039.45,34.4,20061.27,466,21.8205,19536.35,20061.2466,False,True,11.552791071428574,34.658373214285724,False,Overcapacity,34.658373214285724,0.0,Pause Delivery
2024-12-09,SITE_019,11.83,11.838099999999995,CEM_III,20061.27,15.71,20065.15,466,3.871900000000005,19536.35,20065.1185,False,True,11.552791071428574,34.658373214285724,False,Overcapacity,34.658373214285724,0.0,Pause Delivery
2024-12-10,SITE_019,17.73,17.729700000000015,CEM_III,20065.15,37.04,20084.46,466,19.310299999999984,19536.35,20084.4288,False,True,11.552791071428574,34.658373214285724,False,Overcapacity,34.658373214285724,0.0,Pause Delivery
2024-12-11,SITE_019,7.2,7.198000000000008,CEM_III,20084.46,36.18,20113.44,466,28.981999999999992,19536.35,20113.4108,False,True,11.552791071428574,34.658373214285724,False,Overcapacity,34.658373214285724,0.0,Pause Delivery
2024-12-12,SITE_019,10.74,10.743400000000005,CEM_III,20113.44,48.8,20151.5,466,38.05659999999999,19536.35,20151.4674,False,True,11.552791071428574,34.658373214285724,False,Overcapacity,34.658373214285724,0.0,Pause Delivery
2024-12-13,SITE_019,5.82,5.8202,CEM_I,20151.5,39.46,20185.14,466,33.6398,19536.35,20185.1072,False,True,11.552791071428574,34.658373214285724,False,Overcapacity,34.658373214285724,0.0,Pause Delivery
2024-12-14,SITE_019,5.01,5.032799999999996,CEM_II,20185.14,49.93,20230.06,466,44.897200000000005,19536.35,20230.0044,False,True,11.552791071428574,34.658373214285724,False,Overcapacity,34.658373214285724,0.0,Pause Delivery
2024-12-15,SITE_019,8.21,8.21000000000001,CEM_I,20230.06,41.95,20263.8,466,33.739999999999995,19536.35,20263.7444,False,True,11.552791071428574,34.658373214285724,False,Overcapacity,34.658373214285724,0.0,Pause Delivery
2024-12-16,SITE_019,14.82,14.820299999999996,CEM_III,20263.8,25.17,20274.15,466,10.349700000000006,19536.35,20274.0941,False,True,11.552791071428574,34.658373214285724,False,Overcapacity,34.658373214285724,0.0,Pause Delivery
2024-12-17,SITE_019,12.97,12.97030000000002,CEM_II,20274.15,49.58,20310.76,466,36.609699999999975,19536.35,20310.7038,False,True,11.552791071428574,34.658373214285724,False,Overcapacity,34.658373214285724,0.0,Pause Delivery
2024-12-18,SITE_019,10.71,10.709900000000015,CEM_I,20310.76,46.31,20346.36,466,35.60009999999998,19536.35,20346.3039,False,True,11.552791071428574,34.658373214285724,False,Overcapacity,34.658373214285724,0.0,Pause Delivery
2024-12-19,SITE_019,18.98,18.97860000000001,CEM_I,20346.36,25.04,20352.42,466,6.061399999999988,19536.35,20352.3653,False,True,11.552791071428574,34.658373214285724,False,Overcapacity,34.658373214285724,0.0,Pause Delivery
2024-12-20,SITE_019,11.09,11.090400000000004,CEM_II,20352.42,41.23,20382.56,466,30.139599999999994,19536.35,20382.5049,False,True,11.552791071428574,34.658373214285724,False,Overcapacity,34.658373214285724,0.0,Pause Delivery
2024-12-21,SITE_019,5.6,5.600000000000009,CEM_I,20382.56,14.94,20391.9,466,9.33999999999999,19536.35,20391.8449,False,True,11.552791071428574,34.658373214285724,False,Overcapacity,34.658373214285724,0.0,Pause Delivery
2024-12-22,SITE_019,15.33,15.330699999999986,CEM_III,20391.9,38.19,20414.76,466,22.85930000000001,19536.35,20414.7042,False,True,11.552791071428574,34.658373214285724,False,Overcapacity,34.658373214285724,0.0,Pause Delivery
2024-12-23,SITE_019,15.84,15.83939999999998,CEM_II,20414.76,49.29,20448.21,466,33.45060000000002,19536.35,20448.1548,False,True,11.552791071428574,34.658373214285724,False,Overcapacity,34.658373214285724,0.0,Pause Delivery
2024-12-24,SITE_019,15.07,14.639499999999993,CEM_I,20448.21,37.95,20471.09,466,23.31050000000001,19536.35,20471.4653,False,True,11.552791071428574,34.658373214285724,False,Overcapacity,34.658373214285724,0.0,Pause Delivery
2024-12-25,SITE_019,7.01,7.008399999999995,CEM_III,20471.09,39.9,20503.98,466,32.891600000000004,19536.35,20504.3569,False,True,11.552791071428574,34.658373214285724,False,Overcapacity,34.658373214285724,0.0,Pause Delivery
2024-12-26,SITE_019,7.27,7.272299999999986,CEM_II,20503.98,48.29,20545.0,466,41.01770000000001,19536.35,20545.3746,False,True,11.552791071428574,34.658373214285724,False,Overcapacity,34.658373214285724,0.0,Pause Delivery
2024-12-27,SITE_019,11.49,11.488800000000005,CEM_I,20545.0,19.58,20553.09,466,8.091199999999994,19536.35,20553.4658,False,True,11.552791071428574,34.658373214285724,False,Overcapacity,34.658373214285724,0.0,Pause Delivery
2024-12-28,SITE_019,6.93,6.93019999999999,CEM_III,20553.09,32.75,20578.91,466,25.819800000000008,19536.35,20579.2856,False,True,11.552791071428574,34.658373214285724,False,Overcapacity,34.658373214285724,0.0,Pause Delivery
2024-12-29,SITE_019,6.23,6.231700000000007,CEM_III,20578.91,42.75,20615.43,466,36.5183,19536.35,20615.8039,False,True,11.552791071428574,34.658373214285724,False,Overcapacity,34.658373214285724,0.0,Pause Delivery
2024-12-30,SITE_019,8.53,8.530399999999984,CEM_II,20615.43,39.28,20646.18,466,30.74960000000001,19536.35,20646.5535,False,True,11.552791071428574,34.658373214285724,False,Overcapacity,34.658373214285724,0.0,Pause Delivery
2024-12-31,SITE_019,17.44,17.439800000000034,CEM_III,20646.18,20.17,20648.91,466,2.730199999999968,19536.35,20649.2837,False,True,11.552791071428574,34.658373214285724,False,Overcapacity,34.658373214285724,0.0,Pause Delivery
2024-11-06,SITE_020,48.76,35.16819999999998,CEM_III,36.5,12.26,0.0,363,-22.90819999999998,36.5,13.59180000000002,False,False,26.542828571428572,79.62848571428572,True,Low Stock,79.62848571428572,66.04,Place Reorder
2024-11-07,SITE_020,0.0,0.0,CEM_I,0.0,48.79,48.79,363,48.79,36.5,62.38180000000002,False,False,26.542828571428572,79.62848571428572,True,Low Stock,79.62848571428572,17.25,Place Reorder
2024-11-08,SITE_020,44.41,34.49879999999998,CEM_II,48.79,16.16,20.54,363,-18.33879999999998,36.5,44.04300000000004,False,False,26.542828571428572,79.62848571428572,True,Low Stock,79.62848571428572,35.59,Place Reorder
2024-11-09,SITE_020,0.0,0.0,CEM_II,20.54,40.46,61.0,363,40.46,36.5,84.50300000000004,False,False,26.542828571428572,79.62848571428572,False,Normal,79.62848571428572,0.0,No Action
2024-11-10,SITE_020,38.97,25.61580000000001,CEM_III,61.0,24.21,46.24,363,-1.40580000000001,36.5,83.09720000000003,False,False,26.542828571428572,79.62848571428572,False,Normal,79.62848571428572,0.0,No Action
2024-11-11,SITE_020,37.97,29.727300000000003,CEM_II,46.24,17.75,26.02,363,-11.977300000000003,36.5,71.11990000000003,False,False,26.542828571428572,79.62848571428572,True,Low Stock,79.62848571428572,8.51,Place Reorder
2024-11-12,SITE_020,55.05,44.44870000000002,CEM_III,26.02,38.29,9.26,363,-6.158700000000017,36.5,64.9612,False,False,26.542828571428572,79.62848571428572,True,Low Stock,79.62848571428572,14.67,Place Reorder
2024-11-13,SITE_020,0.0,0.0,CEM_II,9.26,28.69,37.95,363,28.69,36.5,93.6512,False,False,26.542828571428572,79.62848571428572,False,Normal,79.62848571428572,0.0,No Action
2024-11-14,SITE_020,27.38,24.06160000000001,CEM_II,37.95,24.05,34.62,363,-0.0116000000000084,36.5,93.6396,False,False,26.542828571428572,79.62848571428572,False,Normal,79.62848571428572,0.0,No Action
2024-11-15,SITE_020,47.82,34.1641,CEM_III,34.62,15.54,2.34,363,-18.6241,36.5,75.0155,False,False,26.542828571428572,79.62848571428572,True,Low Stock,79.62848571428572,4.61,Place Reorder
2024-11-16,SITE_020,30.83,31.908400000000007,CEM_I,2.34,28.49,0.0,363,-3.418400000000009,36.5,71.59709999999998,False,False,26.542828571428572,79.62848571428572,True,Low Stock,79.62848571428572,8.03,Place Reorder
2024-11-17,SITE_020,48.02,36.27310000000001,CEM_II,0.0,48.02,0.0,363,11.746899999999997,36.5,83.344,False,False,26.542828571428572,79.62848571428572,False,Normal,79.62848571428572,0.0,No Action
2024-11-18,SITE_020,44.69,37.38139999999998,CEM_I,0.0,44.69,0.0,363,7.30860000000002,36.5,90.6526,False,False,26.542828571428572,79.62848571428572,False,Normal,79.62848571428572,0.0,No Action
2024-11-19,SITE_020,37.41,36.37489999999998,CEM_II,0.0,37.41,0.0,363,1.035100000000014,36.5,91.68770000000002,False,False,26.542828571428572,79.62848571428572,False,Normal,79.62848571428572,0.0,No Action
2024-11-20,SITE_020,33.44,40.86499999999998,CEM_III,0.0,33.44,0.0,363,-7.424999999999983,36.5,84.26270000000004,False,False,26.542828571428572,79.62848571428572,False,Normal,79.62848571428572,0.0,No Action
2024-11-21,SITE_020,0.0,0.0,CEM_III,0.0,21.19,21.19,363,21.19,36.5,105.45270000000004,False,False,26.542828571428572,79.62848571428572,False,Normal,79.62848571428572,0.0,No Action
2024-11-22,SITE_020,0.0,0.0,CEM_I,21.19,48.55,69.74,363,48.55,36.5,154.00270000000003,False,False,26.542828571428572,79.62848571428572,False,Normal,79.62848571428572,0.0,No Action
2024-11-23,SITE_020,48.59,37.30319999999999,CEM_I,69.74,45.96,67.11,363,8.656800000000011,36.5,162.65950000000004,False,False,26.542828571428572,79.62848571428572,False,Normal,79.62848571428572,0.0,No Action
2024-11-24,SITE_020,55.67,39.59309999999999,CEM_II,67.11,26.93,38.37,363,-12.663099999999991,36.5,149.99640000000005,False,False,26.542828571428572,79.62848571428572,False,Normal,79.62848571428572,0.0,No Action
2024-11-25,SITE_020,0.0,0.0,CEM_I,38.37,24.46,62.83,363,24.46,36.5,174.45640000000006,False,False,26.542828571428572,79.62848571428572,False,Normal,79.62848571428572,0.0,No Action
2024-11-26,SITE_020,26.45,22.68800000000001,CEM_I,62.83,32.69,69.07,363,10.001999999999988,36.5,184.45840000000004,False,False,26.542828571428572,79.62848571428572,False,Normal,79.62848571428572,0.0,No Action
2024-11-27,SITE_020,40.38,32.81260000000001,CEM_III,69.07,30.29,58.98,363,-2.5226000000000117,36.5,181.93580000000003,False,False,26.542828571428572,79.62848571428572,False,Normal,79.62848571428572,0.0,No Action
2024-11-28,SITE_020,33.5,27.750300000000003,CEM_III,58.98,13.86,39.34,363,-13.890300000000003,36.5,168.04550000000003,False,False,26.542828571428572,79.62848571428572,False,Normal,79.62848571428572,0.0,No Action
2024-11-29,SITE_020,53.81,39.2381,CEM_II,39.34,17.79,3.32,363,-21.448100000000004,36.5,146.59740000000002,False,False,26.542828571428572,79.62848571428572,False,Normal,79.62848571428572,0.0,No Action
2024-11-30,SITE_020,20.26,30.875100000000007,CEM_II,3.32,22.0,5.06,363,-8.875100000000007,36.5,137.72230000000002,False,False,26.542828571428572,79.62848571428572,False,Normal,79.62848571428572,0.0,No Action
2024-12-01,SITE_020,23.91,33.07910000000003,CEM_II,5.06,18.85,0.0,363,-14.229100000000033,36.5,123.4932,False,False,26.542828571428572,79.62848571428572,False,Normal,79.62848571428572,0.0,No Action
2024-12-02,SITE_020,30.73,30.0717,CEM_I,0.0,30.73,0.0,363,0.6583000000000006,36.5,124.15149999999998,False,False,26.542828571428572,79.62848571428572,False,Normal,79.62848571428572,0.0,No Action
2024-12-03,SITE_020,31.79,27.693500000000004,CEM_III,0.0,38.72,6.93,363,11.026499999999997,36.5,135.178,False,False,26.542828571428572,79.62848571428572,False,Normal,79.62848571428572,0.0,No Action
2024-12-04,SITE_020,39.04,30.597199999999976,CEM_II,6.93,41.87,9.76,363,11.27280000000002,36.5,146.45080000000002,False,False,26.542828571428572,79.62848571428572,False,Normal,79.62848571428572,0.0,No Action
2024-12-05,SITE_020,0.0,0.0,CEM_III,9.76,14.73,24.49,363,14.73,36.5,161.1808,False,False,26.542828571428572,79.62848571428572,False,Normal,79.62848571428572,0.0,No Action
2024-12-06,SITE_020,0.0,14.0682,CEM_III,24.49,14.31,38.8,363,0.2418000000000013,36.5,161.4226,False,False,26.542828571428572,79.62848571428572,False,Normal,79.62848571428572,0.0,No Action
2024-12-07,SITE_020,39.58,27.24420000000001,CEM_II,38.8,30.94,30.16,363,3.6957999999999913,36.5,165.1184,False,False,26.542828571428572,79.62848571428572,False,Normal,79.62848571428572,0.0,No Action
2024-12-08,SITE_020,31.52,25.8809,CEM_III,30.16,41.81,40.45,363,15.929100000000002,36.5,181.0475,False,False,26.542828571428572,79.62848571428572,False,Normal,79.62848571428572,0.0,No Action
2024-12-09,SITE_020,52.56,36.3192,CEM_III,40.45,27.58,15.47,363,-8.739200000000004,36.5,172.3083,False,False,26.542828571428572,79.62848571428572,False,Normal,79.62848571428572,0.0,No Action
2024-12-10,SITE_020,49.71,31.3183,CEM_II,15.47,38.38,4.14,363,7.061700000000005,36.5,179.37,False,False,26.542828571428572,79.62848571428572,False,Normal,79.62848571428572,0.0,No Action
2024-12-11,SITE_020,39.55,36.40129999999999,CEM_III,4.14,35.41,0.0,363,-0.9912999999999954,36.5,178.3787,False,False,26.542828571428572,79.62848571428572,False,Normal,79.62848571428572,0.0,No Action
2024-12-12,SITE_020,31.39,25.9426,CEM_I,0.0,31.39,0.0,363,5.447400000000002,36.5,183.8261,False,False,26.542828571428572,79.62848571428572,False,Normal,79.62848571428572,0.0,No Action
2024-12-13,SITE_020,12.59,32.433,CEM_I,0.0,12.59,0.0,363,-19.843,36.5,163.9831,False,False,26.542828571428572,79.62848571428572,False,Normal,79.62848571428572,0.0,No Action
2024-12-14,SITE_020,31.11,28.307200000000016,CEM_II,0.0,38.89,7.78,363,10.582799999999985,36.5,174.5659,False,False,26.542828571428572,79.62848571428572,False,Normal,79.62848571428572,0.0,No Action
2024-12-15,SITE_020,0.0,0.0,CEM_III,7.78,12.96,20.74,363,12.96,36.5,187.5259,False,False,26.542828571428572,79.62848571428572,False,Normal,79.62848571428572,0.0,No Action
2024-12-16,SITE_020,39.86,36.13589999999999,CEM_I,20.74,19.12,0.0,363,-17.01589999999999,36.5,170.51,False,False,26.542828571428572,79.62848571428572,False,Normal,79.62848571428572,0.0,No Action
2024-12-17,SITE_020,41.59,35.24680000000001,CEM_III,0.0,41.59,0.0,363,6.343199999999996,36.5,176.8532,False,False,26.542828571428572,79.62848571428572,False,Normal,79.62848571428572,0.0,No Action
2024-12-18,SITE_020,44.19,36.51169999999998,CEM_I,0.0,46.56,2.37,363,10.04830000000002,36.5,186.9015,False,False,26.542828571428572,79.62848571428572,False,Normal,79.62848571428572,0.0,No Action
2024-12-19,SITE_020,34.19,29.344699999999992,CEM_II,2.37,31.82,0.0,363,2.475300000000008,36.5,189.37680000000003,False,False,26.542828571428572,79.62848571428572,False,Normal,79.62848571428572,0.0,No Action
2024-12-20,SITE_020,32.01,29.6991,CEM_II,0.0,46.35,14.34,363,16.6509,36.5,206.0277,False,False,26.542828571428572,79.62848571428572,False,Normal,79.62848571428572,0.0,No Action
2024-12-21,SITE_020,23.44,30.65000000000002,CEM_I,14.34,14.96,5.86,363,-15.69000000000002,36.5,190.3377,False,False,26.542828571428572,79.62848571428572,False,Normal,79.62848571428572,0.0,No Action
2024-12-22,SITE_020,28.6,33.15359999999999,CEM_I,5.86,22.74,0.0,363,-10.413599999999992,36.5,179.9241,False,False,26.542828571428572,79.62848571428572,False,Normal,79.62848571428572,0.0,No Action
2024-12-23,SITE_020,14.02,31.798599999999983,CEM_I,0.0,14.02,0.0,363,-17.778599999999983,36.5,162.14550000000003,False,False,26.542828571428572,79.62848571428572,False,Normal,79.62848571428572,0.0,No Action
2024-12-24,SITE_020,38.8,31.50189999999999,CEM_I,0.0,38.8,0.0,363,7.298100000000009,36.5,169.44360000000003,False,False,26.542828571428572,79.62848571428572,False,Normal,79.62848571428572,0.0,No Action
2024-12-25,SITE_020,34.79,37.79819999999999,CEM_II,0.0,34.79,0.0,363,-3.008199999999988,36.5,166.43540000000004,False,False,26.542828571428572,79.62848571428572,False,Normal,79.62848571428572,0.0,No Action
2024-12-26,SITE_020,28.8,36.84089999999999,CEM_I,0.0,28.8,0.0,363,-8.04089999999999,36.5,158.39450000000005,False,False,26.542828571428572,79.62848571428572,False,Normal,79.62848571428572,0.0,No Action
2024-12-27,SITE_020,0.0,0.0,CEM_II,0.0,31.71,31.71,363,31.71,36.5,190.1045000000001,False,False,26.542828571428572,79.62848571428572,False,Normal,79.62848571428572,0.0,No Action
2024-12-28,SITE_020,44.57,34.6234,CEM_II,31.71,45.4,32.54,363,10.776600000000002,36.5,200.8811000000001,False,False,26.542828571428572,79.62848571428572,False,Normal,79.62848571428572,0.0,No Action
2024-12-29,SITE_020,48.88,31.6153,CEM_II,32.54,45.85,29.51,363,14.2347,36.5,215.1158000000001,False,False,26.542828571428572,79.62848571428572,False,Normal,79.62848571428572,0.0,No Action
2024-12-30,SITE_020,45.32,31.374200000000023,CEM_I,29.51,42.5,26.69,363,11.125799999999977,36.5,226.24160000000003,False,False,26.542828571428572,79.62848571428572,False,Normal,79.62848571428572,0.0,No Action
2024-12-31,SITE_020,0.0,0.0,CEM_II,26.69,48.32,75.01,363,48.32,36.5,274.56160000000006,False,False,26.542828571428572,79.62848571428572,False,Normal,79.62848571428572,0.0,No Action
2024-11-06,SITE_021,50.04,38.99399999999998,CEM_II,3.71,47.16,0.83,180,8.166000000000018,3.71,11.87600000000002,False,False,31.243196428571427,93.72958928571428,True,Low Stock,93.72958928571428,81.85,Place Reorder
2024-11-07,SITE_021,48.89,44.4992,CEM_I,0.83,48.06,0.0,180,3.5608000000000004,3.71,15.43680000000002,False,False,31.243196428571427,93.72958928571428,True,Low Stock,93.72958928571428,78.29,Place Reorder
2024-11-08,SITE_021,40.48,40.7621,CEM_III,0.0,40.48,0.0,180,-0.2820999999999998,3.71,15.15470000000002,False,False,31.243196428571427,93.72958928571428,True,Low Stock,93.72958928571428,78.57,Place Reorder
2024-11-09,SITE_021,39.04,25.368699999999983,CEM_III,0.0,44.33,5.29,180,18.961300000000016,3.71,34.116000000000035,False,False,31.243196428571427,93.72958928571428,True,Low Stock,93.72958928571428,59.61,Place Reorder
2024-11-10,SITE_021,52.02,47.04659999999999,CEM_III,5.29,46.73,0.0,180,-0.316599999999994,3.71,33.79940000000004,False,False,31.243196428571427,93.72958928571428,True,Low Stock,93.72958928571428,59.93,Place Reorder
2024-11-11,SITE_021,37.1,33.50419999999999,CEM_III,0.0,46.37,9.27,180,12.865800000000007,3.71,46.66520000000005,False,False,31.243196428571427,93.72958928571428,True,Low Stock,93.72958928571428,47.06,Place Reorder
2024-11-12,SITE_021,34.37,31.15000000000001,CEM_II,9.27,28.47,3.37,180,-2.6800000000000104,3.71,43.98520000000004,False,False,31.243196428571427,93.72958928571428,True,Low Stock,93.72958928571428,49.74,Place Reorder
2024-11-13,SITE_021,0.0,0.0,CEM_I,3.37,14.06,17.43,180,14.06,3.71,58.04520000000004,False,False,31.243196428571427,93.72958928571428,True,Low Stock,93.72958928571428,35.68,Place Reorder
2024-11-14,SITE_021,32.38,28.2075,CEM_II,17.43,35.78,20.83,180,7.572500000000002,3.71,65.61770000000004,False,False,31.243196428571427,93.72958928571428,True,Low Stock,93.72958928571428,28.11,Place Reorder
2024-11-15,SITE_021,56.63,39.62329999999998,CEM_I,20.83,40.6,4.8,180,0.9767000000000224,3.71,66.59440000000006,False,False,31.243196428571427,93.72958928571428,True,Low Stock,93.72958928571428,27.14,Place Reorder
2024-11-16,SITE_021,52.08,41.5714,CEM_II,4.8,47.28,0.0,180,5.708600000000004,3.71,72.30300000000005,False,False,31.243196428571427,93.72958928571428,True,Low Stock,93.72958928571428,21.43,Place Reorder
2024-11-17,SITE_021,36.66,27.3061,CEM_III,0.0,43.82,7.16,180,16.5139,3.71,88.81690000000006,False,False,31.243196428571427,93.72958928571428,True,Low Stock,93.72958928571428,4.91,Place Reorder
2024-11-18,SITE_021,26.88,31.056300000000007,CEM_III,7.16,19.72,0.0,180,-11.336300000000008,3.71,77.48060000000005,False,False,31.243196428571427,93.72958928571428,True,Low Stock,93.72958928571428,16.25,Place Reorder
2024-11-19,SITE_021,29.96,29.127099999999995,CEM_III,0.0,29.96,0.0,180,0.8329000000000057,3.71,78.31350000000006,False,False,31.243196428571427,93.72958928571428,True,Low Stock,93.72958928571428,15.42,Place Reorder
2024-11-20,SITE_021,47.19,33.8239,CEM_III,0.0,47.19,0.0,180,13.366099999999996,3.71,91.67960000000004,False,False,31.243196428571427,93.72958928571428,True,Low Stock,93.72958928571428,2.05,Place Reorder
2024-11-21,SITE_021,41.75,41.7211,CEM_II,0.0,41.75,0.0,180,0.0289000000000001,3.71,91.70850000000006,False,False,31.243196428571427,93.72958928571428,True,Low Stock,93.72958928571428,2.02,Place Reorder
2024-11-22,SITE_021,26.58,23.4557,CEM_III,0.0,49.47,22.89,180,26.0143,3.71,117.72280000000003,False,False,31.243196428571427,93.72958928571428,False,Normal,93.72958928571428,0.0,No Action
2024-11-23,SITE_021,33.56,31.422699999999985,CEM_I,22.89,11.93,1.26,180,-19.492699999999985,3.71,98.23010000000006,False,False,31.243196428571427,93.72958928571428,False,Normal,93.72958928571428,0.0,No Action
2024-11-24,SITE_021,26.96,24.3212,CEM_II,1.26,45.33,19.63,180,21.0088,3.71,119.23890000000009,False,False,31.243196428571427,93.72958928571428,False,Normal,93.72958928571428,0.0,No Action
2024-11-25,SITE_021,31.54,24.7577,CEM_II,19.63,44.66,32.75,180,19.9023,3.71,139.14120000000008,False,False,31.243196428571427,93.72958928571428,False,Normal,93.72958928571428,0.0,No Action
2024-11-26,SITE_021,32.93,29.906700000000004,CEM_I,32.75,32.03,31.85,180,2.123299999999997,3.71,141.26450000000008,False,False,31.243196428571427,93.72958928571428,False,Normal,93.72958928571428,0.0,No Action
2024-11-27,SITE_021,38.59,28.64759999999999,CEM_III,31.85,47.0,40.26,180,18.35240000000001,3.71,159.61690000000007,False,False,31.243196428571427,93.72958928571428,False,Normal,93.72958928571428,0.0,No Action
2024-11-28,SITE_021,56.58,40.76629999999997,CEM_III,40.26,27.96,11.64,180,-12.806299999999972,3.71,146.8106000000001,False,False,31.243196428571427,93.72958928571428,False,Normal,93.72958928571428,0.0,No Action
2024-11-29,SITE_021,42.62,20.3699,CEM_III,11.64,44.97,13.99,180,24.6001,3.71,171.4107000000001,False,False,31.243196428571427,93.72958928571428,False,Normal,93.72958928571428,0.0,No Action
2024-11-30,SITE_021,30.01,24.9466,CEM_I,13.99,35.94,19.92,180,10.993399999999998,3.71,182.4041000000001,False,True,31.243196428571427,93.72958928571428,False,Overcapacity,93.72958928571428,0.0,Pause Delivery
2024-12-01,SITE_021,34.77,28.339399999999983,CEM_II,19.92,25.42,10.57,180,-2.919399999999982,3.71,179.48470000000012,False,False,31.243196428571427,93.72958928571428,False,Normal,93.72958928571428,0.0,No Action
2024-12-02,SITE_021,25.7,33.18640000000002,CEM_III,10.57,15.13,0.0,180,-18.056400000000018,3.71,161.42830000000012,False,False,31.243196428571427,93.72958928571428,False,Normal,93.72958928571428,0.0,No Action
2024-12-03,SITE_021,34.51,31.314200000000007,CEM_III,0.0,49.69,15.18,180,18.37579999999999,3.71,179.8041000000001,False,False,31.243196428571427,93.72958928571428,False,Normal,93.72958928571428,0.0,No Action
2024-12-04,SITE_021,38.88,28.0451,CEM_II,15.18,25.46,1.76,180,-2.5851000000000006,3.71,177.2190000000001,False,False,31.243196428571427,93.72958928571428,False,Normal,93.72958928571428,0.0,No Action
2024-12-05,SITE_021,39.53,34.16499999999999,CEM_II,1.76,37.77,0.0,180,3.605000000000011,3.71,180.8240000000001,False,True,31.243196428571427,93.72958928571428,False,Overcapacity,93.72958928571428,0.0,Pause Delivery
2024-12-06,SITE_021,30.65,31.022900000000003,CEM_I,0.0,30.65,0.0,180,-0.3729000000000049,3.71,180.4511000000001,False,True,31.243196428571427,93.72958928571428,False,Overcapacity,93.72958928571428,0.0,Pause Delivery
2024-12-07,SITE_021,23.5,37.43870000000001,CEM_II,0.0,23.5,0.0,180,-13.938700000000011,3.71,166.5124000000001,False,False,31.243196428571427,93.72958928571428,False,Normal,93.72958928571428,0.0,No Action
2024-12-08,SITE_021,29.22,32.58500000000001,CEM_I,0.0,29.22,0.0,180,-3.365000000000009,3.71,163.1474000000001,False,False,31.243196428571427,93.72958928571428,False,Normal,93.72958928571428,0.0,No Action
2024-12-09,SITE_021,49.38,31.876000000000005,CEM_I,0.0,49.38,0.0,180,17.503999999999998,3.71,180.65140000000008,False,True,31.243196428571427,93.72958928571428,False,Overcapacity,93.72958928571428,0.0,Pause Delivery
2024-12-10,SITE_021,31.63,26.756799999999995,CEM_III,0.0,33.69,2.06,180,6.933200000000003,3.71,187.58460000000008,False,True,31.243196428571427,93.72958928571428,False,Overcapacity,93.72958928571428,0.0,Pause Delivery
2024-12-11,SITE_021,25.47,27.326099999999983,CEM_II,2.06,29.78,6.37,180,2.4539000000000186,3.71,190.0385000000001,False,True,31.243196428571427,93.72958928571428,False,Overcapacity,93.72958928571428,0.0,Pause Delivery
2024-12-12,SITE_021,30.09,36.292,CEM_III,6.37,23.72,0.0,180,-12.572000000000005,3.71,177.4665000000001,False,False,31.243196428571427,93.72958928571428,False,Normal,93.72958928571428,0.0,No Action
2024-12-13,SITE_021,12.42,28.5622,CEM_II,0.0,12.42,0.0,180,-16.142200000000003,3.71,161.3243000000001,False,False,31.243196428571427,93.72958928571428,False,Normal,93.72958928571428,0.0,No Action
2024-12-14,SITE_021,30.44,30.2232,CEM_II,0.0,30.44,0.0,180,0.2168000000000027,3.71,161.5411000000001,False,False,31.243196428571427,93.72958928571428,False,Normal,93.72958928571428,0.0,No Action
2024-12-15,SITE_021,13.2,41.87950000000001,CEM_II,0.0,13.2,0.0,180,-28.679500000000008,3.71,132.8616000000001,False,False,31.243196428571427,93.72958928571428,False,Normal,93.72958928571428,0.0,No Action
2024-12-16,SITE_021,38.54,28.395,CEM_II,0.0,48.18,9.64,180,19.785,3.71,152.6466000000001,False,False,31.243196428571427,93.72958928571428,False,Normal,93.72958928571428,0.0,No Action
2024-12-17,SITE_021,0.0,0.0,CEM_I,9.64,22.55,32.19,180,22.55,3.71,175.1966000000001,False,False,31.243196428571427,93.72958928571428,False,Normal,93.72958928571428,0.0,No Action
2024-12-18,SITE_021,41.41,28.193500000000004,CEM_III,32.19,27.25,18.03,180,-0.9435000000000038,3.71,174.2531000000001,False,False,31.243196428571427,93.72958928571428,False,Normal,93.72958928571428,0.0,No Action
2024-12-19,SITE_021,51.38,33.67580000000001,CEM_II,18.03,40.72,7.37,180,7.044199999999989,3.71,181.2973000000001,False,True,31.243196428571427,93.72958928571428,False,Overcapacity,93.72958928571428,0.0,Pause Delivery
2024-12-20,SITE_021,18.78,29.17219999999999,CEM_II,7.37,11.41,0.0,180,-17.76219999999999,3.71,163.53510000000009,False,False,31.243196428571427,93.72958928571428,False,Normal,93.72958928571428,0.0,No Action
2024-12-21,SITE_021,43.39,43.25359999999998,CEM_I,0.0,43.39,0.0,180,0.1364000000000231,3.71,163.67150000000012,False,False,31.243196428571427,93.72958928571428,False,Normal,93.72958928571428,0.0,No Action
2024-12-22,SITE_021,35.03,29.88889999999999,CEM_I,0.0,35.99,0.96,180,6.101100000000013,3.71,169.77260000000012,False,False,31.243196428571427,93.72958928571428,False,Normal,93.72958928571428,0.0,No Action
2024-12-23,SITE_021,35.13,29.0356,CEM_III,0.96,47.49,13.32,180,18.454400000000003,3.71,188.2270000000001,False,True,31.243196428571427,93.72958928571428,False,Overcapacity,93.72958928571428,0.0,Pause Delivery
2024-12-24,SITE_021,41.01,42.039100000000005,CEM_I,13.32,27.69,0.0,180,-14.349100000000004,3.71,173.87790000000012,False,False,31.243196428571427,93.72958928571428,False,Normal,93.72958928571428,0.0,No Action
2024-12-25,SITE_021,34.74,36.406100000000016,CEM_I,0.0,34.74,0.0,180,-1.6661000000000143,3.71,172.21180000000012,False,False,31.243196428571427,93.72958928571428,False,Normal,93.72958928571428,0.0,No Action
2024-12-26,SITE_021,14.85,39.8274,CEM_I,0.0,14.85,0.0,180,-24.9774,3.71,147.2344000000001,False,False,31.243196428571427,93.72958928571428,False,Normal,93.72958928571428,0.0,No Action
2024-12-27,SITE_021,45.8,38.55649999999999,CEM_III,0.0,45.8,0.0,180,7.243500000000004,3.71,154.47790000000012,False,False,31.243196428571427,93.72958928571428,False,Normal,93.72958928571428,0.0,No Action
2024-12-28,SITE_021,43.88,36.027400000000014,CEM_II,0.0,46.9,3.02,180,10.872599999999984,3.71,165.3505000000001,False,False,31.243196428571427,93.72958928571428,False,Normal,93.72958928571428,0.0,No Action
2024-12-29,SITE_021,47.5,35.97749999999998,CEM_II,3.02,44.48,0.0,180,8.502500000000019,3.71,173.85300000000012,False,False,31.243196428571427,93.72958928571428,False,Normal,93.72958928571428,0.0,No Action
2024-12-30,SITE_021,40.53,37.802,CEM_II,0.0,40.53,0.0,180,2.728000000000001,3.71,176.58100000000013,False,False,31.243196428571427,93.72958928571428,False,Normal,93.72958928571428,0.0,No Action
2024-12-31,SITE_021,0.0,0.0,CEM_I,0.0,10.67,10.67,180,10.67,3.71,187.2510000000001,False,True,31.243196428571427,93.72958928571428,False,Overcapacity,93.72958928571428,0.0,Pause Delivery
2024-11-06,SITE_022,36.58,27.4358,CEM_II,69.14,20.24,52.8,487,-7.195799999999998,69.14,61.9442,False,False,31.06652142857143,93.19956428571429,True,Low Stock,93.19956428571429,31.26,Place Reorder
2024-11-07,SITE_022,52.98,39.57239999999999,CEM_I,52.8,29.75,29.57,487,-9.822399999999988,69.14,52.121800000000015,False,False,31.06652142857143,93.19956428571429,True,Low Stock,93.19956428571429,41.08,Place Reorder
2024-11-08,SITE_022,34.69,30.646,CEM_I,29.57,44.08,38.96,487,13.433999999999996,69.14,65.5558,False,False,31.06652142857143,93.19956428571429,True,Low Stock,93.19956428571429,27.64,Place Reorder
2024-11-09,SITE_022,44.05,35.69479999999997,CEM_II,38.96,41.03,35.94,487,5.335200000000029,69.14,70.89100000000005,False,False,31.06652142857143,93.19956428571429,True,Low Stock,93.19956428571429,22.31,Place Reorder
2024-11-10,SITE_022,0.0,0.0,CEM_II,35.94,13.0,48.94,487,13.0,69.14,83.89100000000005,False,False,31.06652142857143,93.19956428571429,True,Low Stock,93.19956428571429,9.31,Place Reorder
2024-11-11,SITE_022,45.22,30.837200000000024,CEM_II,48.94,46.68,50.4,487,15.842799999999976,69.14,99.73380000000002,False,False,31.06652142857143,93.19956428571429,False,Normal,93.19956428571429,0.0,No Action
2024-11-12,SITE_022,48.93,36.192800000000005,CEM_I,50.4,44.66,46.13,487,8.467199999999991,69.14,108.201,False,False,31.06652142857143,93.19956428571429,False,Normal,93.19956428571429,0.0,No Action
2024-11-13,SITE_022,52.18,39.2675,CEM_III,46.13,11.34,5.29,487,-27.9275,69.14,80.27350000000001,False,False,31.06652142857143,93.19956428571429,True,Low Stock,93.19956428571429,12.93,Place Reorder
2024-11-14,SITE_022,32.75,29.626400000000004,CEM_I,5.29,46.22,18.76,487,16.593599999999995,69.14,96.8671,False,False,31.06652142857143,93.19956428571429,False,Normal,93.19956428571429,0.0,No Action
2024-11-15,SITE_022,25.61,23.733100000000004,CEM_III,18.76,45.01,38.16,487,21.276899999999998,69.14,118.144,False,False,31.06652142857143,93.19956428571429,False,Normal,93.19956428571429,0.0,No Action
2024-11-16,SITE_022,48.75,41.83510000000001,CEM_II,38.16,10.63,0.04,487,-31.20510000000001,69.14,86.93889999999999,False,False,31.06652142857143,93.19956428571429,True,Low Stock,93.19956428571429,6.26,Place Reorder
2024-11-17,SITE_022,31.54,28.3553,CEM_II,0.04,39.55,8.05,487,11.194699999999996,69.14,98.1336,False,False,31.06652142857143,93.19956428571429,False,Normal,93.19956428571429,0.0,No Action
2024-11-18,SITE_022,34.78,35.459500000000006,CEM_III,8.05,26.73,0.0,487,-8.729500000000005,69.14,89.40409999999999,False,False,31.06652142857143,93.19956428571429,True,Low Stock,93.19956428571429,3.8,Place Reorder
2024-11-19,SITE_022,43.85,36.06369999999998,CEM_II,0.0,49.77,5.92,487,13.70630000000002,69.14,103.1104,False,False,31.06652142857143,93.19956428571429,False,Normal,93.19956428571429,0.0,No Action
2024-11-20,SITE_022,19.66,37.884600000000006,CEM_II,5.92,13.74,0.0,487,-24.144600000000004,69.14,78.9658,False,False,31.06652142857143,93.19956428571429,True,Low Stock,93.19956428571429,14.23,Place Reorder
2024-11-21,SITE_022,45.81,34.94569999999999,CEM_II,0.0,45.81,0.0,487,10.864300000000014,69.14,89.83010000000002,False,False,31.06652142857143,93.19956428571429,True,Low Stock,93.19956428571429,3.37,Place Reorder
2024-11-22,SITE_022,13.38,40.06439999999999,CEM_III,0.0,13.38,0.0,487,-26.68439999999999,69.14,63.14570000000002,False,False,31.06652142857143,93.19956428571429,True,Low Stock,93.19956428571429,30.05,Place Reorder
2024-11-23,SITE_022,12.7,36.148899999999976,CEM_I,0.0,12.7,0.0,487,-23.448899999999977,69.14,39.696800000000046,False,False,31.06652142857143,93.19956428571429,True,Low Stock,93.19956428571429,53.5,Place Reorder
2024-11-24,SITE_022,35.13,36.362,CEM_I,0.0,35.13,0.0,487,-1.231999999999999,69.14,38.46480000000005,False,False,31.06652142857143,93.19956428571429,True,Low Stock,93.19956428571429,54.73,Place Reorder
2024-11-25,SITE_022,44.01,37.6403,CEM_III,0.0,44.01,0.0,487,6.369699999999995,69.14,44.83450000000004,False,False,31.06652142857143,93.19956428571429,True,Low Stock,93.19956428571429,48.37,Place Reorder
2024-11-26,SITE_022,16.61,38.0876,CEM_III,0.0,16.61,0.0,487,-21.4776,69.14,23.35690000000004,False,False,31.06652142857143,93.19956428571429,True,Low Stock,93.19956428571429,69.84,Place Reorder
2024-11-27,SITE_022,19.99,39.73239999999999,CEM_I,0.0,19.99,0.0,487,-19.742399999999996,69.14,3.614500000000049,False,False,31.06652142857143,93.19956428571429,True,Low Stock,93.19956428571429,89.59,Place Reorder
2024-11-28,SITE_022,15.74,29.6704,CEM_I,0.0,15.74,0.0,487,-13.9304,69.14,-10.315899999999957,True,False,31.06652142857143,93.19956428571429,False,Stockout,93.19956428571429,103.52,Emergency Reorder
2024-11-29,SITE_022,11.21,36.94380000000002,CEM_II,0.0,11.21,0.0,487,-25.733800000000016,69.14,-36.04969999999997,True,False,31.06652142857143,93.19956428571429,False,Stockout,93.19956428571429,129.25,Emergency Reorder
2024-11-30,SITE_022,25.09,36.640799999999984,CEM_II,0.0,25.09,0.0,487,-11.550799999999985,69.14,-47.600499999999954,True,False,31.06652142857143,93.19956428571429,False,Stockout,93.19956428571429,140.8,Emergency Reorder
2024-12-01,SITE_022,0.0,0.0,CEM_III,0.0,40.21,40.21,487,40.21,69.14,-7.39049999999996,True,False,31.06652142857143,93.19956428571429,False,Stockout,93.19956428571429,100.59,Emergency Reorder
2024-12-02,SITE_022,41.16,30.122899999999994,CEM_III,40.21,21.47,20.52,487,-8.652899999999995,69.14,-16.04339999999995,True,False,31.06652142857143,93.19956428571429,False,Stockout,93.19956428571429,109.24,Emergency Reorder
2024-12-03,SITE_022,38.78,29.251,CEM_I,20.52,23.4,5.14,487,-5.851000000000003,69.14,-21.89439999999996,True,False,31.06652142857143,93.19956428571429,False,Stockout,93.19956428571429,115.09,Emergency Reorder
2024-12-04,SITE_022,47.6,38.2206,CEM_III,5.14,42.46,0.0,487,4.239400000000003,69.14,-17.65499999999996,True,False,31.06652142857143,93.19956428571429,False,Stockout,93.19956428571429,110.85,Emergency Reorder
2024-12-05,SITE_022,26.68,39.211200000000005,CEM_I,0.0,26.68,0.0,487,-12.531200000000004,69.14,-30.18619999999996,True,False,31.06652142857143,93.19956428571429,False,Stockout,93.19956428571429,123.39,Emergency Reorder
2024-12-06,SITE_022,32.81,27.320300000000003,CEM_III,0.0,47.98,15.17,487,20.659699999999997,69.14,-9.52649999999997,True,False,31.06652142857143,93.19956428571429,False,Stockout,93.19956428571429,102.73,Emergency Reorder
2024-12-07,SITE_022,0.0,0.0,CEM_I,15.17,14.28,29.45,487,14.28,69.14,4.753500000000031,False,False,31.06652142857143,93.19956428571429,True,Low Stock,93.19956428571429,88.45,Place Reorder
2024-12-08,SITE_022,31.23,27.51399999999999,CEM_I,29.45,17.42,15.64,487,-10.093999999999989,69.14,-5.340499999999949,True,False,31.06652142857143,93.19956428571429,False,Stockout,93.19956428571429,98.54,Emergency Reorder
2024-12-09,SITE_022,54.18,41.41250000000003,CEM_III,15.64,38.54,0.0,487,-2.8725000000000307,69.14,-8.21299999999998,True,False,31.06652142857143,93.19956428571429,False,Stockout,93.19956428571429,101.41,Emergency Reorder
2024-12-10,SITE_022,33.77,36.255,CEM_I,0.0,33.77,0.0,487,-2.4849999999999994,69.14,-10.69799999999998,True,False,31.06652142857143,93.19956428571429,False,Stockout,93.19956428571429,103.9,Emergency Reorder
2024-12-11,SITE_022,11.46,28.016300000000005,CEM_III,0.0,11.46,0.0,487,-16.556300000000004,69.14,-27.254299999999983,True,False,31.06652142857143,93.19956428571429,False,Stockout,93.19956428571429,120.45,Emergency Reorder
2024-12-12,SITE_022,0.0,0.0,CEM_III,0.0,17.99,17.99,487,17.99,69.14,-9.264299999999992,True,False,31.06652142857143,93.19956428571429,False,Stockout,93.19956428571429,102.46,Emergency Reorder
2024-12-13,SITE_022,42.42,37.7431,CEM_II,17.99,24.43,0.0,487,-13.3131,69.14,-22.577399999999983,True,False,31.06652142857143,93.19956428571429,False,Stockout,93.19956428571429,115.78,Emergency Reorder
2024-12-14,SITE_022,10.38,32.723499999999994,CEM_III,0.0,10.38,0.0,487,-22.34349999999999,69.14,-44.920899999999975,True,False,31.06652142857143,93.19956428571429,False,Stockout,93.19956428571429,138.12,Emergency Reorder
2024-12-15,SITE_022,15.15,28.52539999999999,CEM_III,0.0,15.15,0.0,487,-13.37539999999999,69.14,-58.29629999999997,True,False,31.06652142857143,93.19956428571429,False,Stockout,93.19956428571429,151.5,Emergency Reorder
2024-12-16,SITE_022,11.27,20.930800000000005,CEM_I,0.0,14.08,2.81,487,-6.850800000000005,69.14,-65.14709999999998,True,False,31.06652142857143,93.19956428571429,False,Stockout,93.19956428571429,158.35,Emergency Reorder
2024-12-17,SITE_022,38.82,36.6513,CEM_I,2.81,36.01,0.0,487,-0.6413000000000011,69.14,-65.78839999999998,True,False,31.06652142857143,93.19956428571429,False,Stockout,93.19956428571429,158.99,Emergency Reorder
2024-12-18,SITE_022,30.37,29.0433,CEM_III,0.0,30.37,0.0,487,1.3267000000000024,69.14,-64.46169999999996,True,False,31.06652142857143,93.19956428571429,False,Stockout,93.19956428571429,157.66,Emergency Reorder
2024-12-19,SITE_022,11.86,38.72879999999999,CEM_II,0.0,11.86,0.0,487,-26.868799999999997,69.14,-91.33049999999996,True,False,31.06652142857143,93.19956428571429,False,Stockout,93.19956428571429,184.53,Emergency Reorder
2024-12-20,SITE_022,27.22,34.627400000000016,CEM_I,0.0,27.22,0.0,487,-7.407400000000017,69.14,-98.73789999999998,True,False,31.06652142857143,93.19956428571429,False,Stockout,93.19956428571429,191.94,Emergency Reorder
2024-12-21,SITE_022,29.57,36.7996,CEM_II,0.0,29.57,0.0,487,-7.229599999999998,69.14,-105.9675,True,False,31.06652142857143,93.19956428571429,False,Stockout,93.19956428571429,199.17,Emergency Reorder
2024-12-22,SITE_022,10.4,36.3432,CEM_III,0.0,10.4,0.0,487,-25.943200000000004,69.14,-131.91069999999996,True,False,31.06652142857143,93.19956428571429,False,Stockout,93.19956428571429,225.11,Emergency Reorder
2024-12-23,SITE_022,33.12,28.321800000000007,CEM_II,0.0,48.14,15.02,487,19.818199999999997,69.14,-112.0925,True,False,31.06652142857143,93.19956428571429,False,Stockout,93.19956428571429,205.29,Emergency Reorder
2024-12-24,SITE_022,40.28,29.6601,CEM_II,15.02,41.52,16.26,487,11.859900000000003,69.14,-100.23259999999998,True,False,31.06652142857143,93.19956428571429,False,Stockout,93.19956428571429,193.43,Emergency Reorder
2024-12-25,SITE_022,30.85,27.960399999999986,CEM_III,16.26,47.19,32.6,487,19.22960000000001,69.14,-81.00299999999997,True,False,31.06652142857143,93.19956428571429,False,Stockout,93.19956428571429,174.2,Emergency Reorder
2024-12-26,SITE_022,36.61,30.7515,CEM_I,32.6,19.58,15.57,487,-11.171500000000002,69.14,-92.17449999999998,True,False,31.06652142857143,93.19956428571429,False,Stockout,93.19956428571429,185.37,Emergency Reorder
2024-12-27,SITE_022,43.14,27.8651,CEM_II,15.57,27.57,0.0,487,-0.2951000000000015,69.14,-92.46959999999996,True,False,31.06652142857143,93.19956428571429,False,Stockout,93.19956428571429,185.67,Emergency Reorder
2024-12-28,SITE_022,19.93,27.719799999999992,CEM_I,0.0,19.93,0.0,487,-7.789799999999992,69.14,-100.25939999999996,True,False,31.06652142857143,93.19956428571429,False,Stockout,93.19956428571429,193.46,Emergency Reorder
2024-12-29,SITE_022,41.21,31.94040000000001,CEM_II,0.0,41.35,0.14,487,9.409599999999989,69.14,-90.84979999999996,True,False,31.06652142857143,93.19956428571429,False,Stockout,93.19956428571429,184.05,Emergency Reorder
2024-12-30,SITE_022,33.61,38.62129999999999,CEM_I,0.14,33.47,0.0,487,-5.151299999999992,69.14,-96.00109999999997,True,False,31.06652142857143,93.19956428571429,False,Stockout,93.19956428571429,189.2,Emergency Reorder
2024-12-31,SITE_022,26.47,28.604099999999995,CEM_II,0.0,26.47,0.0,487,-2.134099999999997,69.14,-98.13519999999998,True,False,31.06652142857143,93.19956428571429,False,Stockout,93.19956428571429,191.33,Emergency Reorder
2024-11-06,SITE_023,8.84,8.840100000000009,CEM_III,18313.83,17.61,18322.6,153,8.769899999999991,18313.83,18322.5999,False,True,11.704166071428574,35.11249821428572,False,Overcapacity,35.11249821428572,0.0,Pause Delivery
2024-11-07,SITE_023,9.33,9.335000000000004,CEM_III,18322.6,41.07,18354.34,153,31.735,18313.83,18354.3349,False,True,11.704166071428574,35.11249821428572,False,Overcapacity,35.11249821428572,0.0,Pause Delivery
2024-11-08,SITE_023,10.02,10.021499999999984,CEM_II,18354.34,11.07,18355.39,153,1.0485000000000166,18313.83,18355.3834,False,True,11.704166071428574,35.11249821428572,False,Overcapacity,35.11249821428572,0.0,Pause Delivery
2024-11-09,SITE_023,15.96,15.960100000000022,CEM_I,18355.39,10.36,18349.79,153,-5.600100000000023,18313.83,18349.783300000003,False,True,11.704166071428574,35.11249821428572,False,Overcapacity,35.11249821428572,0.0,Pause Delivery
2024-11-10,SITE_023,11.88,11.879600000000012,CEM_III,18349.79,25.67,18363.58,153,13.79039999999999,18313.83,18363.5737,False,True,11.704166071428574,35.11249821428572,False,Overcapacity,35.11249821428572,0.0,Pause Delivery
2024-11-11,SITE_023,6.17,6.171599999999996,CEM_III,18363.58,42.95,18400.36,153,36.778400000000005,18313.83,18400.3521,False,True,11.704166071428574,35.11249821428572,False,Overcapacity,35.11249821428572,0.0,Pause Delivery
2024-11-12,SITE_023,9.24,9.23690000000001,CEM_III,18400.36,21.22,18412.34,153,11.98309999999999,18313.83,18412.3352,False,True,11.704166071428574,35.11249821428572,False,Overcapacity,35.11249821428572,0.0,Pause Delivery
2024-11-13,SITE_023,6.59,6.590199999999999,CEM_I,18412.34,11.85,18417.6,153,5.2598,18313.83,18417.595,False,True,11.704166071428574,35.11249821428572,False,Overcapacity,35.11249821428572,0.0,Pause Delivery
2024-11-14,SITE_023,14.2,14.205400000000022,CEM_III,18417.6,41.05,18444.45,153,26.84459999999997,18313.83,18444.4396,False,True,11.704166071428574,35.11249821428572,False,Overcapacity,35.11249821428572,0.0,Pause Delivery
2024-11-15,SITE_023,0.0,0.0,CEM_I,18444.45,24.58,18469.03,153,24.58,18313.83,18469.019600000003,False,True,11.704166071428574,35.11249821428572,False,Overcapacity,35.11249821428572,0.0,Pause Delivery
2024-11-16,SITE_023,10.48,10.480600000000011,CEM_I,18469.03,20.59,18479.14,153,10.109399999999988,18313.83,18479.129,False,True,11.704166071428574,35.11249821428572,False,Overcapacity,35.11249821428572,0.0,Pause Delivery
2024-11-17,SITE_023,7.1,6.999700000000011,CEM_I,18479.14,39.28,18511.32,153,32.28029999999999,18313.83,18511.409300000003,False,True,11.704166071428574,35.11249821428572,False,Overcapacity,35.11249821428572,0.0,Pause Delivery
2024-11-18,SITE_023,4.41,4.423200000000005,CEM_II,18511.32,46.0,18552.91,153,41.57679999999999,18313.83,18552.9861,False,True,11.704166071428574,35.11249821428572,False,Overcapacity,35.11249821428572,0.0,Pause Delivery
2024-11-19,SITE_023,0.0,0.0,CEM_II,18552.91,48.33,18601.24,153,48.33,18313.83,18601.3161,False,True,11.704166071428574,35.11249821428572,False,Overcapacity,35.11249821428572,0.0,Pause Delivery
2024-11-20,SITE_023,0.0,0.0,CEM_I,18601.24,17.12,18618.36,153,17.12,18313.83,18618.436100000003,False,True,11.704166071428574,35.11249821428572,False,Overcapacity,35.11249821428572,0.0,Pause Delivery
2024-11-21,SITE_023,14.96,14.95910000000002,CEM_II,18618.36,21.7,18625.1,153,6.740899999999979,18313.83,18625.177000000003,False,True,11.704166071428574,35.11249821428572,False,Overcapacity,35.11249821428572,0.0,Pause Delivery
2024-11-22,SITE_023,13.2,13.199700000000025,CEM_II,18625.1,27.96,18639.86,153,14.760299999999976,18313.83,18639.9373,False,True,11.704166071428574,35.11249821428572,False,Overcapacity,35.11249821428572,0.0,Pause Delivery
2024-11-23,SITE_023,8.72,8.720600000000017,CEM_III,18639.86,22.64,18653.78,153,13.919399999999984,18313.83,18653.8567,False,True,11.704166071428574,35.11249821428572,False,Overcapacity,35.11249821428572,0.0,Pause Delivery
2024-11-24,SITE_023,8.04,8.038099999999991,CEM_II,18653.78,40.94,18686.68,153,32.901900000000005,18313.83,18686.7586,False,True,11.704166071428574,35.11249821428572,False,Overcapacity,35.11249821428572,0.0,Pause Delivery
2024-11-25,SITE_023,16.89,16.890100000000032,CEM_I,18686.68,47.43,18717.22,153,30.539899999999967,18313.83,18717.2985,False,True,11.704166071428574,35.11249821428572,False,Overcapacity,35.11249821428572,0.0,Pause Delivery
2024-11-26,SITE_023,9.01,9.010499999999992,CEM_II,18717.22,44.71,18752.92,153,35.69950000000001,18313.83,18752.998000000003,False,True,11.704166071428574,35.11249821428572,False,Overcapacity,35.11249821428572,0.0,Pause Delivery
2024-11-27,SITE_023,12.68,12.679899999999993,CEM_II,18752.92,44.6,18784.84,153,31.92010000000001,18313.83,18784.918100000003,False,True,11.704166071428574,35.11249821428572,False,Overcapacity,35.11249821428572,0.0,Pause Delivery
2024-11-28,SITE_023,18.22,18.21840000000002,CEM_II,18784.84,41.66,18808.28,153,23.441599999999976,18313.83,18808.3597,False,True,11.704166071428574,35.11249821428572,False,Overcapacity,35.11249821428572,0.0,Pause Delivery
2024-11-29,SITE_023,11.79,11.789699999999982,CEM_III,18808.28,29.73,18826.22,153,17.94030000000002,18313.83,18826.300000000003,False,True,11.704166071428574,35.11249821428572,False,Overcapacity,35.11249821428572,0.0,Pause Delivery
2024-11-30,SITE_023,15.59,15.582799999999985,CEM_III,18826.22,26.01,18836.64,153,10.427200000000015,18313.83,18836.7272,False,True,11.704166071428574,35.11249821428572,False,Overcapacity,35.11249821428572,0.0,Pause Delivery
2024-12-01,SITE_023,8.51,8.507299999999994,CEM_III,18836.64,41.21,18869.34,153,32.70270000000001,18313.83,18869.429900000003,False,True,11.704166071428574,35.11249821428572,False,Overcapacity,35.11249821428572,0.0,Pause Delivery
2024-12-02,SITE_023,19.93,19.93060000000002,CEM_I,18869.34,16.73,18866.14,153,-3.200600000000019,18313.83,18866.229300000003,False,True,11.704166071428574,35.11249821428572,False,Overcapacity,35.11249821428572,0.0,Pause Delivery
2024-12-03,SITE_023,0.0,0.0,CEM_II,18866.14,32.69,18898.83,153,32.69,18313.83,18898.9193,False,True,11.704166071428574,35.11249821428572,False,Overcapacity,35.11249821428572,0.0,Pause Delivery
2024-12-04,SITE_023,9.11,9.10810000000001,CEM_III,18898.83,47.8,18937.52,153,38.69189999999999,18313.83,18937.611200000003,False,True,11.704166071428574,35.11249821428572,False,Overcapacity,35.11249821428572,0.0,Pause Delivery
2024-12-05,SITE_023,18.57,18.570799999999984,CEM_III,18937.52,32.59,18951.54,153,14.01920000000002,18313.83,18951.6304,False,True,11.704166071428574,35.11249821428572,False,Overcapacity,35.11249821428572,0.0,Pause Delivery
2024-12-06,SITE_023,14.51,14.509099999999997,CEM_II,18951.54,19.0,18956.03,153,4.4909000000000034,18313.83,18956.121300000003,False,True,11.704166071428574,35.11249821428572,False,Overcapacity,35.11249821428572,0.0,Pause Delivery
2024-12-07,SITE_023,15.33,15.330199999999984,CEM_II,18956.03,10.2,18950.9,153,-5.130199999999984,18313.83,18950.991100000003,False,True,11.704166071428574,35.11249821428572,False,Overcapacity,35.11249821428572,0.0,Pause Delivery
2024-12-08,SITE_023,8.08,8.079900000000011,CEM_I,18950.9,13.95,18956.77,153,5.870099999999988,18313.83,18956.861200000003,False,True,11.704166071428574,35.11249821428572,False,Overcapacity,35.11249821428572,0.0,Pause Delivery
2024-12-09,SITE_023,8.99,8.990700000000006,CEM_III,18956.77,23.57,18971.35,153,14.579299999999996,18313.83,18971.4405,False,True,11.704166071428574,35.11249821428572,False,Overcapacity,35.11249821428572,0.0,Pause Delivery
2024-12-10,SITE_023,13.72,13.730200000000014,CEM_I,18971.35,14.41,18972.04,153,0.679799999999986,18313.83,18972.1203,False,True,11.704166071428574,35.11249821428572,False,Overcapacity,35.11249821428572,0.0,Pause Delivery
2024-12-11,SITE_023,14.7,14.701300000000026,CEM_I,18972.04,18.77,18976.11,153,4.068699999999973,18313.83,18976.189,False,True,11.704166071428574,35.11249821428572,False,Overcapacity,35.11249821428572,0.0,Pause Delivery
2024-12-12,SITE_023,19.07,19.069899999999976,CEM_II,18976.11,20.99,18978.03,153,1.9201000000000228,18313.83,18978.1091,False,True,11.704166071428574,35.11249821428572,False,Overcapacity,35.11249821428572,0.0,Pause Delivery
2024-12-13,SITE_023,5.22,5.22010000000001,CEM_II,18978.03,15.9,18988.71,153,10.67989999999999,18313.83,18988.789,False,True,11.704166071428574,35.11249821428572,False,Overcapacity,35.11249821428572,0.0,Pause Delivery
2024-12-14,SITE_023,11.65,11.649799999999995,CEM_I,18988.71,27.97,19005.03,153,16.320200000000003,18313.83,19005.109200000003,False,True,11.704166071428574,35.11249821428572,False,Overcapacity,35.11249821428572,0.0,Pause Delivery
2024-12-15,SITE_023,18.88,18.879100000000022,CEM_III,19005.03,17.85,19004.0,153,-1.029100000000021,18313.83,19004.080100000003,False,True,11.704166071428574,35.11249821428572,False,Overcapacity,35.11249821428572,0.0,Pause Delivery
2024-12-16,SITE_023,19.03,19.02939999999998,CEM_III,19004.0,22.06,19007.03,153,3.030600000000017,18313.83,19007.1107,False,True,11.704166071428574,35.11249821428572,False,Overcapacity,35.11249821428572,0.0,Pause Delivery
2024-12-17,SITE_023,18.01,18.009899999999995,CEM_I,19007.03,18.6,19007.62,153,0.5901000000000067,18313.83,19007.7008,False,True,11.704166071428574,35.11249821428572,False,Overcapacity,35.11249821428572,0.0,Pause Delivery
2024-12-18,SITE_023,9.84,9.83990000000001,CEM_III,19007.62,12.06,19009.84,153,2.2200999999999897,18313.83,19009.9209,False,True,11.704166071428574,35.11249821428572,False,Overcapacity,35.11249821428572,0.0,Pause Delivery
2024-12-19,SITE_023,16.38,16.380000000000038,CEM_III,19009.84,32.94,19026.4,153,16.55999999999996,18313.83,19026.4809,False,True,11.704166071428574,35.11249821428572,False,Overcapacity,35.11249821428572,0.0,Pause Delivery
2024-12-20,SITE_023,13.1,13.099699999999991,CEM_I,19026.4,25.97,19039.27,153,12.870300000000007,18313.83,19039.3512,False,True,11.704166071428574,35.11249821428572,False,Overcapacity,35.11249821428572,0.0,Pause Delivery
2024-12-21,SITE_023,7.26,7.259699999999993,CEM_III,19039.27,15.51,19047.52,153,8.250300000000006,18313.83,19047.6015,False,True,11.704166071428574,35.11249821428572,False,Overcapacity,35.11249821428572,0.0,Pause Delivery
2024-12-22,SITE_023,6.34,6.3406,CEM_II,19047.52,10.14,19051.32,153,3.7994,18313.83,19051.4009,False,True,11.704166071428574,35.11249821428572,False,Overcapacity,35.11249821428572,0.0,Pause Delivery
2024-12-23,SITE_023,11.79,11.807999999999984,CEM_III,19051.32,27.25,19066.78,153,15.442000000000016,18313.83,19066.842900000003,False,True,11.704166071428574,35.11249821428572,False,Overcapacity,35.11249821428572,0.0,Pause Delivery
2024-12-24,SITE_023,19.5,19.5026,CEM_III,19066.78,44.24,19091.52,153,24.7374,18313.83,19091.5803,False,True,11.704166071428574,35.11249821428572,False,Overcapacity,35.11249821428572,0.0,Pause Delivery
2024-12-25,SITE_023,18.1,18.09989999999997,CEM_II,19091.52,29.16,19102.58,153,11.06010000000003,18313.83,19102.6404,False,True,11.704166071428574,35.11249821428572,False,Overcapacity,35.11249821428572,0.0,Pause Delivery
2024-12-26,SITE_023,13.97,13.97020000000002,CEM_I,19102.58,49.23,19137.84,153,35.25979999999998,18313.83,19137.9002,False,True,11.704166071428574,35.11249821428572,False,Overcapacity,35.11249821428572,0.0,Pause Delivery
2024-12-27,SITE_023,14.47,14.47040000000002,CEM_III,19137.84,23.72,19147.09,153,9.24959999999998,18313.83,19147.149800000003,False,True,11.704166071428574,35.11249821428572,False,Overcapacity,35.11249821428572,0.0,Pause Delivery
2024-12-28,SITE_023,13.04,13.03999999999998,CEM_I,19147.09,25.64,19159.69,153,12.60000000000002,18313.83,19159.7498,False,True,11.704166071428574,35.11249821428572,False,Overcapacity,35.11249821428572,0.0,Pause Delivery
2024-12-29,SITE_023,13.04,13.04029999999998,CEM_III,19159.69,37.31,19183.96,153,24.26970000000002,18313.83,19184.0195,False,True,11.704166071428574,35.11249821428572,False,Overcapacity,35.11249821428572,0.0,Pause Delivery
2024-12-30,SITE_023,18.75,18.743500000000004,CEM_I,19183.96,33.26,19198.47,153,14.516499999999994,18313.83,19198.536,False,True,11.704166071428574,35.11249821428572,False,Overcapacity,35.11249821428572,0.0,Pause Delivery
2024-12-31,SITE_023,13.29,13.28929999999998,CEM_II,19198.47,23.27,19208.45,153,9.98070000000002,18313.83,19208.5167,False,True,11.704166071428574,35.11249821428572,False,Overcapacity,35.11249821428572,0.0,Pause Delivery
2024-11-06,SITE_024,0.0,0.0,CEM_III,611.5,27.7,639.2,290,27.7,611.5,639.2,False,True,28.063866071428567,84.1915982142857,False,Overcapacity,84.1915982142857,0.0,Pause Delivery
2024-11-07,SITE_024,48.16,35.639800000000015,CEM_I,639.2,25.11,616.15,290,-10.529800000000016,611.5,628.6702,False,True,28.063866071428567,84.1915982142857,False,Overcapacity,84.1915982142857,0.0,Pause Delivery
2024-11-08,SITE_024,0.0,0.0,CEM_II,616.15,25.92,642.07,290,25.92,611.5,654.5902,False,True,28.063866071428567,84.1915982142857,False,Overcapacity,84.1915982142857,0.0,Pause Delivery
2024-11-09,SITE_024,59.63,52.67919999999998,CEM_III,642.07,15.91,598.35,290,-36.769199999999984,611.5,617.821,False,True,28.063866071428567,84.1915982142857,False,Overcapacity,84.1915982142857,0.0,Pause Delivery
2024-11-10,SITE_024,55.7,53.15779999999998,CEM_III,598.35,45.91,588.56,290,-7.247799999999984,611.5,610.5732,False,True,28.063866071428567,84.1915982142857,False,Overcapacity,84.1915982142857,0.0,Pause Delivery
2024-11-11,SITE_024,0.0,0.0,CEM_I,588.56,47.9,636.46,290,47.9,611.5,658.4732,False,True,28.063866071428567,84.1915982142857,False,Overcapacity,84.1915982142857,0.0,Pause Delivery
2024-11-12,SITE_024,36.02,35.11780000000002,CEM_II,636.46,40.92,641.36,290,5.802199999999985,611.5,664.2754,False,True,28.063866071428567,84.1915982142857,False,Overcapacity,84.1915982142857,0.0,Pause Delivery
2024-11-13,SITE_024,10.2,10.199600000000018,CEM_I,641.36,14.07,645.23,290,3.8703999999999823,611.5,668.1458,False,True,28.063866071428567,84.1915982142857,False,Overcapacity,84.1915982142857,0.0,Pause Delivery
2024-11-14,SITE_024,28.58,25.5236,CEM_I,645.23,13.41,630.06,290,-12.113599999999998,611.5,656.0322,False,True,28.063866071428567,84.1915982142857,False,Overcapacity,84.1915982142857,0.0,Pause Delivery
2024-11-15,SITE_024,0.0,0.0,CEM_I,630.06,46.03,676.09,290,46.03,611.5,702.0622,False,True,28.063866071428567,84.1915982142857,False,Overcapacity,84.1915982142857,0.0,Pause Delivery
2024-11-16,SITE_024,0.0,0.0,CEM_III,676.09,49.98,726.07,290,49.98,611.5,752.0422,False,True,28.063866071428567,84.1915982142857,False,Overcapacity,84.1915982142857,0.0,Pause Delivery
2024-11-17,SITE_024,37.42,35.602500000000006,CEM_II,726.07,42.08,730.73,290,6.477499999999992,611.5,758.5197,False,True,28.063866071428567,84.1915982142857,False,Overcapacity,84.1915982142857,0.0,Pause Delivery
2024-11-18,SITE_024,0.0,0.0,CEM_III,730.73,32.45,763.18,290,32.45,611.5,790.9697,False,True,28.063866071428567,84.1915982142857,False,Overcapacity,84.1915982142857,0.0,Pause Delivery
2024-11-19,SITE_024,10.33,10.330200000000016,CEM_II,763.18,22.34,775.19,290,12.009799999999984,611.5,802.9794999999999,False,True,28.063866071428567,84.1915982142857,False,Overcapacity,84.1915982142857,0.0,Pause Delivery
2024-11-20,SITE_024,31.4,30.992500000000017,CEM_III,775.19,0.0,743.79,290,-30.992500000000017,611.5,771.987,False,True,28.063866071428567,84.1915982142857,False,Overcapacity,84.1915982142857,0.0,Pause Delivery
2024-11-21,SITE_024,24.14,23.49130000000001,CEM_III,743.79,45.93,765.58,290,22.43869999999999,611.5,794.4256999999999,False,True,28.063866071428567,84.1915982142857,False,Overcapacity,84.1915982142857,0.0,Pause Delivery
2024-11-22,SITE_024,59.72,57.95589999999997,CEM_II,765.58,26.42,732.28,290,-31.53589999999997,611.5,762.8897999999999,False,True,28.063866071428567,84.1915982142857,False,Overcapacity,84.1915982142857,0.0,Pause Delivery
2024-11-23,SITE_024,27.89,26.574300000000008,CEM_III,732.28,26.92,731.31,290,0.3456999999999937,611.5,763.2355,False,True,28.063866071428567,84.1915982142857,False,Overcapacity,84.1915982142857,0.0,Pause Delivery
2024-11-24,SITE_024,61.53,58.66979999999999,CEM_I,731.31,12.02,681.8,290,-46.64979999999999,611.5,716.5857,False,True,28.063866071428567,84.1915982142857,False,Overcapacity,84.1915982142857,0.0,Pause Delivery
2024-11-25,SITE_024,17.82,17.8676,CEM_II,681.8,43.28,707.26,290,25.4124,611.5,741.9981,False,True,28.063866071428567,84.1915982142857,False,Overcapacity,84.1915982142857,0.0,Pause Delivery
2024-11-26,SITE_024,58.19,57.2748,CEM_III,707.26,42.51,691.58,290,-14.7648,611.5,727.2333,False,True,28.063866071428567,84.1915982142857,False,Overcapacity,84.1915982142857,0.0,Pause Delivery
2024-11-27,SITE_024,0.0,0.0,CEM_I,691.58,20.51,712.09,290,20.51,611.5,747.7433,False,True,28.063866071428567,84.1915982142857,False,Overcapacity,84.1915982142857,0.0,Pause Delivery
2024-11-28,SITE_024,43.9,43.362900000000025,CEM_I,712.09,14.65,682.84,290,-28.712900000000023,611.5,719.0304,False,True,28.063866071428567,84.1915982142857,False,Overcapacity,84.1915982142857,0.0,Pause Delivery
2024-11-29,SITE_024,18.21,17.033599999999982,CEM_I,682.84,32.91,697.54,290,15.876400000000016,611.5,734.9068,False,True,28.063866071428567,84.1915982142857,False,Overcapacity,84.1915982142857,0.0,Pause Delivery
2024-11-30,SITE_024,21.82,21.544499999999985,CEM_I,697.54,39.91,715.63,290,18.36550000000001,611.5,753.2723,False,True,28.063866071428567,84.1915982142857,False,Overcapacity,84.1915982142857,0.0,Pause Delivery
2024-12-01,SITE_024,37.11,37.044199999999975,CEM_I,715.63,37.0,715.52,290,-0.0441999999999751,611.5,753.2281,False,True,28.063866071428567,84.1915982142857,False,Overcapacity,84.1915982142857,0.0,Pause Delivery
2024-12-02,SITE_024,65.67,60.48309999999998,CEM_I,715.52,38.28,688.13,290,-22.203099999999974,611.5,731.025,False,True,28.063866071428567,84.1915982142857,False,Overcapacity,84.1915982142857,0.0,Pause Delivery
2024-12-03,SITE_024,58.98,56.94699999999998,CEM_III,688.13,19.78,648.93,290,-37.16699999999998,611.5,693.8580000000001,False,True,28.063866071428567,84.1915982142857,False,Overcapacity,84.1915982142857,0.0,Pause Delivery
2024-12-04,SITE_024,22.07,22.08529999999999,CEM_III,648.93,29.6,656.46,290,7.514700000000012,611.5,701.3727000000001,False,True,28.063866071428567,84.1915982142857,False,Overcapacity,84.1915982142857,0.0,Pause Delivery
2024-12-05,SITE_024,10.4,10.400199999999986,CEM_II,656.46,10.0,656.06,290,-0.4001999999999857,611.5,700.9725000000001,False,True,28.063866071428567,84.1915982142857,False,Overcapacity,84.1915982142857,0.0,Pause Delivery
2024-12-06,SITE_024,21.48,21.46330000000002,CEM_III,656.06,0.0,634.58,290,-21.46330000000002,611.5,679.5092000000001,False,True,28.063866071428567,84.1915982142857,False,Overcapacity,84.1915982142857,0.0,Pause Delivery
2024-12-07,SITE_024,0.0,0.0,CEM_III,634.58,0.0,634.58,290,0.0,611.5,679.5092000000001,False,True,28.063866071428567,84.1915982142857,False,Overcapacity,84.1915982142857,0.0,Pause Delivery
2024-12-08,SITE_024,0.0,0.0,CEM_III,634.58,48.94,683.52,290,48.94,611.5,728.4492,False,True,28.063866071428567,84.1915982142857,False,Overcapacity,84.1915982142857,0.0,Pause Delivery
2024-12-09,SITE_024,52.71,48.55029999999997,CEM_I,683.52,31.6,662.41,290,-16.95029999999997,611.5,711.4989,False,True,28.063866071428567,84.1915982142857,False,Overcapacity,84.1915982142857,0.0,Pause Delivery
2024-12-10,SITE_024,8.33,8.322699999999996,CEM_I,662.41,34.63,688.71,290,26.307300000000005,611.5,737.8062000000001,False,True,28.063866071428567,84.1915982142857,False,Overcapacity,84.1915982142857,0.0,Pause Delivery
2024-12-11,SITE_024,20.81,20.80919999999997,CEM_III,688.71,17.86,685.76,290,-2.949199999999969,611.5,734.8570000000001,False,True,28.063866071428567,84.1915982142857,False,Overcapacity,84.1915982142857,0.0,Pause Delivery
2024-12-12,SITE_024,34.73,33.98530000000005,CEM_II,685.76,45.52,696.55,290,11.534699999999953,611.5,746.3917000000001,False,True,28.063866071428567,84.1915982142857,False,Overcapacity,84.1915982142857,0.0,Pause Delivery
2024-12-13,SITE_024,53.89,52.85039999999998,CEM_III,696.55,31.72,674.38,290,-21.13039999999998,611.5,725.2613000000001,False,True,28.063866071428567,84.1915982142857,False,Overcapacity,84.1915982142857,0.0,Pause Delivery
2024-12-14,SITE_024,44.61,43.61440000000002,CEM_III,674.38,0.0,629.77,290,-43.61440000000002,611.5,681.6469000000001,False,True,28.063866071428567,84.1915982142857,False,Overcapacity,84.1915982142857,0.0,Pause Delivery
2024-12-15,SITE_024,0.0,0.0,CEM_II,629.77,48.94,678.71,290,48.94,611.5,730.5869,False,True,28.063866071428567,84.1915982142857,False,Overcapacity,84.1915982142857,0.0,Pause Delivery
2024-12-16,SITE_024,52.48,48.66419999999998,CEM_I,678.71,46.74,672.97,290,-1.9241999999999777,611.5,728.6627000000001,False,True,28.063866071428567,84.1915982142857,False,Overcapacity,84.1915982142857,0.0,Pause Delivery
2024-12-17,SITE_024,0.0,0.0,CEM_II,672.97,0.0,672.97,290,0.0,611.5,728.6627000000001,False,True,28.063866071428567,84.1915982142857,False,Overcapacity,84.1915982142857,0.0,Pause Delivery
2024-12-18,SITE_024,66.79,62.07639999999996,CEM_II,672.97,15.46,621.64,290,-46.61639999999996,611.5,682.0463000000001,False,True,28.063866071428567,84.1915982142857,False,Overcapacity,84.1915982142857,0.0,Pause Delivery
2024-12-19,SITE_024,0.0,0.0,CEM_I,621.64,17.49,639.13,290,17.49,611.5,699.5363000000001,False,True,28.063866071428567,84.1915982142857,False,Overcapacity,84.1915982142857,0.0,Pause Delivery
2024-12-20,SITE_024,29.12,28.886799999999976,CEM_I,639.13,28.31,638.32,290,-0.5767999999999773,611.5,698.9595000000002,False,True,28.063866071428567,84.1915982142857,False,Overcapacity,84.1915982142857,0.0,Pause Delivery
2024-12-21,SITE_024,67.96,61.37359999999999,CEM_II,638.32,40.26,610.62,290,-21.11359999999999,611.5,677.8459000000001,False,True,28.063866071428567,84.1915982142857,False,Overcapacity,84.1915982142857,0.0,Pause Delivery
2024-12-22,SITE_024,49.38,48.58679999999997,CEM_III,610.62,38.44,599.68,290,-10.14679999999997,611.5,667.6991000000002,False,True,28.063866071428567,84.1915982142857,False,Overcapacity,84.1915982142857,0.0,Pause Delivery
2024-12-23,SITE_024,0.0,0.0,CEM_II,599.68,40.13,639.81,290,40.13,611.5,707.8291000000002,False,True,28.063866071428567,84.1915982142857,False,Overcapacity,84.1915982142857,0.0,Pause Delivery
2024-12-24,SITE_024,45.38,42.61229999999995,CEM_III,639.81,31.12,625.55,290,-11.492299999999949,611.5,696.3368000000003,False,True,28.063866071428567,84.1915982142857,False,Overcapacity,84.1915982142857,0.0,Pause Delivery
2024-12-25,SITE_024,60.3,55.32380000000001,CEM_III,625.55,42.21,607.46,290,-13.113800000000012,611.5,683.2230000000002,False,True,28.063866071428567,84.1915982142857,False,Overcapacity,84.1915982142857,0.0,Pause Delivery
2024-12-26,SITE_024,0.0,0.0,CEM_II,607.46,17.16,624.62,290,17.16,611.5,700.3830000000003,False,True,28.063866071428567,84.1915982142857,False,Overcapacity,84.1915982142857,0.0,Pause Delivery
2024-12-27,SITE_024,0.0,0.0,CEM_III,624.62,35.93,660.55,290,35.93,611.5,736.3130000000002,False,True,28.063866071428567,84.1915982142857,False,Overcapacity,84.1915982142857,0.0,Pause Delivery
2024-12-28,SITE_024,52.27,48.9851,CEM_II,660.55,48.47,656.75,290,-0.5151000000000039,611.5,735.7979000000003,False,True,28.063866071428567,84.1915982142857,False,Overcapacity,84.1915982142857,0.0,Pause Delivery
2024-12-29,SITE_024,39.58,38.97889999999999,CEM_I,656.75,24.4,641.57,290,-14.57889999999999,611.5,721.2190000000003,False,True,28.063866071428567,84.1915982142857,False,Overcapacity,84.1915982142857,0.0,Pause Delivery
2024-12-30,SITE_024,66.58,58.3363,CEM_I,641.57,21.21,596.2,290,-37.1263,611.5,684.0927000000003,False,True,28.063866071428567,84.1915982142857,False,Overcapacity,84.1915982142857,0.0,Pause Delivery
2024-12-31,SITE_024,53.27,48.179200000000016,CEM_II,596.2,43.92,586.85,290,-4.259200000000014,611.5,679.8335000000002,False,True,28.063866071428567,84.1915982142857,False,Overcapacity,84.1915982142857,0.0,Pause Delivery
2024-11-06,SITE_025,37.71,40.85449999999999,CEM_I,20.09,17.62,0.0,261,-23.234499999999983,20.09,-3.1444999999999865,True,False,32.10771607142857,96.32314821428571,False,Stockout,96.32314821428571,99.47,Emergency Reorder
2024-11-07,SITE_025,32.73,39.669900000000005,CEM_I,0.0,32.73,0.0,261,-6.939900000000009,20.09,-10.084399999999995,True,False,32.10771607142857,96.32314821428571,False,Stockout,96.32314821428571,106.41,Emergency Reorder
2024-11-08,SITE_025,21.5,40.57659999999999,CEM_I,0.0,21.5,0.0,261,-19.076599999999992,20.09,-29.16099999999999,True,False,32.10771607142857,96.32314821428571,False,Stockout,96.32314821428571,125.48,Emergency Reorder
2024-11-09,SITE_025,13.4,22.510900000000003,CEM_I,0.0,16.75,3.35,261,-5.760900000000003,20.09,-34.921899999999994,True,False,32.10771607142857,96.32314821428571,False,Stockout,96.32314821428571,131.25,Emergency Reorder
2024-11-10,SITE_025,20.42,32.5504,CEM_I,3.35,17.07,0.0,261,-15.480400000000005,20.09,-50.4023,True,False,32.10771607142857,96.32314821428571,False,Stockout,96.32314821428571,146.73,Emergency Reorder
2024-11-11,SITE_025,25.05,36.3469,CEM_II,0.0,25.05,0.0,261,-11.296899999999996,20.09,-61.69919999999999,True,False,32.10771607142857,96.32314821428571,False,Stockout,96.32314821428571,158.02,Emergency Reorder
2024-11-12,SITE_025,25.01,43.03999999999997,CEM_III,0.0,25.01,0.0,261,-18.02999999999997,20.09,-79.72919999999996,True,False,32.10771607142857,96.32314821428571,False,Stockout,96.32314821428571,176.05,Emergency Reorder
2024-11-13,SITE_025,10.27,38.79900000000001,CEM_II,0.0,10.27,0.0,261,-28.529000000000007,20.09,-108.25819999999996,True,False,32.10771607142857,96.32314821428571,False,Stockout,96.32314821428571,204.58,Emergency Reorder
2024-11-14,SITE_025,23.53,37.53369999999999,CEM_II,0.0,23.53,0.0,261,-14.003699999999988,20.09,-122.26189999999994,True,False,32.10771607142857,96.32314821428571,False,Stockout,96.32314821428571,218.59,Emergency Reorder
2024-11-15,SITE_025,34.67,30.899399999999986,CEM_II,0.0,44.88,10.21,261,13.980600000000017,20.09,-108.28129999999992,True,False,32.10771607142857,96.32314821428571,False,Stockout,96.32314821428571,204.6,Emergency Reorder
2024-11-16,SITE_025,26.79,22.984700000000004,CEM_I,10.21,24.58,8.0,261,1.5952999999999946,20.09,-106.68599999999994,True,False,32.10771607142857,96.32314821428571,False,Stockout,96.32314821428571,203.01,Emergency Reorder
2024-11-17,SITE_025,50.07,42.29879999999999,CEM_II,8.0,42.07,0.0,261,-0.2287999999999925,20.09,-106.91479999999991,True,False,32.10771607142857,96.32314821428571,False,Stockout,96.32314821428571,203.24,Emergency Reorder
2024-11-18,SITE_025,0.0,0.0,CEM_III,0.0,16.15,16.15,261,16.15,20.09,-90.76479999999994,True,False,32.10771607142857,96.32314821428571,False,Stockout,96.32314821428571,187.09,Emergency Reorder
2024-11-19,SITE_025,47.07,36.458200000000005,CEM_III,16.15,41.2,10.28,261,4.741799999999998,20.09,-86.02299999999994,True,False,32.10771607142857,96.32314821428571,False,Stockout,96.32314821428571,182.35,Emergency Reorder
2024-11-20,SITE_025,24.6,22.235,CEM_III,10.28,36.25,21.93,261,14.015,20.09,-72.00799999999994,True,False,32.10771607142857,96.32314821428571,False,Stockout,96.32314821428571,168.33,Emergency Reorder
2024-11-21,SITE_025,44.7,37.5604,CEM_II,21.93,48.78,26.01,261,11.2196,20.09,-60.78839999999994,True,False,32.10771607142857,96.32314821428571,False,Stockout,96.32314821428571,157.11,Emergency Reorder
2024-11-22,SITE_025,43.86,38.7916,CEM_II,26.01,36.32,18.47,261,-2.4716000000000022,20.09,-63.259999999999934,True,False,32.10771607142857,96.32314821428571,False,Stockout,96.32314821428571,159.58,Emergency Reorder
2024-11-23,SITE_025,39.46,28.2925,CEM_III,18.47,24.97,3.98,261,-3.3225000000000016,20.09,-66.58249999999994,True,False,32.10771607142857,96.32314821428571,False,Stockout,96.32314821428571,162.91,Emergency Reorder
2024-11-24,SITE_025,24.35,27.088599999999985,CEM_I,3.98,26.45,6.08,261,-0.6385999999999861,20.09,-67.22109999999992,True,False,32.10771607142857,96.32314821428571,False,Stockout,96.32314821428571,163.54,Emergency Reorder
2024-11-25,SITE_025,32.13,23.612500000000008,CEM_III,6.08,43.64,17.59,261,20.027499999999996,20.09,-47.19359999999993,True,False,32.10771607142857,96.32314821428571,False,Stockout,96.32314821428571,143.52,Emergency Reorder
2024-11-26,SITE_025,23.08,30.28309999999998,CEM_II,17.59,11.26,5.77,261,-19.023099999999975,20.09,-66.21669999999992,True,False,32.10771607142857,96.32314821428571,False,Stockout,96.32314821428571,162.54,Emergency Reorder
2024-11-27,SITE_025,21.56,44.48979999999997,CEM_III,5.77,15.79,0.0,261,-28.699799999999968,20.09,-94.91649999999989,True,False,32.10771607142857,96.32314821428571,False,Stockout,96.32314821428571,191.24,Emergency Reorder
2024-11-28,SITE_025,37.85,28.79599999999999,CEM_III,0.0,38.5,0.65,261,9.704000000000011,20.09,-85.21249999999986,True,False,32.10771607142857,96.32314821428571,False,Stockout,96.32314821428571,181.54,Emergency Reorder
2024-11-29,SITE_025,32.08,30.7207,CEM_I,0.65,31.43,0.0,261,0.7092999999999989,20.09,-84.50319999999986,True,False,32.10771607142857,96.32314821428571,False,Stockout,96.32314821428571,180.83,Emergency Reorder
2024-11-30,SITE_025,21.72,28.652699999999992,CEM_III,0.0,27.15,5.43,261,-1.5026999999999937,20.09,-86.00589999999985,True,False,32.10771607142857,96.32314821428571,False,Stockout,96.32314821428571,182.33,Emergency Reorder
2024-12-01,SITE_025,33.4,29.98739999999999,CEM_II,5.43,49.1,21.13,261,19.11260000000001,20.09,-66.89329999999985,True,False,32.10771607142857,96.32314821428571,False,Stockout,96.32314821428571,163.22,Emergency Reorder
2024-12-02,SITE_025,49.84,33.28369999999999,CEM_III,21.13,31.82,3.11,261,-1.463699999999989,20.09,-68.35699999999984,True,False,32.10771607142857,96.32314821428571,False,Stockout,96.32314821428571,164.68,Emergency Reorder
2024-12-03,SITE_025,32.83,27.6556,CEM_III,3.11,45.93,16.21,261,18.2744,20.09,-50.08259999999984,True,False,32.10771607142857,96.32314821428571,False,Stockout,96.32314821428571,146.41,Emergency Reorder
2024-12-04,SITE_025,50.97,38.727699999999984,CEM_I,16.21,42.69,7.93,261,3.962300000000013,20.09,-46.12029999999983,True,False,32.10771607142857,96.32314821428571,False,Stockout,96.32314821428571,142.44,Emergency Reorder
2024-12-05,SITE_025,22.63,27.86790000000001,CEM_I,7.93,14.7,0.0,261,-13.16790000000001,20.09,-59.28819999999983,True,False,32.10771607142857,96.32314821428571,False,Stockout,96.32314821428571,155.61,Emergency Reorder
2024-12-06,SITE_025,32.99,35.0046,CEM_I,0.0,32.99,0.0,261,-2.014600000000001,20.09,-61.30279999999984,True,False,32.10771607142857,96.32314821428571,False,Stockout,96.32314821428571,157.63,Emergency Reorder
2024-12-07,SITE_025,12.64,40.62539999999999,CEM_I,0.0,12.64,0.0,261,-27.98539999999999,20.09,-89.28819999999983,True,False,32.10771607142857,96.32314821428571,False,Stockout,96.32314821428571,185.61,Emergency Reorder
2024-12-08,SITE_025,12.61,35.8096,CEM_III,0.0,12.61,0.0,261,-23.199600000000004,20.09,-112.48779999999982,True,False,32.10771607142857,96.32314821428571,False,Stockout,96.32314821428571,208.81,Emergency Reorder
2024-12-09,SITE_025,28.73,29.4967,CEM_II,0.0,28.73,0.0,261,-0.7667000000000002,20.09,-113.25449999999984,True,False,32.10771607142857,96.32314821428571,False,Stockout,96.32314821428571,209.58,Emergency Reorder
2024-12-10,SITE_025,0.0,0.0,CEM_III,0.0,12.9,12.9,261,12.9,20.09,-100.35449999999985,True,False,32.10771607142857,96.32314821428571,False,Stockout,96.32314821428571,196.68,Emergency Reorder
2024-12-11,SITE_025,50.89,38.290600000000005,CEM_III,12.9,46.07,8.08,261,7.779399999999995,20.09,-92.57509999999984,True,False,32.10771607142857,96.32314821428571,False,Stockout,96.32314821428571,188.9,Emergency Reorder
2024-12-12,SITE_025,52.69,37.01069999999999,CEM_II,8.08,49.41,4.8,261,12.399300000000004,20.09,-80.17579999999984,True,False,32.10771607142857,96.32314821428571,False,Stockout,96.32314821428571,176.5,Emergency Reorder
2024-12-13,SITE_025,42.35,36.8925,CEM_II,4.8,37.55,0.0,261,0.6574999999999989,20.09,-79.51829999999984,True,False,32.10771607142857,96.32314821428571,False,Stockout,96.32314821428571,175.84,Emergency Reorder
2024-12-14,SITE_025,12.6,24.70090000000001,CEM_II,0.0,12.6,0.0,261,-12.100900000000012,20.09,-91.61919999999984,True,False,32.10771607142857,96.32314821428571,False,Stockout,96.32314821428571,187.94,Emergency Reorder
2024-12-15,SITE_025,18.33,35.41019999999998,CEM_II,0.0,18.33,0.0,261,-17.080199999999984,20.09,-108.69939999999984,True,False,32.10771607142857,96.32314821428571,False,Stockout,96.32314821428571,205.02,Emergency Reorder
2024-12-16,SITE_025,30.46,27.617000000000004,CEM_II,0.0,30.46,0.0,261,2.8429999999999964,20.09,-105.85639999999984,True,False,32.10771607142857,96.32314821428571,False,Stockout,96.32314821428571,202.18,Emergency Reorder
2024-12-17,SITE_025,0.0,0.0,CEM_I,0.0,15.74,15.74,261,15.74,20.09,-90.11639999999984,True,False,32.10771607142857,96.32314821428571,False,Stockout,96.32314821428571,186.44,Emergency Reorder
2024-12-18,SITE_025,33.54,44.89140000000001,CEM_III,15.74,17.8,0.0,261,-27.09140000000001,20.09,-117.20779999999984,True,False,32.10771607142857,96.32314821428571,False,Stockout,96.32314821428571,213.53,Emergency Reorder
2024-12-19,SITE_025,34.43,30.445700000000016,CEM_III,0.0,41.09,6.66,261,10.644299999999989,20.09,-106.56349999999986,True,False,32.10771607142857,96.32314821428571,False,Stockout,96.32314821428571,202.89,Emergency Reorder
2024-12-20,SITE_025,25.8,42.2585,CEM_II,6.66,19.14,0.0,261,-23.1185,20.09,-129.68199999999985,True,False,32.10771607142857,96.32314821428571,False,Stockout,96.32314821428571,226.01,Emergency Reorder
2024-12-21,SITE_025,17.77,27.838700000000006,CEM_III,0.0,17.77,0.0,261,-10.068700000000009,20.09,-139.75069999999985,True,False,32.10771607142857,96.32314821428571,False,Stockout,96.32314821428571,236.07,Emergency Reorder
2024-12-22,SITE_025,35.77,30.52530000000001,CEM_II,0.0,45.33,9.56,261,14.80469999999999,20.09,-124.94599999999988,True,False,32.10771607142857,96.32314821428571,False,Stockout,96.32314821428571,221.27,Emergency Reorder
2024-12-23,SITE_025,20.14,41.14489999999999,CEM_II,9.56,10.58,0.0,261,-30.564899999999994,20.09,-155.51089999999985,True,False,32.10771607142857,96.32314821428571,False,Stockout,96.32314821428571,251.83,Emergency Reorder
2024-12-24,SITE_025,37.19,32.32779999999998,CEM_II,0.0,37.19,0.0,261,4.862200000000016,20.09,-150.64869999999985,True,False,32.10771607142857,96.32314821428571,False,Stockout,96.32314821428571,246.97,Emergency Reorder
2024-12-25,SITE_025,17.05,32.09349999999999,CEM_I,0.0,17.05,0.0,261,-15.043499999999993,20.09,-165.69219999999984,True,False,32.10771607142857,96.32314821428571,False,Stockout,96.32314821428571,262.02,Emergency Reorder
2024-12-26,SITE_025,21.59,38.4184,CEM_II,0.0,21.59,0.0,261,-16.8284,20.09,-182.52059999999983,True,False,32.10771607142857,96.32314821428571,False,Stockout,96.32314821428571,278.84,Emergency Reorder
2024-12-27,SITE_025,47.88,43.60499999999998,CEM_I,0.0,47.88,0.0,261,4.27500000000002,20.09,-178.24559999999985,True,False,32.10771607142857,96.32314821428571,False,Stockout,96.32314821428571,274.57,Emergency Reorder
2024-12-28,SITE_025,30.21,30.147600000000008,CEM_III,0.0,30.21,0.0,261,0.0623999999999931,20.09,-178.18319999999983,True,False,32.10771607142857,96.32314821428571,False,Stockout,96.32314821428571,274.51,Emergency Reorder
2024-12-29,SITE_025,36.87,32.46119999999998,CEM_II,0.0,36.87,0.0,261,4.408800000000021,20.09,-173.77439999999982,True,False,32.10771607142857,96.32314821428571,False,Stockout,96.32314821428571,270.1,Emergency Reorder
2024-12-30,SITE_025,26.32,31.86330000000001,CEM_II,0.0,26.32,0.0,261,-5.543300000000009,20.09,-179.3176999999998,True,False,32.10771607142857,96.32314821428571,False,Stockout,96.32314821428571,275.64,Emergency Reorder
2024-12-31,SITE_025,24.85,36.5844,CEM_III,0.0,24.85,0.0,261,-11.7344,20.09,-191.05209999999985,True,False,32.10771607142857,96.32314821428571,False,Stockout,96.32314821428571,287.38,Emergency Reorder
2024-11-06,SITE_026,33.95,33.46839999999998,CEM_II,360.62,13.17,339.84,369,-20.29839999999998,360.62,340.32160000000005,False,False,28.538855357142857,85.61656607142857,False,Normal,85.61656607142857,0.0,No Action
2024-11-07,SITE_026,56.0,53.49910000000003,CEM_III,339.84,30.69,314.53,369,-22.809100000000026,360.62,317.5125,False,False,28.538855357142857,85.61656607142857,False,Normal,85.61656607142857,0.0,No Action
2024-11-08,SITE_026,54.7,46.737599999999965,CEM_I,314.53,41.13,300.96,369,-5.607599999999962,360.62,311.90490000000005,False,False,28.538855357142857,85.61656607142857,False,Normal,85.61656607142857,0.0,No Action
2024-11-09,SITE_026,56.72,54.07709999999998,CEM_I,300.96,28.59,272.83,369,-25.48709999999998,360.62,286.41780000000006,False,False,28.538855357142857,85.61656607142857,False,Normal,85.61656607142857,0.0,No Action
2024-11-10,SITE_026,0.0,0.0,CEM_II,272.83,31.36,304.19,369,31.36,360.62,317.77780000000007,False,False,28.538855357142857,85.61656607142857,False,Normal,85.61656607142857,0.0,No Action
2024-11-11,SITE_026,24.1,23.24160000000001,CEM_II,304.19,21.54,301.63,369,-1.7016000000000098,360.62,316.07620000000003,False,False,28.538855357142857,85.61656607142857,False,Normal,85.61656607142857,0.0,No Action
2024-11-12,SITE_026,60.66,59.74439999999998,CEM_III,301.63,33.87,274.84,369,-25.87439999999998,360.62,290.20180000000005,False,False,28.538855357142857,85.61656607142857,False,Normal,85.61656607142857,0.0,No Action
2024-11-13,SITE_026,0.0,0.0,CEM_III,274.84,14.36,289.2,369,14.36,360.62,304.56180000000006,False,False,28.538855357142857,85.61656607142857,False,Normal,85.61656607142857,0.0,No Action
2024-11-14,SITE_026,0.0,0.0,CEM_II,289.2,26.51,315.71,369,26.51,360.62,331.07180000000005,False,False,28.538855357142857,85.61656607142857,False,Normal,85.61656607142857,0.0,No Action
2024-11-15,SITE_026,45.15,43.54199999999998,CEM_I,315.71,11.47,282.03,369,-32.07199999999998,360.62,298.9998000000001,False,False,28.538855357142857,85.61656607142857,False,Normal,85.61656607142857,0.0,No Action
2024-11-16,SITE_026,0.0,0.0,CEM_I,282.03,17.78,299.81,369,17.78,360.62,316.7798000000001,False,False,28.538855357142857,85.61656607142857,False,Normal,85.61656607142857,0.0,No Action
2024-11-17,SITE_026,11.26,11.265899999999997,CEM_I,299.81,20.81,309.36,369,9.544100000000002,360.62,326.3239000000001,False,False,28.538855357142857,85.61656607142857,False,Normal,85.61656607142857,0.0,No Action
2024-11-18,SITE_026,48.17,38.0945,CEM_III,309.36,47.26,308.45,369,9.165500000000002,360.62,335.4894000000001,False,False,28.538855357142857,85.61656607142857,False,Normal,85.61656607142857,0.0,No Action
2024-11-19,SITE_026,45.03,44.94299999999999,CEM_I,308.45,10.98,274.4,369,-33.962999999999994,360.62,301.5264000000001,False,False,28.538855357142857,85.61656607142857,False,Normal,85.61656607142857,0.0,No Action
2024-11-20,SITE_026,67.8,65.01550000000002,CEM_II,274.4,31.86,238.46,369,-33.15550000000002,360.62,268.37090000000006,False,False,28.538855357142857,85.61656607142857,False,Normal,85.61656607142857,0.0,No Action
2024-11-21,SITE_026,11.44,11.440200000000026,CEM_III,238.46,12.04,239.06,369,0.5997999999999735,360.62,268.9707000000001,False,False,28.538855357142857,85.61656607142857,False,Normal,85.61656607142857,0.0,No Action
2024-11-22,SITE_026,14.35,14.349399999999989,CEM_I,239.06,0.0,224.71,369,-14.349399999999989,360.62,254.62130000000008,False,False,28.538855357142857,85.61656607142857,False,Normal,85.61656607142857,0.0,No Action
2024-11-23,SITE_026,39.67,39.18619999999997,CEM_I,224.71,31.92,216.96,369,-7.266199999999969,360.62,247.3551000000001,False,False,28.538855357142857,85.61656607142857,False,Normal,85.61656607142857,0.0,No Action
2024-11-24,SITE_026,44.1,42.77889999999999,CEM_III,216.96,40.96,213.82,369,-1.818899999999992,360.62,245.5362000000001,False,False,28.538855357142857,85.61656607142857,False,Normal,85.61656607142857,0.0,No Action
2024-11-25,SITE_026,14.42,14.294800000000013,CEM_II,213.82,11.79,211.19,369,-2.5048000000000137,360.62,243.03140000000008,False,False,28.538855357142857,85.61656607142857,False,Normal,85.61656607142857,0.0,No Action
2024-11-26,SITE_026,25.68,24.410299999999992,CEM_III,211.19,45.67,231.18,369,21.25970000000001,360.62,264.2911000000001,False,False,28.538855357142857,85.61656607142857,False,Normal,85.61656607142857,0.0,No Action
2024-11-27,SITE_026,54.09,51.77140000000003,CEM_III,231.18,20.07,197.16,369,-31.701400000000028,360.62,232.58970000000008,False,False,28.538855357142857,85.61656607142857,False,Normal,85.61656607142857,0.0,No Action
2024-11-28,SITE_026,46.08,40.33700000000004,CEM_I,197.16,38.24,189.32,369,-2.097000000000037,360.62,230.49270000000004,False,False,28.538855357142857,85.61656607142857,False,Normal,85.61656607142857,0.0,No Action
2024-11-29,SITE_026,12.02,11.998300000000002,CEM_III,189.32,30.45,207.75,369,18.451699999999995,360.62,248.94440000000003,False,False,28.538855357142857,85.61656607142857,False,Normal,85.61656607142857,0.0,No Action
2024-11-30,SITE_026,19.78,19.77929999999997,CEM_III,207.75,11.69,199.66,369,-8.089299999999975,360.62,240.85510000000005,False,False,28.538855357142857,85.61656607142857,False,Normal,85.61656607142857,0.0,No Action
2024-12-01,SITE_026,0.0,0.0,CEM_III,199.66,20.16,219.82,369,20.16,360.62,261.0151000000001,False,False,28.538855357142857,85.61656607142857,False,Normal,85.61656607142857,0.0,No Action
2024-12-02,SITE_026,27.59,25.49950000000001,CEM_I,219.82,26.67,218.9,369,1.1704999999999934,360.62,262.1856,False,False,28.538855357142857,85.61656607142857,False,Normal,85.61656607142857,0.0,No Action
2024-12-03,SITE_026,12.18,12.180399999999995,CEM_II,218.9,49.88,256.6,369,37.6996,360.62,299.88520000000005,False,False,28.538855357142857,85.61656607142857,False,Normal,85.61656607142857,0.0,No Action
2024-12-04,SITE_026,23.46,22.13810000000001,CEM_III,256.6,27.94,261.08,369,5.801899999999993,360.62,305.68710000000004,False,False,28.538855357142857,85.61656607142857,False,Normal,85.61656607142857,0.0,No Action
2024-12-05,SITE_026,39.04,38.04689999999998,CEM_I,261.08,27.7,249.74,369,-10.34689999999998,360.62,295.3402000000001,False,False,28.538855357142857,85.61656607142857,False,Normal,85.61656607142857,0.0,No Action
2024-12-06,SITE_026,41.42,34.7607,CEM_III,249.74,23.1,231.42,369,-11.6607,360.62,283.6795000000001,False,False,28.538855357142857,85.61656607142857,False,Normal,85.61656607142857,0.0,No Action
2024-12-07,SITE_026,25.86,25.867799999999978,CEM_III,231.42,16.74,222.3,369,-9.12779999999998,360.62,274.5517000000001,False,False,28.538855357142857,85.61656607142857,False,Normal,85.61656607142857,0.0,No Action
2024-12-08,SITE_026,64.81,62.94470000000001,CEM_I,222.3,30.79,188.28,369,-32.15470000000001,360.62,242.39700000000008,False,False,28.538855357142857,85.61656607142857,False,Normal,85.61656607142857,0.0,No Action
2024-12-09,SITE_026,50.22,49.55549999999997,CEM_II,188.28,41.31,179.37,369,-8.245499999999964,360.62,234.1515000000001,False,False,28.538855357142857,85.61656607142857,False,Normal,85.61656607142857,0.0,No Action
2024-12-10,SITE_026,0.0,0.0,CEM_II,179.37,28.51,207.88,369,28.51,360.62,262.6615000000001,False,False,28.538855357142857,85.61656607142857,False,Normal,85.61656607142857,0.0,No Action
2024-12-11,SITE_026,11.03,11.029799999999982,CEM_II,207.88,17.13,213.98,369,6.100200000000017,360.62,268.76170000000013,False,False,28.538855357142857,85.61656607142857,False,Normal,85.61656607142857,0.0,No Action
2024-12-12,SITE_026,0.0,0.0,CEM_II,213.98,37.25,251.23,369,37.25,360.62,306.01170000000013,False,False,28.538855357142857,85.61656607142857,False,Normal,85.61656607142857,0.0,No Action
2024-12-13,SITE_026,48.26,46.04900000000001,CEM_III,251.23,40.74,243.71,369,-5.309000000000005,360.62,300.7027000000001,False,False,28.538855357142857,85.61656607142857,False,Normal,85.61656607142857,0.0,No Action
2024-12-14,SITE_026,12.13,12.129600000000012,CEM_I,243.71,22.23,253.81,369,10.100399999999988,360.62,310.8031000000001,False,False,28.538855357142857,85.61656607142857,False,Normal,85.61656607142857,0.0,No Action
2024-12-15,SITE_026,11.71,11.710300000000016,CEM_I,253.81,29.91,272.01,369,18.199699999999982,360.62,329.0028000000001,False,False,28.538855357142857,85.61656607142857,False,Normal,85.61656607142857,0.0,No Action
2024-12-16,SITE_026,12.18,12.181299999999997,CEM_II,272.01,21.88,281.71,369,9.698700000000002,360.62,338.7015000000001,False,False,28.538855357142857,85.61656607142857,False,Normal,85.61656607142857,0.0,No Action
2024-12-17,SITE_026,23.54,22.7856,CEM_III,281.71,25.55,283.72,369,2.764400000000002,360.62,341.4659000000001,False,False,28.538855357142857,85.61656607142857,False,Normal,85.61656607142857,0.0,No Action
2024-12-18,SITE_026,20.64,18.98400000000002,CEM_III,283.72,26.35,289.43,369,7.365999999999982,360.62,348.8319000000001,False,False,28.538855357142857,85.61656607142857,False,Normal,85.61656607142857,0.0,No Action
2024-12-19,SITE_026,69.85,58.90150000000001,CEM_I,289.43,43.03,262.61,369,-15.871500000000012,360.62,332.96040000000005,False,False,28.538855357142857,85.61656607142857,False,Normal,85.61656607142857,0.0,No Action
2024-12-20,SITE_026,31.54,31.333900000000018,CEM_I,262.61,0.0,231.07,369,-31.333900000000018,360.62,301.6265000000001,False,False,28.538855357142857,85.61656607142857,False,Normal,85.61656607142857,0.0,No Action
2024-12-21,SITE_026,25.79,24.176099999999987,CEM_III,231.07,24.91,230.19,369,0.7339000000000127,360.62,302.3604000000001,False,False,28.538855357142857,85.61656607142857,False,Normal,85.61656607142857,0.0,No Action
2024-12-22,SITE_026,32.58,32.08949999999999,CEM_III,230.19,11.29,208.9,369,-20.799499999999988,360.62,281.56090000000006,False,False,28.538855357142857,85.61656607142857,False,Normal,85.61656607142857,0.0,No Action
2024-12-23,SITE_026,0.0,0.0,CEM_II,208.9,22.51,231.41,369,22.51,360.62,304.07090000000005,False,False,28.538855357142857,85.61656607142857,False,Normal,85.61656607142857,0.0,No Action
2024-12-24,SITE_026,64.54,56.59049999999998,CEM_II,231.41,11.48,178.35,369,-45.11049999999997,360.62,258.9604000000001,False,False,28.538855357142857,85.61656607142857,False,Normal,85.61656607142857,0.0,No Action
2024-12-25,SITE_026,11.01,11.009699999999992,CEM_I,178.35,20.77,188.11,369,9.760300000000008,360.62,268.7207000000001,False,False,28.538855357142857,85.61656607142857,False,Normal,85.61656607142857,0.0,No Action
2024-12-26,SITE_026,62.85,57.33409999999999,CEM_II,188.11,22.84,148.1,369,-34.49409999999999,360.62,234.22660000000013,False,False,28.538855357142857,85.61656607142857,False,Normal,85.61656607142857,0.0,No Action
2024-12-27,SITE_026,0.0,0.0,CEM_II,148.1,44.12,192.22,369,44.12,360.62,278.34660000000014,False,False,28.538855357142857,85.61656607142857,False,Normal,85.61656607142857,0.0,No Action
2024-12-28,SITE_026,52.97,47.30790000000001,CEM_II,192.22,48.55,187.8,369,1.2420999999999864,360.62,279.58870000000013,False,False,28.538855357142857,85.61656607142857,False,Normal,85.61656607142857,0.0,No Action
2024-12-29,SITE_026,38.4,34.75990000000003,CEM_I,187.8,42.56,191.96,369,7.800099999999972,360.62,287.38880000000006,False,False,28.538855357142857,85.61656607142857,False,Normal,85.61656607142857,0.0,No Action
2024-12-30,SITE_026,68.95,59.5557,CEM_II,191.96,48.66,171.67,369,-10.895700000000003,360.62,276.4931000000001,False,False,28.538855357142857,85.61656607142857,False,Normal,85.61656607142857,0.0,No Action
2024-12-31,SITE_026,37.14,35.27899999999998,CEM_II,171.67,44.1,178.63,369,8.82100000000002,360.62,285.3141000000001,False,False,28.538855357142857,85.61656607142857,False,Normal,85.61656607142857,0.0,No Action
2024-11-06,SITE_027,13.13,13.13030000000002,CEM_II,18783.24,44.37,18814.48,314,31.239699999999974,18783.24,18814.4797,False,True,11.564091071428573,34.69227321428572,False,Overcapacity,34.69227321428572,0.0,Pause Delivery
2024-11-07,SITE_027,9.43,9.430399999999985,CEM_II,18814.48,47.97,18853.02,314,38.539600000000014,18783.24,18853.0193,False,True,11.564091071428573,34.69227321428572,False,Overcapacity,34.69227321428572,0.0,Pause Delivery
2024-11-08,SITE_027,9.68,9.54449999999999,CEM_I,18853.02,37.47,18880.81,314,27.925500000000007,18783.24,18880.9448,False,True,11.564091071428573,34.69227321428572,False,Overcapacity,34.69227321428572,0.0,Pause Delivery
2024-11-09,SITE_027,10.95,10.95100000000002,CEM_I,18880.81,42.66,18912.52,314,31.70899999999997,18783.24,18912.6538,False,True,11.564091071428573,34.69227321428572,False,Overcapacity,34.69227321428572,0.0,Pause Delivery
2024-11-10,SITE_027,17.65,17.64990000000003,CEM_III,18912.52,31.69,18926.56,314,14.04009999999997,18783.24,18926.6939,False,True,11.564091071428573,34.69227321428572,False,Overcapacity,34.69227321428572,0.0,Pause Delivery
2024-11-11,SITE_027,15.68,15.67550000000001,CEM_III,18926.56,23.04,18933.92,314,7.364499999999989,18783.24,18934.0584,False,True,11.564091071428573,34.69227321428572,False,Overcapacity,34.69227321428572,0.0,Pause Delivery
2024-11-12,SITE_027,10.89,10.887799999999997,CEM_II,18933.92,16.54,18939.57,314,5.652200000000002,18783.24,18939.7106,False,True,11.564091071428573,34.69227321428572,False,Overcapacity,34.69227321428572,0.0,Pause Delivery
2024-11-13,SITE_027,10.13,10.129999999999995,CEM_I,18939.57,32.32,18961.76,314,22.190000000000005,18783.24,18961.9006,False,True,11.564091071428573,34.69227321428572,False,Overcapacity,34.69227321428572,0.0,Pause Delivery
2024-11-14,SITE_027,9.51,9.509799999999991,CEM_III,18961.76,45.93,18998.18,314,36.42020000000001,18783.24,18998.3208,False,True,11.564091071428573,34.69227321428572,False,Overcapacity,34.69227321428572,0.0,Pause Delivery
2024-11-15,SITE_027,18.24,18.240100000000005,CEM_I,18998.18,28.64,19008.58,314,10.399899999999995,18783.24,19008.7207,False,True,11.564091071428573,34.69227321428572,False,Overcapacity,34.69227321428572,0.0,Pause Delivery
2024-11-16,SITE_027,6.49,6.478700000000007,CEM_III,19008.58,48.96,19051.05,314,42.48129999999999,18783.24,19051.202,False,True,11.564091071428573,34.69227321428572,False,Overcapacity,34.69227321428572,0.0,Pause Delivery
2024-11-17,SITE_027,15.11,15.109199999999976,CEM_III,19051.05,18.5,19054.44,314,3.390800000000024,18783.24,19054.5928,False,True,11.564091071428573,34.69227321428572,False,Overcapacity,34.69227321428572,0.0,Pause Delivery
2024-11-18,SITE_027,9.82,9.81890000000001,CEM_III,19054.44,17.75,19062.37,314,7.93109999999999,18783.24,19062.5239,False,True,11.564091071428573,34.69227321428572,False,Overcapacity,34.69227321428572,0.0,Pause Delivery
2024-11-19,SITE_027,0.0,0.0,CEM_II,19062.37,48.57,19110.94,314,48.57,18783.24,19111.0939,False,True,11.564091071428573,34.69227321428572,False,Overcapacity,34.69227321428572,0.0,Pause Delivery
2024-11-20,SITE_027,17.22,17.219900000000024,CEM_I,19110.94,25.74,19119.46,314,8.520099999999974,18783.24,19119.614,False,True,11.564091071428573,34.69227321428572,False,Overcapacity,34.69227321428572,0.0,Pause Delivery
2024-11-21,SITE_027,5.93,5.928800000000001,CEM_III,19119.46,22.12,19135.65,314,16.191200000000002,18783.24,19135.805200000003,False,True,11.564091071428573,34.69227321428572,False,Overcapacity,34.69227321428572,0.0,Pause Delivery
2024-11-22,SITE_027,10.07,10.069800000000022,CEM_I,19135.65,39.54,19165.12,314,29.470199999999977,18783.24,19165.2754,False,True,11.564091071428573,34.69227321428572,False,Overcapacity,34.69227321428572,0.0,Pause Delivery
2024-11-23,SITE_027,19.58,19.57939999999997,CEM_III,19165.12,47.82,19193.36,314,28.24060000000003,18783.24,19193.516000000003,False,True,11.564091071428573,34.69227321428572,False,Overcapacity,34.69227321428572,0.0,Pause Delivery
2024-11-24,SITE_027,11.38,11.380400000000009,CEM_II,19193.36,20.78,19202.76,314,9.399599999999992,18783.24,19202.9156,False,True,11.564091071428573,34.69227321428572,False,Overcapacity,34.69227321428572,0.0,Pause Delivery
2024-11-25,SITE_027,10.01,10.010099999999992,CEM_II,19202.76,28.1,19220.85,314,18.089900000000007,18783.24,19221.005500000003,False,True,11.564091071428573,34.69227321428572,False,Overcapacity,34.69227321428572,0.0,Pause Delivery
2024-11-26,SITE_027,4.2,4.200399999999995,CEM_I,19220.85,48.29,19264.94,314,44.0896,18783.24,19265.0951,False,True,11.564091071428573,34.69227321428572,False,Overcapacity,34.69227321428572,0.0,Pause Delivery
2024-11-27,SITE_027,8.83,8.830700000000014,CEM_III,19264.94,26.74,19282.85,314,17.909299999999984,18783.24,19283.0044,False,True,11.564091071428573,34.69227321428572,False,Overcapacity,34.69227321428572,0.0,Pause Delivery
2024-11-28,SITE_027,18.13,18.130800000000043,CEM_I,19282.85,37.97,19302.69,314,19.83919999999996,18783.24,19302.8436,False,True,11.564091071428573,34.69227321428572,False,Overcapacity,34.69227321428572,0.0,Pause Delivery
2024-11-29,SITE_027,12.03,12.030699999999978,CEM_III,19302.69,38.36,19329.02,314,26.32930000000002,18783.24,19329.1729,False,True,11.564091071428573,34.69227321428572,False,Overcapacity,34.69227321428572,0.0,Pause Delivery
2024-11-30,SITE_027,13.13,13.13040000000002,CEM_III,19329.02,18.64,19334.53,314,5.509599999999981,18783.24,19334.682500000003,False,True,11.564091071428573,34.69227321428572,False,Overcapacity,34.69227321428572,0.0,Pause Delivery
2024-12-01,SITE_027,9.84,11.626899999999983,CEM_III,19334.53,14.54,19339.23,314,2.913100000000016,18783.24,19337.5956,False,True,11.564091071428573,34.69227321428572,False,Overcapacity,34.69227321428572,0.0,Pause Delivery
2024-12-02,SITE_027,8.75,8.748600000000001,CEM_II,19339.23,45.98,19376.46,314,37.2314,18783.24,19374.827,False,True,11.564091071428573,34.69227321428572,False,Overcapacity,34.69227321428572,0.0,Pause Delivery
2024-12-03,SITE_027,19.16,19.15940000000004,CEM_II,19376.46,24.5,19381.8,314,5.340599999999963,18783.24,19380.1676,False,True,11.564091071428573,34.69227321428572,False,Overcapacity,34.69227321428572,0.0,Pause Delivery
2024-12-04,SITE_027,13.86,13.861299999999988,CEM_III,19381.8,31.71,19399.65,314,17.848700000000015,18783.24,19398.016300000003,False,True,11.564091071428573,34.69227321428572,False,Overcapacity,34.69227321428572,0.0,Pause Delivery
2024-12-05,SITE_027,17.11,17.105299999999968,CEM_III,19399.65,22.0,19404.54,314,4.894700000000032,18783.24,19402.911,False,True,11.564091071428573,34.69227321428572,False,Overcapacity,34.69227321428572,0.0,Pause Delivery
2024-12-06,SITE_027,18.84,18.840499999999967,CEM_III,19404.54,20.29,19405.99,314,1.4495000000000324,18783.24,19404.360500000003,False,True,11.564091071428573,34.69227321428572,False,Overcapacity,34.69227321428572,0.0,Pause Delivery
2024-12-07,SITE_027,9.32,9.32000000000002,CEM_III,19405.99,45.31,19441.98,314,35.98999999999998,18783.24,19440.3505,False,True,11.564091071428573,34.69227321428572,False,Overcapacity,34.69227321428572,0.0,Pause Delivery
2024-12-08,SITE_027,13.52,13.53199999999998,CEM_I,19441.98,37.85,19466.31,314,24.31800000000002,18783.24,19464.6685,False,True,11.564091071428573,34.69227321428572,False,Overcapacity,34.69227321428572,0.0,Pause Delivery
2024-12-09,SITE_027,11.94,11.936600000000022,CEM_I,19466.31,42.49,19496.86,314,30.553399999999986,18783.24,19495.2219,False,True,11.564091071428573,34.69227321428572,False,Overcapacity,34.69227321428572,0.0,Pause Delivery
2024-12-10,SITE_027,6.09,6.089899999999996,CEM_II,19496.86,47.1,19537.87,314,41.01010000000001,18783.24,19536.232,False,True,11.564091071428573,34.69227321428572,False,Overcapacity,34.69227321428572,0.0,Pause Delivery
2024-12-11,SITE_027,12.97,12.97010000000002,CEM_II,19537.87,38.52,19563.42,314,25.549899999999983,18783.24,19561.7819,False,True,11.564091071428573,34.69227321428572,False,Overcapacity,34.69227321428572,0.0,Pause Delivery
2024-12-12,SITE_027,7.82,7.819900000000013,CEM_I,19563.42,44.14,19599.74,314,36.32009999999999,18783.24,19598.102000000003,False,True,11.564091071428573,34.69227321428572,False,Overcapacity,34.69227321428572,0.0,Pause Delivery
2024-12-13,SITE_027,8.59,8.589100000000007,CEM_II,19599.74,48.33,19639.48,314,39.74089999999999,18783.24,19637.842900000003,False,True,11.564091071428573,34.69227321428572,False,Overcapacity,34.69227321428572,0.0,Pause Delivery
2024-12-14,SITE_027,10.53,10.526699999999988,CEM_III,19639.48,41.73,19670.68,314,31.20330000000001,18783.24,19669.0462,False,True,11.564091071428573,34.69227321428572,False,Overcapacity,34.69227321428572,0.0,Pause Delivery
2024-12-15,SITE_027,13.02,13.02369999999999,CEM_I,19670.68,36.3,19693.96,314,23.27630000000001,18783.24,19692.3225,False,True,11.564091071428573,34.69227321428572,False,Overcapacity,34.69227321428572,0.0,Pause Delivery
2024-12-16,SITE_027,16.96,16.959900000000022,CEM_II,19693.96,39.75,19716.75,314,22.790099999999978,18783.24,19715.1126,False,True,11.564091071428573,34.69227321428572,False,Overcapacity,34.69227321428572,0.0,Pause Delivery
2024-12-17,SITE_027,14.05,14.046299999999984,CEM_III,19716.75,46.75,19749.45,314,32.70370000000001,18783.24,19747.8163,False,True,11.564091071428573,34.69227321428572,False,Overcapacity,34.69227321428572,0.0,Pause Delivery
2024-12-18,SITE_027,0.0,0.0,CEM_III,19749.45,24.63,19774.08,314,24.63,18783.24,19772.446300000003,False,True,11.564091071428573,34.69227321428572,False,Overcapacity,34.69227321428572,0.0,Pause Delivery
2024-12-19,SITE_027,9.31,9.31009999999998,CEM_I,19774.08,25.42,19790.19,314,16.10990000000002,18783.24,19788.556200000003,False,True,11.564091071428573,34.69227321428572,False,Overcapacity,34.69227321428572,0.0,Pause Delivery
2024-12-20,SITE_027,5.34,5.339699999999991,CEM_III,19790.19,17.0,19801.85,314,11.66030000000001,18783.24,19800.2165,False,True,11.564091071428573,34.69227321428572,False,Overcapacity,34.69227321428572,0.0,Pause Delivery
2024-12-21,SITE_027,18.87,18.86959999999997,CEM_II,19801.85,32.25,19815.23,314,13.38040000000003,18783.24,19813.5969,False,True,11.564091071428573,34.69227321428572,False,Overcapacity,34.69227321428572,0.0,Pause Delivery
2024-12-22,SITE_027,14.48,14.481800000000012,CEM_II,19815.23,26.58,19827.33,314,12.098199999999986,18783.24,19825.6951,False,True,11.564091071428573,34.69227321428572,False,Overcapacity,34.69227321428572,0.0,Pause Delivery
2024-12-23,SITE_027,17.53,17.530499999999975,CEM_II,19827.33,32.15,19841.95,314,14.619500000000023,18783.24,19840.3146,False,True,11.564091071428573,34.69227321428572,False,Overcapacity,34.69227321428572,0.0,Pause Delivery
2024-12-24,SITE_027,0.0,0.0,CEM_I,19841.95,33.4,19875.35,314,33.4,18783.24,19873.714600000003,False,True,11.564091071428573,34.69227321428572,False,Overcapacity,34.69227321428572,0.0,Pause Delivery
2024-12-25,SITE_027,14.2,14.199100000000026,CEM_I,19875.35,29.41,19890.56,314,15.210899999999974,18783.24,19888.9255,False,True,11.564091071428573,34.69227321428572,False,Overcapacity,34.69227321428572,0.0,Pause Delivery
2024-12-26,SITE_027,11.17,11.170099999999987,CEM_III,19890.56,28.98,19908.37,314,17.809900000000013,18783.24,19906.7354,False,True,11.564091071428573,34.69227321428572,False,Overcapacity,34.69227321428572,0.0,Pause Delivery
2024-12-27,SITE_027,16.77,16.768999999999988,CEM_II,19908.37,40.19,19931.79,314,23.42100000000001,18783.24,19930.1564,False,True,11.564091071428573,34.69227321428572,False,Overcapacity,34.69227321428572,0.0,Pause Delivery
2024-12-28,SITE_027,12.91,12.90890000000001,CEM_I,19931.79,34.33,19953.21,314,21.42109999999999,18783.24,19951.577500000003,False,True,11.564091071428573,34.69227321428572,False,Overcapacity,34.69227321428572,0.0,Pause Delivery
2024-12-29,SITE_027,6.18,6.176699999999996,CEM_III,19953.21,16.81,19963.84,314,10.633300000000002,18783.24,19962.2108,False,True,11.564091071428573,34.69227321428572,False,Overcapacity,34.69227321428572,0.0,Pause Delivery
2024-12-30,SITE_027,8.5,8.5001,CEM_III,19963.84,45.05,20000.39,314,36.5499,18783.24,19998.760700000003,False,True,11.564091071428573,34.69227321428572,False,Overcapacity,34.69227321428572,0.0,Pause Delivery
2024-12-31,SITE_027,11.11,11.109800000000002,CEM_II,20000.39,33.02,20022.3,314,21.910200000000003,18783.24,20020.6709,False,True,11.564091071428573,34.69227321428572,False,Overcapacity,34.69227321428572,0.0,Pause Delivery
2024-11-06,SITE_028,0.0,0.0,CEM_III,636.36,0.0,636.36,395,0.0,636.36,636.36,False,True,26.474105357142857,79.42231607142857,False,Overcapacity,79.42231607142857,0.0,Pause Delivery
2024-11-07,SITE_028,0.0,0.0,CEM_II,636.36,25.96,662.32,395,25.96,636.36,662.32,False,True,26.474105357142857,79.42231607142857,False,Overcapacity,79.42231607142857,0.0,Pause Delivery
2024-11-08,SITE_028,0.0,0.0,CEM_II,662.32,44.32,706.64,395,44.32,636.36,706.64,False,True,26.474105357142857,79.42231607142857,False,Overcapacity,79.42231607142857,0.0,Pause Delivery
2024-11-09,SITE_028,24.99,24.71300000000001,CEM_II,706.64,38.11,719.76,395,13.396999999999988,636.36,720.037,False,True,26.474105357142857,79.42231607142857,False,Overcapacity,79.42231607142857,0.0,Pause Delivery
2024-11-10,SITE_028,62.51,61.591500000000025,CEM_III,719.76,0.0,657.25,395,-61.591500000000025,636.36,658.4455,False,True,26.474105357142857,79.42231607142857,False,Overcapacity,79.42231607142857,0.0,Pause Delivery
2024-11-11,SITE_028,12.01,11.994500000000007,CEM_II,657.25,31.72,676.96,395,19.72549999999999,636.36,678.1709999999999,False,True,26.474105357142857,79.42231607142857,False,Overcapacity,79.42231607142857,0.0,Pause Delivery
2024-11-12,SITE_028,0.0,0.0,CEM_II,676.96,34.17,711.13,395,34.17,636.36,712.341,False,True,26.474105357142857,79.42231607142857,False,Overcapacity,79.42231607142857,0.0,Pause Delivery
2024-11-13,SITE_028,0.0,0.0,CEM_I,711.13,13.47,724.6,395,13.47,636.36,725.8109999999999,False,True,26.474105357142857,79.42231607142857,False,Overcapacity,79.42231607142857,0.0,Pause Delivery
2024-11-14,SITE_028,0.0,0.0,CEM_II,724.6,18.34,742.94,395,18.34,636.36,744.151,False,True,26.474105357142857,79.42231607142857,False,Overcapacity,79.42231607142857,0.0,Pause Delivery
2024-11-15,SITE_028,21.8,20.490900000000007,CEM_III,742.94,21.58,742.72,395,1.0890999999999913,636.36,745.2401,False,True,26.474105357142857,79.42231607142857,False,Overcapacity,79.42231607142857,0.0,Pause Delivery
2024-11-16,SITE_028,22.57,22.28440000000001,CEM_II,742.72,26.39,746.54,395,4.105599999999992,636.36,749.3457,False,True,26.474105357142857,79.42231607142857,False,Overcapacity,79.42231607142857,0.0,Pause Delivery
2024-11-17,SITE_028,34.26,28.28529999999997,CEM_III,746.54,12.95,725.23,395,-15.335299999999972,636.36,734.0104,False,True,26.474105357142857,79.42231607142857,False,Overcapacity,79.42231607142857,0.0,Pause Delivery
2024-11-18,SITE_028,0.0,0.0,CEM_II,725.23,45.45,770.68,395,45.45,636.36,779.4603999999999,False,True,26.474105357142857,79.42231607142857,False,Overcapacity,79.42231607142857,0.0,Pause Delivery
2024-11-19,SITE_028,42.65,41.7496,CEM_I,770.68,15.54,743.57,395,-26.2096,636.36,753.2508,False,True,26.474105357142857,79.42231607142857,False,Overcapacity,79.42231607142857,0.0,Pause Delivery
2024-11-20,SITE_028,19.2,19.199600000000032,CEM_III,743.57,25.47,749.84,395,6.270399999999967,636.36,759.5211999999999,False,True,26.474105357142857,79.42231607142857,False,Overcapacity,79.42231607142857,0.0,Pause Delivery
2024-11-21,SITE_028,48.81,48.4239,CEM_II,749.84,18.82,719.85,395,-29.603900000000003,636.36,729.9173,False,True,26.474105357142857,79.42231607142857,False,Overcapacity,79.42231607142857,0.0,Pause Delivery
2024-11-22,SITE_028,10.38,10.379999999999995,CEM_II,719.85,27.4,736.87,395,17.020000000000003,636.36,746.9372999999999,False,True,26.474105357142857,79.42231607142857,False,Overcapacity,79.42231607142857,0.0,Pause Delivery
2024-11-23,SITE_028,28.87,26.908599999999986,CEM_III,736.87,47.43,755.43,395,20.52140000000001,636.36,767.4586999999999,False,True,26.474105357142857,79.42231607142857,False,Overcapacity,79.42231607142857,0.0,Pause Delivery
2024-11-24,SITE_028,0.0,0.0,CEM_I,755.43,11.74,767.17,395,11.74,636.36,779.1986999999999,False,True,26.474105357142857,79.42231607142857,False,Overcapacity,79.42231607142857,0.0,Pause Delivery
2024-11-25,SITE_028,38.79,35.908799999999985,CEM_III,767.17,43.38,771.76,395,7.471200000000017,636.36,786.6699,False,True,26.474105357142857,79.42231607142857,False,Overcapacity,79.42231607142857,0.0,Pause Delivery
2024-11-26,SITE_028,12.04,12.042399999999988,CEM_III,771.76,18.47,778.19,395,6.427600000000011,636.36,793.0975,False,True,26.474105357142857,79.42231607142857,False,Overcapacity,79.42231607142857,0.0,Pause Delivery
2024-11-27,SITE_028,19.05,19.097599999999986,CEM_II,778.19,46.41,805.55,395,27.31240000000001,636.36,820.4099,False,True,26.474105357142857,79.42231607142857,False,Overcapacity,79.42231607142857,0.0,Pause Delivery
2024-11-28,SITE_028,59.05,53.03849999999999,CEM_II,805.55,11.11,757.61,395,-41.92849999999999,636.36,778.4814,False,True,26.474105357142857,79.42231607142857,False,Overcapacity,79.42231607142857,0.0,Pause Delivery
2024-11-29,SITE_028,44.81,43.528700000000015,CEM_III,757.61,23.1,735.9,395,-20.428700000000013,636.36,758.0527,False,True,26.474105357142857,79.42231607142857,False,Overcapacity,79.42231607142857,0.0,Pause Delivery
2024-11-30,SITE_028,0.0,0.0,CEM_III,735.9,44.79,780.69,395,44.79,636.36,802.8427,False,True,26.474105357142857,79.42231607142857,False,Overcapacity,79.42231607142857,0.0,Pause Delivery
2024-12-01,SITE_028,28.68,27.2103,CEM_II,780.69,11.5,763.51,395,-15.710299999999997,636.36,787.1324,False,True,26.474105357142857,79.42231607142857,False,Overcapacity,79.42231607142857,0.0,Pause Delivery
2024-12-02,SITE_028,42.1,42.078200000000045,CEM_II,763.51,43.24,764.65,395,1.1617999999999569,636.36,788.2941999999999,False,True,26.474105357142857,79.42231607142857,False,Overcapacity,79.42231607142857,0.0,Pause Delivery
2024-12-03,SITE_028,0.0,0.0,CEM_I,764.65,24.5,789.15,395,24.5,636.36,812.7941999999999,False,True,26.474105357142857,79.42231607142857,False,Overcapacity,79.42231607142857,0.0,Pause Delivery
2024-12-04,SITE_028,56.73,54.96869999999997,CEM_I,789.15,27.48,759.9,395,-27.48869999999997,636.36,785.3054999999999,False,True,26.474105357142857,79.42231607142857,False,Overcapacity,79.42231607142857,0.0,Pause Delivery
2024-12-05,SITE_028,50.79,48.45450000000001,CEM_III,759.9,29.21,738.32,395,-19.24450000000001,636.36,766.0609999999999,False,True,26.474105357142857,79.42231607142857,False,Overcapacity,79.42231607142857,0.0,Pause Delivery
2024-12-06,SITE_028,0.0,0.0,CEM_III,738.32,17.32,755.64,395,17.32,636.36,783.381,False,True,26.474105357142857,79.42231607142857,False,Overcapacity,79.42231607142857,0.0,Pause Delivery
2024-12-07,SITE_028,31.34,30.9865,CEM_III,755.64,0.0,724.3,395,-30.9865,636.36,752.3945,False,True,26.474105357142857,79.42231607142857,False,Overcapacity,79.42231607142857,0.0,Pause Delivery
2024-12-08,SITE_028,36.18,35.5562,CEM_I,724.3,28.45,716.57,395,-7.106199999999998,636.36,745.2882999999999,False,True,26.474105357142857,79.42231607142857,False,Overcapacity,79.42231607142857,0.0,Pause Delivery
2024-12-09,SITE_028,40.71,40.14020000000001,CEM_I,716.57,49.79,725.65,395,9.649799999999992,636.36,754.9381,False,True,26.474105357142857,79.42231607142857,False,Overcapacity,79.42231607142857,0.0,Pause Delivery
2024-12-10,SITE_028,53.35,51.18629999999999,CEM_III,725.65,20.82,693.12,395,-30.36629999999999,636.36,724.5717999999999,False,True,26.474105357142857,79.42231607142857,False,Overcapacity,79.42231607142857,0.0,Pause Delivery
2024-12-11,SITE_028,25.43,25.243700000000008,CEM_II,693.12,48.0,715.69,395,22.756299999999992,636.36,747.3281,False,True,26.474105357142857,79.42231607142857,False,Overcapacity,79.42231607142857,0.0,Pause Delivery
2024-12-12,SITE_028,28.96,27.717699999999983,CEM_I,715.69,0.0,686.73,395,-27.717699999999983,636.36,719.6104,False,True,26.474105357142857,79.42231607142857,False,Overcapacity,79.42231607142857,0.0,Pause Delivery
2024-12-13,SITE_028,0.0,0.0,CEM_III,686.73,46.46,733.19,395,46.46,636.36,766.0704000000001,False,True,26.474105357142857,79.42231607142857,False,Overcapacity,79.42231607142857,0.0,Pause Delivery
2024-12-14,SITE_028,50.93,49.02659999999999,CEM_II,733.19,0.0,682.26,395,-49.02659999999999,636.36,717.0438,False,True,26.474105357142857,79.42231607142857,False,Overcapacity,79.42231607142857,0.0,Pause Delivery
2024-12-15,SITE_028,27.12,25.563299999999973,CEM_II,682.26,39.54,694.68,395,13.976700000000026,636.36,731.0205000000001,False,True,26.474105357142857,79.42231607142857,False,Overcapacity,79.42231607142857,0.0,Pause Delivery
2024-12-16,SITE_028,55.18,50.530499999999975,CEM_I,694.68,0.0,639.5,395,-50.530499999999975,636.36,680.49,False,True,26.474105357142857,79.42231607142857,False,Overcapacity,79.42231607142857,0.0,Pause Delivery
2024-12-17,SITE_028,66.36,62.6054,CEM_III,639.5,27.9,601.04,395,-34.705400000000004,636.36,645.7846000000001,False,True,26.474105357142857,79.42231607142857,False,Overcapacity,79.42231607142857,0.0,Pause Delivery
2024-12-18,SITE_028,31.01,30.340400000000017,CEM_III,601.04,26.54,596.57,395,-3.8004000000000175,636.36,641.9842000000001,False,True,26.474105357142857,79.42231607142857,False,Overcapacity,79.42231607142857,0.0,Pause Delivery
2024-12-19,SITE_028,45.68,44.98239999999999,CEM_I,596.57,19.48,570.37,395,-25.50239999999999,636.36,616.4818,False,True,26.474105357142857,79.42231607142857,False,Overcapacity,79.42231607142857,0.0,Pause Delivery
2024-12-20,SITE_028,0.0,0.0,CEM_III,570.37,0.0,570.37,395,0.0,636.36,616.4818,False,True,26.474105357142857,79.42231607142857,False,Overcapacity,79.42231607142857,0.0,Pause Delivery
2024-12-21,SITE_028,36.7,33.996199999999995,CEM_III,570.37,16.7,550.37,395,-17.296199999999995,636.36,599.1856,False,True,26.474105357142857,79.42231607142857,False,Overcapacity,79.42231607142857,0.0,Pause Delivery
2024-12-22,SITE_028,0.0,0.0,CEM_I,550.37,43.1,593.47,395,43.1,636.36,642.2856,False,True,26.474105357142857,79.42231607142857,False,Overcapacity,79.42231607142857,0.0,Pause Delivery
2024-12-23,SITE_028,45.83,43.77760000000003,CEM_II,593.47,31.38,579.02,395,-12.397600000000027,636.36,629.888,False,True,26.474105357142857,79.42231607142857,False,Overcapacity,79.42231607142857,0.0,Pause Delivery
2024-12-24,SITE_028,50.8,44.803900000000006,CEM_II,579.02,40.96,569.18,395,-3.843900000000005,636.36,626.0441000000001,False,True,26.474105357142857,79.42231607142857,False,Overcapacity,79.42231607142857,0.0,Pause Delivery
2024-12-25,SITE_028,0.0,0.0,CEM_III,569.18,22.69,591.87,395,22.69,636.36,648.7341,False,True,26.474105357142857,79.42231607142857,False,Overcapacity,79.42231607142857,0.0,Pause Delivery
2024-12-26,SITE_028,48.39,45.13980000000003,CEM_I,591.87,30.95,574.43,395,-14.18980000000003,636.36,634.5443,False,True,26.474105357142857,79.42231607142857,False,Overcapacity,79.42231607142857,0.0,Pause Delivery
2024-12-27,SITE_028,53.34,51.84000000000002,CEM_II,574.43,17.61,538.7,395,-34.23000000000002,636.36,600.3143,False,True,26.474105357142857,79.42231607142857,False,Overcapacity,79.42231607142857,0.0,Pause Delivery
2024-12-28,SITE_028,42.52,41.2073,CEM_II,538.7,28.68,524.86,395,-12.527299999999997,636.36,587.787,False,True,26.474105357142857,79.42231607142857,False,Overcapacity,79.42231607142857,0.0,Pause Delivery
2024-12-29,SITE_028,10.44,10.440300000000027,CEM_I,524.86,18.75,533.17,395,8.309699999999973,636.36,596.0966999999999,False,True,26.474105357142857,79.42231607142857,False,Overcapacity,79.42231607142857,0.0,Pause Delivery
2024-12-30,SITE_028,60.07,54.001,CEM_II,533.17,34.75,507.85,395,-19.251,636.36,576.8457,False,True,26.474105357142857,79.42231607142857,False,Overcapacity,79.42231607142857,0.0,Pause Delivery
2024-12-31,SITE_028,34.17,31.1156,CEM_III,507.85,11.05,484.73,395,-20.0656,636.36,556.7801,False,True,26.474105357142857,79.42231607142857,False,Overcapacity,79.42231607142857,0.0,Pause Delivery
2024-11-06,SITE_029,4.8,4.809400000000005,CEM_III,19567.48,36.29,19598.97,437,31.480599999999995,19567.48,19598.9606,False,True,12.235844642857144,36.70753392857143,False,Overcapacity,36.70753392857143,0.0,Pause Delivery
2024-11-07,SITE_029,6.79,6.791199999999993,CEM_III,19598.97,40.45,19632.63,437,33.658800000000014,19567.48,19632.6194,False,True,12.235844642857144,36.70753392857143,False,Overcapacity,36.70753392857143,0.0,Pause Delivery
2024-11-08,SITE_029,15.49,15.490000000000007,CEM_II,19632.63,24.93,19642.07,437,9.439999999999992,19567.48,19642.0594,False,True,12.235844642857144,36.70753392857143,False,Overcapacity,36.70753392857143,0.0,Pause Delivery
2024-11-09,SITE_029,11.07,11.070400000000015,CEM_I,19642.07,48.35,19679.35,437,37.27959999999999,19567.48,19679.339,False,True,12.235844642857144,36.70753392857143,False,Overcapacity,36.70753392857143,0.0,Pause Delivery
2024-11-10,SITE_029,18.42,18.420900000000024,CEM_III,19679.35,33.36,19694.29,437,14.939099999999977,19567.48,19694.2781,False,True,12.235844642857144,36.70753392857143,False,Overcapacity,36.70753392857143,0.0,Pause Delivery
2024-11-11,SITE_029,7.38,7.378600000000001,CEM_III,19694.29,15.2,19702.11,437,7.821399999999998,19567.48,19702.0995,False,True,12.235844642857144,36.70753392857143,False,Overcapacity,36.70753392857143,0.0,Pause Delivery
2024-11-12,SITE_029,7.25,7.247900000000002,CEM_III,19702.11,28.66,19723.52,437,21.4121,19567.48,19723.5116,False,True,12.235844642857144,36.70753392857143,False,Overcapacity,36.70753392857143,0.0,Pause Delivery
2024-11-13,SITE_029,19.37,19.371199999999977,CEM_I,19723.52,21.54,19725.69,437,2.1688000000000223,19567.48,19725.6804,False,True,12.235844642857144,36.70753392857143,False,Overcapacity,36.70753392857143,0.0,Pause Delivery
2024-11-14,SITE_029,13.23,13.230200000000014,CEM_III,19725.69,15.31,19727.77,437,2.0797999999999863,19567.48,19727.7602,False,True,12.235844642857144,36.70753392857143,False,Overcapacity,36.70753392857143,0.0,Pause Delivery
2024-11-15,SITE_029,17.0,16.9998,CEM_I,19727.77,25.01,19735.78,437,8.010200000000001,19567.48,19735.7704,False,True,12.235844642857144,36.70753392857143,False,Overcapacity,36.70753392857143,0.0,Pause Delivery
2024-11-16,SITE_029,10.15,10.149999999999984,CEM_III,19735.78,43.29,19768.92,437,33.140000000000015,19567.48,19768.9104,False,True,12.235844642857144,36.70753392857143,False,Overcapacity,36.70753392857143,0.0,Pause Delivery
2024-11-17,SITE_029,11.43,11.4254,CEM_II,19768.92,18.9,19776.39,437,7.474599999999999,19567.48,19776.385,False,True,12.235844642857144,36.70753392857143,False,Overcapacity,36.70753392857143,0.0,Pause Delivery
2024-11-18,SITE_029,12.14,12.122800000000009,CEM_III,19776.39,14.77,19779.02,437,2.647199999999991,19567.48,19779.0322,False,True,12.235844642857144,36.70753392857143,False,Overcapacity,36.70753392857143,0.0,Pause Delivery
2024-11-19,SITE_029,14.43,14.437600000000009,CEM_III,19779.02,26.82,19791.41,437,12.382399999999992,19567.48,19791.4146,False,True,12.235844642857144,36.70753392857143,False,Overcapacity,36.70753392857143,0.0,Pause Delivery
2024-11-20,SITE_029,9.94,9.808200000000015,CEM_II,19791.41,15.3,19796.77,437,5.491799999999985,19567.48,19796.9064,False,True,12.235844642857144,36.70753392857143,False,Overcapacity,36.70753392857143,0.0,Pause Delivery
2024-11-21,SITE_029,13.46,13.46050000000002,CEM_II,19796.77,33.07,19816.38,437,19.609499999999983,19567.48,19816.5159,False,True,12.235844642857144,36.70753392857143,False,Overcapacity,36.70753392857143,0.0,Pause Delivery
2024-11-22,SITE_029,12.15,12.149100000000002,CEM_II,19816.38,48.14,19852.37,437,35.9909,19567.48,19852.5068,False,True,12.235844642857144,36.70753392857143,False,Overcapacity,36.70753392857143,0.0,Pause Delivery
2024-11-23,SITE_029,6.42,6.419999999999996,CEM_III,19852.37,25.27,19871.22,437,18.85,19567.48,19871.3568,False,True,12.235844642857144,36.70753392857143,False,Overcapacity,36.70753392857143,0.0,Pause Delivery
2024-11-24,SITE_029,17.56,17.560199999999963,CEM_III,19871.22,20.61,19874.27,437,3.0498000000000367,19567.48,19874.4066,False,True,12.235844642857144,36.70753392857143,False,Overcapacity,36.70753392857143,0.0,Pause Delivery
2024-11-25,SITE_029,18.73,18.72990000000001,CEM_II,19874.27,47.69,19903.23,437,28.960099999999983,19567.48,19903.3667,False,True,12.235844642857144,36.70753392857143,False,Overcapacity,36.70753392857143,0.0,Pause Delivery
2024-11-26,SITE_029,7.01,7.008699999999994,CEM_I,19903.23,35.85,19932.07,437,28.841300000000007,19567.48,19932.208,False,True,12.235844642857144,36.70753392857143,False,Overcapacity,36.70753392857143,0.0,Pause Delivery
2024-11-27,SITE_029,19.39,19.39000000000004,CEM_II,19932.07,43.21,19955.89,437,23.81999999999996,19567.48,19956.028,False,True,12.235844642857144,36.70753392857143,False,Overcapacity,36.70753392857143,0.0,Pause Delivery
2024-11-28,SITE_029,14.07,14.069299999999997,CEM_I,19955.89,10.37,19952.19,437,-3.699299999999997,19567.48,19952.3287,False,True,12.235844642857144,36.70753392857143,False,Overcapacity,36.70753392857143,0.0,Pause Delivery
2024-11-29,SITE_029,12.54,12.539899999999982,CEM_I,19952.19,22.24,19961.89,437,9.700100000000017,19567.48,19962.0288,False,True,12.235844642857144,36.70753392857143,False,Overcapacity,36.70753392857143,0.0,Pause Delivery
2024-11-30,SITE_029,10.39,10.390299999999993,CEM_III,19961.89,26.44,19977.94,437,16.04970000000001,19567.48,19978.0785,False,True,12.235844642857144,36.70753392857143,False,Overcapacity,36.70753392857143,0.0,Pause Delivery
2024-12-01,SITE_029,9.38,9.377599999999996,CEM_III,19977.94,30.17,19998.73,437,20.792400000000008,19567.48,19998.8709,False,True,12.235844642857144,36.70753392857143,False,Overcapacity,36.70753392857143,0.0,Pause Delivery
2024-12-02,SITE_029,6.53,6.5342999999999964,CEM_I,19998.73,14.69,20006.89,437,8.155700000000003,19567.48,20007.0266,False,True,12.235844642857144,36.70753392857143,False,Overcapacity,36.70753392857143,0.0,Pause Delivery
2024-12-03,SITE_029,9.9,9.900299999999984,CEM_II,20006.89,39.1,20036.09,437,29.199700000000018,19567.48,20036.2263,False,True,12.235844642857144,36.70753392857143,False,Overcapacity,36.70753392857143,0.0,Pause Delivery
2024-12-04,SITE_029,13.26,13.259899999999991,CEM_III,20036.09,27.88,20050.71,437,14.620100000000008,19567.48,20050.8464,False,True,12.235844642857144,36.70753392857143,False,Overcapacity,36.70753392857143,0.0,Pause Delivery
2024-12-05,SITE_029,5.52,5.529499999999998,CEM_III,20050.71,35.33,20080.52,437,29.8005,19567.48,20080.6469,False,True,12.235844642857144,36.70753392857143,False,Overcapacity,36.70753392857143,0.0,Pause Delivery
2024-12-06,SITE_029,19.97,19.968900000000023,CEM_III,20080.52,24.21,20084.76,437,4.241099999999978,19567.48,20084.888,False,True,12.235844642857144,36.70753392857143,False,Overcapacity,36.70753392857143,0.0,Pause Delivery
2024-12-07,SITE_029,16.18,16.17960000000001,CEM_II,20084.76,26.2,20094.78,437,10.020399999999988,19567.48,20094.9084,False,True,12.235844642857144,36.70753392857143,False,Overcapacity,36.70753392857143,0.0,Pause Delivery
2024-12-08,SITE_029,6.13,6.1287999999999965,CEM_III,20094.78,16.77,20105.42,437,10.641200000000005,19567.48,20105.5496,False,True,12.235844642857144,36.70753392857143,False,Overcapacity,36.70753392857143,0.0,Pause Delivery
2024-12-09,SITE_029,10.59,10.588800000000008,CEM_II,20105.42,46.88,20141.71,437,36.2912,19567.48,20141.8408,False,True,12.235844642857144,36.70753392857143,False,Overcapacity,36.70753392857143,0.0,Pause Delivery
2024-12-10,SITE_029,18.32,18.33310000000001,CEM_III,20141.71,39.28,20162.67,437,20.946899999999992,19567.48,20162.7877,False,True,12.235844642857144,36.70753392857143,False,Overcapacity,36.70753392857143,0.0,Pause Delivery
2024-12-11,SITE_029,11.02,11.020299999999988,CEM_II,20162.67,49.21,20200.86,437,38.189700000000016,19567.48,20200.9774,False,True,12.235844642857144,36.70753392857143,False,Overcapacity,36.70753392857143,0.0,Pause Delivery
2024-12-12,SITE_029,8.04,8.037599999999989,CEM_II,20200.86,34.87,20227.69,437,26.832400000000007,19567.48,20227.8098,False,True,12.235844642857144,36.70753392857143,False,Overcapacity,36.70753392857143,0.0,Pause Delivery
2024-12-13,SITE_029,0.0,0.0,CEM_III,20227.69,32.48,20260.17,437,32.48,19567.48,20260.2898,False,True,12.235844642857144,36.70753392857143,False,Overcapacity,36.70753392857143,0.0,Pause Delivery
2024-12-14,SITE_029,19.48,19.47990000000001,CEM_I,20260.17,10.58,20251.27,437,-8.899900000000011,19567.48,20251.3899,False,True,12.235844642857144,36.70753392857143,False,Overcapacity,36.70753392857143,0.0,Pause Delivery
2024-12-15,SITE_029,19.43,19.43250000000002,CEM_III,20251.27,14.13,20245.97,437,-5.302500000000018,19567.48,20246.0874,False,True,12.235844642857144,36.70753392857143,False,Overcapacity,36.70753392857143,0.0,Pause Delivery
2024-12-16,SITE_029,17.92,17.919200000000025,CEM_I,20245.97,32.53,20260.58,437,14.610799999999976,19567.48,20260.6982,False,True,12.235844642857144,36.70753392857143,False,Overcapacity,36.70753392857143,0.0,Pause Delivery
2024-12-17,SITE_029,15.89,15.74470000000002,CEM_II,20260.58,39.97,20284.66,437,24.22529999999998,19567.48,20284.9235,False,True,12.235844642857144,36.70753392857143,False,Overcapacity,36.70753392857143,0.0,Pause Delivery
2024-12-18,SITE_029,13.71,13.70870000000002,CEM_III,20284.66,26.44,20297.39,437,12.73129999999998,19567.48,20297.6548,False,True,12.235844642857144,36.70753392857143,False,Overcapacity,36.70753392857143,0.0,Pause Delivery
2024-12-19,SITE_029,19.61,19.40969999999996,CEM_II,20297.39,18.58,20296.36,437,-0.8296999999999635,19567.48,20296.8251,False,True,12.235844642857144,36.70753392857143,False,Overcapacity,36.70753392857143,0.0,Pause Delivery
2024-12-20,SITE_029,16.87,16.872599999999988,CEM_I,20296.36,27.68,20307.17,437,10.807400000000012,19567.48,20307.6325,False,True,12.235844642857144,36.70753392857143,False,Overcapacity,36.70753392857143,0.0,Pause Delivery
2024-12-21,SITE_029,12.91,12.908400000000007,CEM_II,20307.17,13.93,20308.19,437,1.0215999999999923,19567.48,20308.6541,False,True,12.235844642857144,36.70753392857143,False,Overcapacity,36.70753392857143,0.0,Pause Delivery
2024-12-22,SITE_029,11.94,11.939500000000024,CEM_III,20308.19,17.34,20313.59,437,5.400499999999976,19567.48,20314.0546,False,True,12.235844642857144,36.70753392857143,False,Overcapacity,36.70753392857143,0.0,Pause Delivery
2024-12-23,SITE_029,12.02,12.01889999999999,CEM_I,20313.59,10.55,20312.12,437,-1.468899999999989,19567.48,20312.5857,False,True,12.235844642857144,36.70753392857143,False,Overcapacity,36.70753392857143,0.0,Pause Delivery
2024-12-24,SITE_029,5.6,5.60020000000001,CEM_II,20312.12,40.79,20347.31,437,35.18979999999999,19567.48,20347.7755,False,True,12.235844642857144,36.70753392857143,False,Overcapacity,36.70753392857143,0.0,Pause Delivery
2024-12-25,SITE_029,18.82,18.819699999999983,CEM_I,20347.31,37.21,20365.7,437,18.390300000000018,19567.48,20366.1658,False,True,12.235844642857144,36.70753392857143,False,Overcapacity,36.70753392857143,0.0,Pause Delivery
2024-12-26,SITE_029,12.05,12.051399999999989,CEM_III,20365.7,43.23,20396.88,437,31.17860000000001,19567.48,20397.3444,False,True,12.235844642857144,36.70753392857143,False,Overcapacity,36.70753392857143,0.0,Pause Delivery
2024-12-27,SITE_029,6.11,6.122900000000004,CEM_I,20396.88,45.44,20436.21,437,39.3171,19567.48,20436.6615,False,True,12.235844642857144,36.70753392857143,False,Overcapacity,36.70753392857143,0.0,Pause Delivery
2024-12-28,SITE_029,10.06,10.060099999999974,CEM_II,20436.21,11.9,20438.05,437,1.8399000000000267,19567.48,20438.5014,False,True,12.235844642857144,36.70753392857143,False,Overcapacity,36.70753392857143,0.0,Pause Delivery
2024-12-29,SITE_029,7.92,7.91889999999999,CEM_III,20438.05,26.4,20456.53,437,18.48110000000001,19567.48,20456.9825,False,True,12.235844642857144,36.70753392857143,False,Overcapacity,36.70753392857143,0.0,Pause Delivery
2024-12-30,SITE_029,15.5,13.0204,CEM_II,20456.53,15.09,20456.12,437,2.0695999999999994,19567.48,20459.0521,False,True,12.235844642857144,36.70753392857143,False,Overcapacity,36.70753392857143,0.0,Pause Delivery
2024-12-31,SITE_029,6.85,6.849400000000011,CEM_III,20456.12,22.83,20472.1,437,15.980599999999988,19567.48,20475.0327,False,True,12.235844642857144,36.70753392857143,False,Overcapacity,36.70753392857143,0.0,Pause Delivery
2024-11-06,SITE_030,0.0,0.0,CEM_III,10.02,22.83,32.85,316,22.83,10.02,32.849999999999994,False,False,30.184717857142857,90.55415357142857,True,Low Stock,90.55415357142857,57.7,Place Reorder
2024-11-07,SITE_030,32.13,28.084400000000013,CEM_I,32.85,32.09,32.81,316,4.005599999999991,10.02,36.85559999999999,False,False,30.184717857142857,90.55415357142857,True,Low Stock,90.55415357142857,53.7,Place Reorder
2024-11-08,SITE_030,53.6,37.6441,CEM_III,32.81,35.84,15.05,316,-1.8040999999999985,10.02,35.05149999999999,False,False,30.184717857142857,90.55415357142857,True,Low Stock,90.55415357142857,55.5,Place Reorder
2024-11-09,SITE_030,32.99,31.879599999999986,CEM_II,15.05,39.61,21.67,316,7.730400000000014,10.02,42.78190000000001,False,False,30.184717857142857,90.55415357142857,True,Low Stock,90.55415357142857,47.77,Place Reorder
2024-11-10,SITE_030,50.52,38.7946,CEM_II,21.67,29.66,0.81,316,-9.134600000000002,10.02,33.6473,False,False,30.184717857142857,90.55415357142857,True,Low Stock,90.55415357142857,56.91,Place Reorder
2024-11-11,SITE_030,13.26,41.502,CEM_II,0.81,12.45,0.0,316,-29.052000000000003,10.02,4.595299999999998,False,False,30.184717857142857,90.55415357142857,True,Low Stock,90.55415357142857,85.96,Place Reorder
2024-11-12,SITE_030,23.26,45.5566,CEM_II,0.0,23.26,0.0,316,-22.2966,10.02,-17.701300000000003,True,False,30.184717857142857,90.55415357142857,False,Stockout,90.55415357142857,108.26,Emergency Reorder
2024-11-13,SITE_030,12.73,26.5168,CEM_I,0.0,15.91,3.18,316,-10.6068,10.02,-28.308100000000007,True,False,30.184717857142857,90.55415357142857,False,Stockout,90.55415357142857,118.86,Emergency Reorder
2024-11-14,SITE_030,0.0,0.0,CEM_I,3.18,47.51,50.69,316,47.51,10.02,19.2019,False,False,30.184717857142857,90.55415357142857,True,Low Stock,90.55415357142857,71.35,Place Reorder
2024-11-15,SITE_030,50.17,35.791099999999986,CEM_I,50.69,14.97,15.49,316,-20.821099999999987,10.02,-1.6191999999999886,True,False,30.184717857142857,90.55415357142857,False,Stockout,90.55415357142857,92.17,Emergency Reorder
2024-11-16,SITE_030,36.08,30.55460000000002,CEM_III,15.49,31.16,10.57,316,0.6053999999999817,10.02,-1.013800000000007,True,False,30.184717857142857,90.55415357142857,False,Stockout,90.55415357142857,91.57,Emergency Reorder
2024-11-17,SITE_030,23.79,29.0522,CEM_I,10.57,13.22,0.0,316,-15.832199999999998,10.02,-16.846000000000007,True,False,30.184717857142857,90.55415357142857,False,Stockout,90.55415357142857,107.4,Emergency Reorder
2024-11-18,SITE_030,25.42,32.9856,CEM_I,0.0,25.42,0.0,316,-7.565599999999996,10.02,-24.411600000000004,True,False,30.184717857142857,90.55415357142857,False,Stockout,90.55415357142857,114.97,Emergency Reorder
2024-11-19,SITE_030,0.0,0.0,CEM_II,0.0,39.4,39.4,316,39.4,10.02,14.988399999999997,False,False,30.184717857142857,90.55415357142857,True,Low Stock,90.55415357142857,75.57,Place Reorder
2024-11-20,SITE_030,27.89,25.9312,CEM_III,39.4,28.29,39.8,316,2.3587999999999987,10.02,17.347199999999994,False,False,30.184717857142857,90.55415357142857,True,Low Stock,90.55415357142857,73.21,Place Reorder
2024-11-21,SITE_030,0.0,0.0,CEM_III,39.8,21.19,60.99,316,21.19,10.02,38.5372,False,False,30.184717857142857,90.55415357142857,True,Low Stock,90.55415357142857,52.02,Place Reorder
2024-11-22,SITE_030,0.0,0.0,CEM_I,60.99,21.15,82.14,316,21.15,10.02,59.68719999999999,False,False,30.184717857142857,90.55415357142857,True,Low Stock,90.55415357142857,30.87,Place Reorder
2024-11-23,SITE_030,37.71,31.75009999999999,CEM_I,82.14,38.35,82.78,316,6.599900000000012,10.02,66.28710000000001,False,False,30.184717857142857,90.55415357142857,True,Low Stock,90.55415357142857,24.27,Place Reorder
2024-11-24,SITE_030,39.39,26.95990000000001,CEM_II,82.78,44.49,87.88,316,17.53009999999999,10.02,83.8172,False,False,30.184717857142857,90.55415357142857,True,Low Stock,90.55415357142857,6.74,Place Reorder
2024-11-25,SITE_030,47.11,37.498300000000015,CEM_I,87.88,21.32,62.09,316,-16.178300000000014,10.02,67.63889999999998,False,False,30.184717857142857,90.55415357142857,True,Low Stock,90.55415357142857,22.92,Place Reorder
2024-11-26,SITE_030,42.53,36.97540000000001,CEM_II,62.09,18.75,38.31,316,-18.225400000000008,10.02,49.41349999999997,False,False,30.184717857142857,90.55415357142857,True,Low Stock,90.55415357142857,41.14,Place Reorder
2024-11-27,SITE_030,44.64,33.73520000000001,CEM_III,38.31,49.52,43.19,316,15.78479999999999,10.02,65.19829999999996,False,False,30.184717857142857,90.55415357142857,True,Low Stock,90.55415357142857,25.36,Place Reorder
2024-11-28,SITE_030,43.64,32.97460000000001,CEM_I,43.19,16.83,16.38,316,-16.14460000000001,10.02,49.05369999999995,False,False,30.184717857142857,90.55415357142857,True,Low Stock,90.55415357142857,41.5,Place Reorder
2024-11-29,SITE_030,34.78,35.91049999999999,CEM_II,16.38,18.4,0.0,316,-17.510499999999993,10.02,31.54319999999996,False,False,30.184717857142857,90.55415357142857,True,Low Stock,90.55415357142857,59.01,Place Reorder
2024-11-30,SITE_030,41.05,35.18730000000001,CEM_I,0.0,41.88,0.83,316,6.692699999999995,10.02,38.23589999999996,False,False,30.184717857142857,90.55415357142857,True,Low Stock,90.55415357142857,52.32,Place Reorder
2024-12-01,SITE_030,35.5,30.803099999999983,CEM_III,0.83,37.51,2.84,316,6.706900000000015,10.02,44.94279999999996,False,False,30.184717857142857,90.55415357142857,True,Low Stock,90.55415357142857,45.61,Place Reorder
2024-12-02,SITE_030,22.84,31.013900000000003,CEM_II,2.84,20.0,0.0,316,-11.013900000000003,10.02,33.92889999999997,False,False,30.184717857142857,90.55415357142857,True,Low Stock,90.55415357142857,56.63,Place Reorder
2024-12-03,SITE_030,11.93,26.7631,CEM_III,0.0,11.93,0.0,316,-14.833100000000002,10.02,19.095799999999965,False,False,30.184717857142857,90.55415357142857,True,Low Stock,90.55415357142857,71.46,Place Reorder
2024-12-04,SITE_030,16.31,34.88499999999999,CEM_II,0.0,16.31,0.0,316,-18.574999999999992,10.02,0.5207999999999728,False,False,30.184717857142857,90.55415357142857,True,Low Stock,90.55415357142857,90.03,Place Reorder
2024-12-05,SITE_030,40.77,37.45419999999999,CEM_II,0.0,40.77,0.0,316,3.31580000000001,10.02,3.836599999999983,False,False,30.184717857142857,90.55415357142857,True,Low Stock,90.55415357142857,86.72,Place Reorder
2024-12-06,SITE_030,18.54,42.44049999999999,CEM_III,0.0,18.54,0.0,316,-23.900499999999997,10.02,-20.06390000000001,True,False,30.184717857142857,90.55415357142857,False,Stockout,90.55415357142857,110.62,Emergency Reorder
2024-12-07,SITE_030,9.53,31.6019,CEM_III,0.0,11.91,2.38,316,-19.6919,10.02,-39.75580000000001,True,False,30.184717857142857,90.55415357142857,False,Stockout,90.55415357142857,130.31,Emergency Reorder
2024-12-08,SITE_030,16.43,37.77379999999998,CEM_I,2.38,14.05,0.0,316,-23.72379999999998,10.02,-63.47959999999999,True,False,30.184717857142857,90.55415357142857,False,Stockout,90.55415357142857,154.03,Emergency Reorder
2024-12-09,SITE_030,28.44,34.24269999999999,CEM_II,0.0,28.44,0.0,316,-5.802699999999991,10.02,-69.28229999999998,True,False,30.184717857142857,90.55415357142857,False,Stockout,90.55415357142857,159.84,Emergency Reorder
2024-12-10,SITE_030,36.77,29.5681,CEM_I,0.0,40.21,3.44,316,10.6419,10.02,-58.64039999999999,True,False,30.184717857142857,90.55415357142857,False,Stockout,90.55415357142857,149.19,Emergency Reorder
2024-12-11,SITE_030,25.98,42.57220000000003,CEM_II,3.44,22.54,0.0,316,-20.03220000000003,10.02,-78.67260000000002,True,False,30.184717857142857,90.55415357142857,False,Stockout,90.55415357142857,169.23,Emergency Reorder
2024-12-12,SITE_030,17.12,37.320600000000006,CEM_I,0.0,17.12,0.0,316,-20.200600000000005,10.02,-98.87320000000004,True,False,30.184717857142857,90.55415357142857,False,Stockout,90.55415357142857,189.43,Emergency Reorder
2024-12-13,SITE_030,39.19,37.2085,CEM_I,0.0,39.19,0.0,316,1.981499999999997,10.02,-96.89170000000004,True,False,30.184717857142857,90.55415357142857,False,Stockout,90.55415357142857,187.45,Emergency Reorder
2024-12-14,SITE_030,14.38,37.50090000000001,CEM_I,0.0,14.38,0.0,316,-23.12090000000001,10.02,-120.01260000000003,True,False,30.184717857142857,90.55415357142857,False,Stockout,90.55415357142857,210.57,Emergency Reorder
2024-12-15,SITE_030,10.5,31.009700000000016,CEM_I,0.0,10.5,0.0,316,-20.509700000000016,10.02,-140.52230000000003,True,False,30.184717857142857,90.55415357142857,False,Stockout,90.55415357142857,231.08,Emergency Reorder
2024-12-16,SITE_030,28.05,38.86479999999999,CEM_III,0.0,28.05,0.0,316,-10.814799999999988,10.02,-151.33710000000002,True,False,30.184717857142857,90.55415357142857,False,Stockout,90.55415357142857,241.89,Emergency Reorder
2024-12-17,SITE_030,31.02,27.10420000000001,CEM_II,0.0,40.75,9.73,316,13.64579999999999,10.02,-137.69130000000004,True,False,30.184717857142857,90.55415357142857,False,Stockout,90.55415357142857,228.25,Emergency Reorder
2024-12-18,SITE_030,33.01,34.137100000000004,CEM_II,9.73,23.28,0.0,316,-10.857100000000004,10.02,-148.54840000000004,True,False,30.184717857142857,90.55415357142857,False,Stockout,90.55415357142857,239.1,Emergency Reorder
2024-12-19,SITE_030,0.0,0.0,CEM_II,0.0,34.35,34.35,316,34.35,10.02,-114.19840000000003,True,False,30.184717857142857,90.55415357142857,False,Stockout,90.55415357142857,204.75,Emergency Reorder
2024-12-20,SITE_030,35.44,32.1261,CEM_III,34.35,18.56,17.47,316,-13.566100000000002,10.02,-127.76450000000004,True,False,30.184717857142857,90.55415357142857,False,Stockout,90.55415357142857,218.32,Emergency Reorder
2024-12-21,SITE_030,37.54,32.6962,CEM_I,17.47,39.19,19.12,316,6.4938,10.02,-121.27070000000003,True,False,30.184717857142857,90.55415357142857,False,Stockout,90.55415357142857,211.82,Emergency Reorder
2024-12-22,SITE_030,33.49,34.69639999999998,CEM_III,19.12,14.37,0.0,316,-20.326399999999985,10.02,-141.5971,True,False,30.184717857142857,90.55415357142857,False,Stockout,90.55415357142857,232.15,Emergency Reorder
2024-12-23,SITE_030,0.0,0.0,CEM_II,0.0,30.83,30.83,316,30.83,10.02,-110.76710000000004,True,False,30.184717857142857,90.55415357142857,False,Stockout,90.55415357142857,201.32,Emergency Reorder
2024-12-24,SITE_030,49.37,31.4043,CEM_II,30.83,36.56,18.02,316,5.155700000000003,10.02,-105.61140000000005,True,False,30.184717857142857,90.55415357142857,False,Stockout,90.55415357142857,196.17,Emergency Reorder
2024-12-25,SITE_030,45.39,35.218599999999995,CEM_II,18.02,39.26,11.89,316,4.041400000000003,10.02,-101.57000000000004,True,False,30.184717857142857,90.55415357142857,False,Stockout,90.55415357142857,192.12,Emergency Reorder
2024-12-26,SITE_030,22.56,33.62220000000001,CEM_I,11.89,10.67,0.0,316,-22.952200000000005,10.02,-124.52220000000004,True,False,30.184717857142857,90.55415357142857,False,Stockout,90.55415357142857,215.08,Emergency Reorder
2024-12-27,SITE_030,29.63,42.25889999999998,CEM_III,0.0,29.63,0.0,316,-12.628899999999984,10.02,-137.1511,True,False,30.184717857142857,90.55415357142857,False,Stockout,90.55415357142857,227.71,Emergency Reorder
2024-12-28,SITE_030,22.35,32.749599999999994,CEM_I,0.0,22.35,0.0,316,-10.399599999999992,10.02,-147.5507,True,False,30.184717857142857,90.55415357142857,False,Stockout,90.55415357142857,238.1,Emergency Reorder
2024-12-29,SITE_030,14.21,41.96820000000003,CEM_III,0.0,14.21,0.0,316,-27.75820000000003,10.02,-175.30890000000002,True,False,30.184717857142857,90.55415357142857,False,Stockout,90.55415357142857,265.86,Emergency Reorder
2024-12-30,SITE_030,10.65,37.73519999999999,CEM_II,0.0,10.65,0.0,316,-27.085199999999997,10.02,-202.3941,True,False,30.184717857142857,90.55415357142857,False,Stockout,90.55415357142857,292.95,Emergency Reorder
2024-12-31,SITE_030,16.74,38.32009999999999,CEM_I,0.0,16.74,0.0,316,-21.58009999999999,10.02,-223.9742,True,False,30.184717857142857,90.55415357142857,False,Stockout,90.55415357142857,314.53,Emergency Reorder
